Sigle,Autor,Titel,Frank
? Goethe - Amor,"""Goethe, Johann Wolfgang von""",Amor,4.10
Abel - Fluch eines Eifersüchtigen,"""Abel, Jakob Friedrich""",Fluch eines Eifersüchtigen,4.85
Abraham a Sancta Clara - Hier sind wir arme Narren,Abraham a Sancta Clara,Hier sind wir arme Narren,4.17
"Abschatz - Abschied, ach du herbes Wort","""Abschatz, Hans Assmann von""","Abschied, ach du herbes Wort",6.23
Abschatz - Amaranthens braune Wangen,"""Abschatz, Hans Assmann von""",Amaranthens braune Wangen,6.29
Abschatz - Auf ihren Namens-Tag 2,"""Abschatz, Hans Assmann von""",Auf ihren Namens-Tag 2,6.51
Abschatz - Cartell auf ein Piquet-Spiel,"""Abschatz, Hans Assmann von""",Cartell auf ein Piquet-Spiel,8.27
Abschatz - Der bestohlne Cupido,"""Abschatz, Hans Assmann von""",Der bestohlne Cupido,4.113
Abschatz - Der Einsame und Verliebte,"""Abschatz, Hans Assmann von""",Der Einsame und Verliebte,4.107
Abschatz - Der Verliebte und Betrübte,"""Abschatz, Hans Assmann von""",Der Verliebte und Betrübte,4.107
Abschatz - Die kranke Phillis,"""Abschatz, Hans Assmann von""",Die kranke Phillis,4.117
Abschatz - Die Kuß-Scheue,"""Abschatz, Hans Assmann von""",Die Kuß-Scheue,4.20
Abschatz - Die lange Nacht 1,"""Abschatz, Hans Assmann von""",Die lange Nacht 1,4.118
"Abschatz - Die lange Nacht 2 (Mein Bette, glaub ich, ist mit Disteln überstreuet)","""Abschatz, Hans Assmann von""","Die lange Nacht 2 (Mein Bette, glaub ich, ist mit Disteln überstreuet)",6.51
Abschatz - Die sieben Wochen,"""Abschatz, Hans Assmann von""",Die sieben Wochen,6.22
Abschatz - Die weiße Fillis,"""Abschatz, Hans Assmann von""",Die weiße Fillis,6.27
Abschatz - Die wettstreitende Doris,"""Abschatz, Hans Assmann von""",Die wettstreitende Doris,6.37
Abschatz - Herr / die Stund ist angebrochen,"""Abschatz, Hans Assmann von""",Herr / die Stund ist angebrochen,6.27
Abschatz - Hoffnung gleichet einem Wilde,"""Abschatz, Hans Assmann von""",Hoffnung gleichet einem Wilde,8.26
Abschatz - Ich lege dir mein Haupt zu deinen Füßen,"""Abschatz, Hans Assmann von""",Ich lege dir mein Haupt zu deinen Füßen,4.108
Abschatz - Käyserliche Nahmens-Feyer,"""Abschatz, Hans Assmann von""",Käyserliche Nahmens-Feyer,6.23
Abschatz - Liebe und Gegenliebe,"""Abschatz, Hans Assmann von""",Liebe und Gegenliebe,4.49
Abschatz - Mein allein / oder laß es gar seyn,"""Abschatz, Hans Assmann von""",Mein allein / oder laß es gar seyn,4.106
Abschatz - Soll Celadon die stille Glutt,"""Abschatz, Hans Assmann von""",Soll Celadon die stille Glutt,6.34
Abschatz - Verträglich und gedultig,"""Abschatz, Hans Assmann von""",Verträglich und gedultig,4.118
Abschatz - Wer will hinfort beständig bleiben,"""Abschatz, Hans Assmann von""",Wer will hinfort beständig bleiben,6.39
Abschatz - Wie lange soll mich kräncken,"""Abschatz, Hans Assmann von""",Wie lange soll mich kräncken,6.7
"Adersbach - Vater, des die Langmut ist","""Adersbach, Andreas""","Vater, des die Langmut ist",6.13
"Adolf - O Mynsche, wil gedenken","""Adolf, Christian""","O Mynsche, wil gedenken",7.2
"Agricola - Hilf mir, Herr, in der letzten Not","""Agricola, Johann""","Hilf mir, Herr, in der letzten Not",8.30
Agricola - O Vater aller Frommen,"""Agricola, Johann""",O Vater aller Frommen,7.2
Albert - Bei seligem Abschied Anna Katharinen [...],"""Albert, Heinrich""",Bei seligem Abschied Anna Katharinen [...],6.7
Albert - Cynthia mein Leben,"""Albert, Heinrich""",Cynthia mein Leben,10.1
Albert - Einen guten Kampf hab ich,"""Albert, Heinrich""",Einen guten Kampf hab ich,8.13
Albert - Gott des Himmels und der Erden,"""Albert, Heinrich""",Gott des Himmels und der Erden,6.27
Albert - O du Göttin dieser Erden,"""Albert, Heinrich""",O du Göttin dieser Erden,6.25
"Albert - O Weh, o Herzeleid","""Albert, Heinrich""","O Weh, o Herzeleid",6.4
Alberus - Als Marie zu Elisabeth kam,"""Alberus, Erasmus""",Als Marie zu Elisabeth kam,4.99
Alberus - Dein Heiligkeit verfluchet ist,"""Alberus, Erasmus""",Dein Heiligkeit verfluchet ist,2.5
"Alberus - Gelobet sei der Herr, der Gott","""Alberus, Erasmus""","Gelobet sei der Herr, der Gott",8.30
"Alberus - Ihr lieben Christen, freut euch nun","""Alberus, Erasmus""","Ihr lieben Christen, freut euch nun",4.58
"Alberus - Mein lieber Herr, ich preise dich","""Alberus, Erasmus""","Mein lieber Herr, ich preise dich",8.30
"Albinus, J. G. - Straf mich nicht in deinem Zorn","""Albinus, Johann Georg""",Straf mich nicht in deinem Zorn,4.31
"Albinus, J.G. - Der Tag ist nun vergangen","""Albinus, Johann Georg""",Der Tag ist nun vergangen,6.9
"Albinus, M. - Auf, du mein Geist, mein Sinnenlicht","""Albinus, Michael""","Auf, du mein Geist, mein Sinnenlicht",10.4
"Albinus, M. - Auf, lasset uns dem Herren","""Albinus, Michael""","Auf, lasset uns dem Herren",2.10
"Albinus, M. - Freudenlied und Danksagung","""Albinus, Michael""",Freudenlied und Danksagung,4.83
"Albinus, M. - Frohlocket mit Händen, ihr Völker der Erden","""Albinus, Michael""","Frohlocket mit Händen, ihr Völker der Erden",4.70
"Albinus, M. - Jesu, Liebster meiner Seelen","""Albinus, Michael""","Jesu, Liebster meiner Seelen",6.25
Albrecht - Morgenlied,"""Albrecht, Sophie""",Morgenlied,6.29
"Algerman - Ewiger Herr, Gott Zebaoth","""Algerman, Franciscus""","Ewiger Herr, Gott Zebaoth",13.1
Allmers - Am Strande,"""Allmers, Hermann""",Am Strande,4.105
Allmers - An mein altes Plaid,"""Allmers, Hermann""",An mein altes Plaid,2.9
Allmers - Ave Maria im Gebirge,"""Allmers, Hermann""",Ave Maria im Gebirge,4.105
Allmers - Der Wildschütz und sein Lieb,"""Allmers, Hermann""",Der Wildschütz und sein Lieb,6.19
Allmers - Die Mutter Gottes zu Mulsum,"""Allmers, Hermann""",Die Mutter Gottes zu Mulsum,4.36
Allmers - Einem treuen Knechte,"""Allmers, Hermann""",Einem treuen Knechte,4.67
Allmers - Feldeinsamkeit,"""Allmers, Hermann""",Feldeinsamkeit,4.103
Allmers - In den Trümmern der,"""Allmers, Hermann""",In den Trümmern der,4.49
Allmers - Morgensternlied,"""Allmers, Hermann""",Morgensternlied,6.15
Allmers - Nachtsegen,"""Allmers, Hermann""",Nachtsegen,4.49
Allmers - Nachtstück,"""Allmers, Hermann""",Nachtstück,6.18
Allmers - Vom Beten 3,"""Allmers, Hermann""",Vom Beten 3,4.106
Anacker - Der siebente März 1936,"""Anacker, Heinrich""",Der siebente März 1936,5.16
Anacker - Gegen Versailles,"""Anacker, Heinrich""",Gegen Versailles,4.37
Anacker - Jahrtausendbauten,"""Anacker, Heinrich""",Jahrtausendbauten,5.16
Anacker - Jungvolk des Dritten Reiches,"""Anacker, Heinrich""",Jungvolk des Dritten Reiches,4.106
Andrae - De Naam,"""Andrae, Oswald""",De Naam,4.36
"Andreä - Ach mein Vater, Schöpfer und Herre","""Andreä, Johann Valentin""","Ach mein Vater, Schöpfer und Herre",4.67
"Andreä - Christ, mein Gott, erhör mein Flehen","""Andreä, Johann Valentin""","Christ, mein Gott, erhör mein Flehen",8.25
Andres - Beata tranquillitas,"""Andres, Stefan""",Beata tranquillitas,5.15
Andres - Das Herz,"""Andres, Stefan""",Das Herz,2.9
Andres - Die Geburt,"""Andres, Stefan""",Die Geburt,5.16
Andres - Nun schließt die Tür,"""Andres, Stefan""",Nun schließt die Tür,4.105
Andres - Stumm treibt die Erde,"""Andres, Stefan""",Stumm treibt die Erde,5.12
Anon - Aber will ich singen / Und singen ein neu Gedicht / Von Raumensattel Dingen,Anon,Aber will ich singen / Und singen ein neu Gedicht / Von Raumensattel Dingen,8.7
Anon - Abschied muß ich nehmen hier,Anon,Abschied muß ich nehmen hier,4.31
"Anon - Abt Kaspar von sant Gallen, / gebornim Turbental",Anon,"Abt Kaspar von sant Gallen, / gebornim Turbental",7.3
Anon - Ach durch Gott vernehmt die Klag,Anon,Ach durch Gott vernehmt die Klag,5.6
Anon - Ach Gott in deinem höchsten Thron,Anon,Ach Gott in deinem höchsten Thron,5.6
"Anon - Ach Gott und Herr, / wie groß und schwer",Anon,"Ach Gott und Herr, / wie groß und schwer",6.2
Anon - Ach Gott vom Himmel schau,Anon,Ach Gott vom Himmel schau darein (Ein neu Lied von Martin Luther dem treulosen Augustinermönch),7.7
"Anon - Ach Gott, wem soll ich klagen",Anon,"Ach Gott, wem soll ich klagen",8.7
"Anon - Ach Gott, wem soll ichs klagen",Anon,"Ach Gott, wem soll ichs klagen",9.1
"Anon - Ach Karle, großmächtigster Mann",Anon,"Ach Karle, großmächtigster Mann",5.6
"Anon - Ach schönster Schatz, mein Augentrost",Anon,"Ach schönster Schatz, mein Augentrost",5.4
"Anon - Ach sie naht, die bange Stunde",Anon,"Ach sie naht, die bange Stunde",4.49
Anon - Ach was hilft ein Blümelein,Anon,Ach was hilft ein Blümelein,4.42
"Anon - Ach, es ist betrübt zu lesen",Anon,"Ach, es ist betrübt zu lesen",8.27
"Anon - Ade, jetzt muß ich scheiden",Anon,"Ade, jetzt muß ich scheiden",8.5
"Anon - Albert, Graf von Nürnberg, spricht",Anon,"Albert, Graf von Nürnberg, spricht",2.4
Anon - Alle Leute sollens wissen,Anon,Alle Leute sollens wissen,4.51
Anon - Alle meine Entchen,Anon,Alle meine Entchen,4.13
Anon - Als Freunde lernten wir uns kennen,Anon,Als Freunde lernten wir uns kennen,6.38
Anon - Als ich an einem Sommertag,Anon,Als ich an einem Sommertag,4.58
Anon - Als ich gen Antiocha kam,Anon,Als ich gen Antiocha kam,5.6
Anon - Als Jüngling schlug mir hoch die Brust / Von Kriegeslust und Kriegesfeuer,Anon,Als Jüngling schlug mir hoch die Brust / Von Kriegeslust und Kriegesfeuer,6.36
Anon - An einem Montag es geschah,Anon,An einem Montag es geschah,5.6
Anon - An einem Sonntag es geschah,Anon,An einem Sonntag es geschah,5.6
Anon - An jenem Tag / nach Davids Sieg,Anon,An jenem Tag / nach Davids Sieg,6.2
Anon - Auf dieser Welt hab ich keine Freud,Anon,Auf dieser Welt hab ich keine Freud,4.58
Anon - Auf einem Dienstag es geschah,Anon,Auf einem Dienstag es geschah,5.6
Anon - Auf einem schönen grünen Rasen,Anon,Auf einem schönen grünen Rasen,"6.30,6.40"
Anon - Auf meinen lieben Gott,Anon,Auf meinen lieben Gott,6.5
"Anon - Auf, Brüder, laßt uns lustig sein",Anon,"Auf, Brüder, laßt uns lustig sein",8.14
Anon - Aus hartem Weh klagt sich ein Held,Anon,Aus hartem Weh klagt sich ein Held,8.15
"Anon - Ave Maria klare, / du lichter Morgenstern",Anon,"Ave Maria klare, / du lichter Morgenstern",7.1
"Anon - Ave meres sterne, / mueter gotes wortte",Anon,"Ave meres sterne, / mueter gotes wortte",4.15
"Anon - Bald gras ich am Neckar, / Bald gras ich am Rhein",Anon,"Bald gras ich am Neckar, / Bald gras ich am Rhein",4.5
Anon - Barmherziger Herr Jesu Christ,Anon,Barmherziger Herr Jesu Christ,"3.4,3.4aaa"
Anon - Beschreibung des dreifachen Mordes [...] 1847 im Dorfe Östergasse (Was drängen die Menschen sich dort um das Haus),Anon,Beschreibung des dreifachen Mordes [...] 1847 im Dorfe Östergasse (Was drängen die Menschen sich dort um das Haus),5.5
"Anon - Bis gegrüßt, du Meerstern",Anon,"Bis gegrüßt, du Meerstern",4.15
Anon - Buhler muß sich leiden viel,Anon,Buhler muß sich leiden viel,8.15
Anon - Christus der ist mein Leben,Anon,Christus der ist mein Leben,4.20
Anon - Da drunten auf der Wiesen / Da ist ein kleiner Platz,Anon,Da drunten auf der Wiesen / Da ist ein kleiner Platz,4.20
Anon - Da Jesus in den Garten ging,Anon,Da Jesus in den Garten ging,4.58
Anon - Das buckliche Männlein,Anon,Das buckliche Männlein,4.31
"Anon - Das clagede ein reyne, zelich wijf",Anon,"Das clagede ein reyne, zelich wijf",8.31
Anon - Das Lagerfeuer hellt die Nacht,Anon,Das Lagerfeuer hellt die Nacht,4.58
"Anon - Das Lied von der Verurteilung und Begnadigung des württembergischen Leutnants Koseritz (Hört Leute, ihr vom Schwabenland)",Anon,"Das Lied von der Verurteilung und Begnadigung des württembergischen Leutnants Koseritz (Hört Leute, ihr vom Schwabenland)",6.15
Anon - Das walte Gott in seinem Thron,Anon,Das walte Gott in seinem Thron,2.5
Anon - De Kukuk up den Tune satt,Anon,De Kukuk up den Tune satt,2.5
Anon - Den lieben langen Tag / Führ ich ein stete Klag,Anon,Den lieben langen Tag / Führ ich ein stete Klag,6.5
"Anon - Der bestrafte Frevler (Munter, lustig und verwegen)",Anon,"Der bestrafte Frevler (Munter, lustig und verwegen)",6.27
Anon - Der Kinderraub oder Bruderrache und Mutterschmerz (Durch eines Bruders wilde Rache),Anon,Der Kinderraub oder Bruderrache und Mutterschmerz (Durch eines Bruders wilde Rache),6.38
Anon - Der Mond der steht am höchsten,Anon,Der Mond der steht am höchsten,7.1
Anon - Der Pfalzgraf hieß da ziehen baß,Anon,Der Pfalzgraf hieß da ziehen baß,8.15
Anon - Der Sommer und der Sonnenschein,Anon,Der Sommer und der Sonnenschein,5.6
"Anon - Der süße Schlaf, der sonst",Anon,"Der süße Schlaf, der sonst",3.6
Anon - Der Tag der ist so freudenreich,Anon,Der Tag der ist so freudenreich,10.3
"Anon - Der Tod der drei ungarischen Drahtbinder [...] 1862 im Krug zu Rixdorf (Nun hört, was Schreckliches sich hat begeben)",Anon,"Der Tod der drei ungarischen Drahtbinder [...] 1862 im Krug zu Rixdorf (Nun hört, was Schreckliches sich hat begeben)",4.106
Anon - Der Unfall reit mich,Anon,Der Unfall reit mich,10.2
Anon - Der Wald hat sich belaubet,Anon,Der Wald hat sich belaubet,7.3
"Anon - Derjenig Tag, des Zorns ein Tag",Anon,"Derjenig Tag, des Zorns ein Tag","3.4,3.4aaa"
Anon - Des Bergmanns Leiche zu Falun (Wißt ihr von des Bergmanns Leiche),Anon,Des Bergmanns Leiche zu Falun (Wißt ihr von des Bergmanns Leiche),8.26
Anon - Di ediln von dem Rine,Anon,Di ediln von dem Rine,6.11
"Anon - Die Biene kam geflogen, macht in der Lind ihr Nest",Anon,"Die Biene kam geflogen, macht in der Lind ihr Nest",2.14
"Anon - Die höchste Freud, die ich gewann",Anon,"Die höchste Freud, die ich gewann",7.7
"Anon - Die höchste Freud, die ich gewann",Anon,"Die höchste Freud, die ich gewann",7.7
Anon - Die muoter stund vol leid und,Anon,Die muoter stund vol leid und schmertzen,6.30
Anon - Die niderlenschen herren / die zugent ins oberland,Anon,Die niderlenschen herren / die zugent ins oberland,7.1
Anon - Die Röslein sind zu brechen Zeit,Anon,Die Röslein sind zu brechen Zeit,4.34
Anon - Die Schwizer sind uszogen,Anon,Die Schwizer sind uszogen,4.34
Anon - Die so wellen minne,Anon,Die so wellen minne,4.20
Anon - Die Sonn mit klarem Scheine,Anon,Die Sonn mit klarem Scheine,9.1
"Anon - Die Sonn, die ist verblichen",Anon,"Die Sonn, die ist verblichen",9.1
Anon - Die ungleichen Brüder (Es wollt ein Mann in seine Heimat reisen),Anon,Die ungleichen Brüder (Es wollt ein Mann in seine Heimat reisen),4.106
Anon - Die Wasserrüben und der Kohl,Anon,Die Wasserrüben und der Kohl,4.58
Anon - Die Zeit ist nu gar freudenreich,Anon,Die Zeit ist nu gar freudenreich,10.3
Anon - Dort unten an dem Rheine,Anon,Dort unten an dem Rheine,6.10
Anon - Du guter Fürst und des schimmernden Lichts B'schaffer,Anon,Du guter Fürst und des schimmernden Lichts B'schaffer,4.113
"Anon - Du hast uns, lieber Herr, all heißen beten (Vaterunser)",Anon,"Du hast uns, lieber Herr, all heißen beten (Vaterunser)",3.8
"Anon - Dunkel wars, der Mond schien",Anon,"Dunkel wars, der Mond schien",4.49
Anon - Dunkle Nacht im finstern Schleier,Anon,Dunkle Nacht im finstern Schleier,4.49
"Anon - Eia, popeia, was raschelt im",Anon,"Eia, popeia, was raschelt im",4.44
"Anon - Ein Blumen [Blümlein] auf der Heide(n), / Es mag wohl Jesus sein",Anon,"Ein Blumen [Blümlein] auf der Heide(n), / Es mag wohl Jesus sein",9.1
Anon - Ein Kind geboren ze Bethlehem,Anon,Ein Kind geboren ze Bethlehem,2.5
Anon - Ein Kindelein so löbelich,Anon,Ein Kindelein so löbelich / Ist uns geboren heute,10.3
Anon - Ein kindlein ist geboren / Von einer reinen mait,Anon,Ein kindlein ist geboren / Von einer reinen mait,8.7
Anon - Ein Knab auf schnellem Roß,Anon,Ein Knab auf schnellem Roß,4.16
Anon - Ein Liebesdrama aus Eifersucht (Der Schneider Holzmann lebt zufrieden),Anon,Ein Liebesdrama aus Eifersucht (Der Schneider Holzmann lebt zufrieden),6.38
Anon - Ein Liedlein will ich singen,Anon,Ein Liedlein will ich singen,9.1
Anon - Ein Magd ist weiß und schone ('Hallorenlied'),Anon,Ein Magd ist weiß und schone ('Hallorenlied'),7.2
Anon - Ein nüwes liedlein heb ich an,Anon,Ein nüwes liedlein heb ich an,6.19
Anon - Ein Schäfersmädchen saß im Grünen,Anon,Ein Schäfersmädchen saß im Grünen,4.69
Anon - Ein Sträußlein wollt ich,Anon,Ein Sträußlein wollt ich,4.20
Anon - Ein warnend Beispiel will ich singen,Anon,Ein warnend Beispiel will ich singen,8.37
Anon - Ein Ziegler zu Bar ein burger was,Anon,Ein Ziegler zu Bar ein burger was,7.7
Anon - Eine alte Burg mit Mauern steht,Anon,Eine alte Burg mit Mauern steht,6.14
Anon - Eine grausame Stiefmutter oder,Anon,Eine grausame Stiefmutter oder Gott ist gerecht,4.34
Anon - Einmal in einem tiefen Tal,Anon,Einmal in einem tiefen Tal,6.19
Anon - Einmal tät ich (Ich ging einmal) spazieren / Sonderbar allein,Anon,Einmal tät ich (Ich ging einmal) spazieren / Sonderbar allein,8.6
"Anon - Einstens, da ich Lust bekam, / Mir zu freien eine Dam (Des guten Kerls Freierei)",Anon,"Einstens, da ich Lust bekam, / Mir zu freien eine Dam (Des guten Kerls Freierei)",6.17
Anon - Entlaubet ist der Walde / Gen diesem Winter kalt,Anon,Entlaubet ist der Walde / Gen diesem Winter kalt,8.7
Anon - Er kam wie Mars in einer Wolke,Anon,Er kam wie Mars in einer Wolke,6.40
Anon - Er mochte es nicht länger tragen,Anon,Er mochte es nicht länger tragen,4.67
Anon - Errungen ist der erste Sieg,Anon,Errungen ist der erste Sieg,6.33
Anon - Erstanden ist der heilig Christ,Anon,Erstanden ist der heilig Christ,2.5
"Anon - Erwählter Gottes, Märtyr und auch würdig (Georgshymnus)",Anon,"Erwählter Gottes, Märtyr und auch würdig (Georgshymnus)",3.8
Anon - Es blies ein Jäger wohl in sein Horn,Anon,Es blies ein Jäger wohl in sein Horn,2.5
Anon - Es flohen drei Sterne wohl über den Rhein,Anon,Es flohen drei Sterne wohl über den Rhein,6.33
Anon - Es fuhr ein Mägdlein übern See,Anon,Es fuhr ein Mägdlein übern See,4.39
Anon - Es geht ein frischer Sommer daher,Anon,Es geht ein frischer Sommer daher,5.6
Anon - Es giengen trew frewlach also fru,Anon,Es giengen trew frewlach also fru,4.39
Anon - Es ging ein Mägdlein über den Rhein,Anon,Es ging ein Mägdlein über den Steg,5.6
Anon - Es ging ein Mägdlein zarte / Früh in der Morgenstund,Anon,Es ging ein Mägdlein zarte / Früh in der Morgenstund,7.3
Anon - Es ging ein Müller übers Feld,Anon,Es ging ein Müller übers Feld,3.2
Anon - Es gingen drei Gespielen aus,Anon,Es gingen drei Gespielen aus,4.39
Anon - Es hat e Buur es Töchterli,Anon,Es hat e Buur es Töchterli,4.58
Anon - Es ist ein kindelin geborn,Anon,Es ist ein kindelin geborn,4.28
Anon - Es ist ein Ros entsprungen,Anon,Es ist ein Ros entsprungen,7.1
Anon - Es ist ein Schnee gefallen,Anon,Es ist ein Schnee gefallen,4.20
Anon - Es ist nichts Lustgers auf der Welt,Anon,Es ist nichts Lustgers auf der Welt,8.14
"Anon - Es ist nit lang, daß es geschach (Lied vom Räuber Lindenschmidt)",Anon,"Es ist nit lang, daß es geschach (Lied vom Räuber Lindenschmidt)",5.6
Anon - Es kummt noch wohl ein gute Zeit,Anon,Es kummt noch wohl ein gute Zeit,5.6
Anon - Es leuchten drei Sterne am,Anon,Es leuchten drei Sterne am,4.21
Anon - Es liegt ein Schloß in Österreich / Das ist so wohl erbauet,Anon,Es liegt ein Schloß in Österreich / Das ist so wohl erbauet,"4.36,4.36x"
Anon - Es ritt der Herr von Falkenstein / Wohl über ein breite Heide,Anon,Es ritt der Herr von Falkenstein / Wohl über ein breite Heide,4.36
Anon - Es ritt einst Ulrich,Anon,Es ritt einst Ulrich,4.58
Anon - Es ritten drei Reiter wohl über den Rhein,Anon,Es ritten drei Reiter wohl über den Rhein,2.6
Anon - Es stand ein Lind im tiefen Tal,Anon,Es stand ein Lind im tiefen Tal,2.5
Anon - Es steht ein Lind in jenem Tal,Anon,Es steht ein Lind in jenem Tal,4.58
Anon - Es steht ein Wirtshaus an der Lahn,Anon,Es steht ein Wirtshaus an der Lahn,5.6
Anon - Es war ein Markgraf an [über] dem Rhein,Anon,Es war ein Markgraf an [über] dem Rhein,"2.5,6.33"
Anon - Es war eine reiche Jüdin,Anon,Es war eine reiche Jüdin,5.2
Anon - Es war einmal ein braver Husar,Anon,Es war einmal ein braver Husar,4.58
Anon - Es war einmal ein junger Knab,Anon,Es war einmal ein junger Knab,4.58
Anon - Es war einmal ein schnöder Mann,Anon,Es war einmal ein schnöder Mann,6.19
Anon - Es waren drei Soldaten,Anon,Es waren drei Soldaten,5.2
Anon - Es waren drei Soldatensöhn,Anon,Es waren drei Soldatensöhn,6.19
Anon - Es waren zwei Königskinder,Anon,Es waren zwei Königskinder,4.21
Anon - Es warn einmal zwei Bauernsöhn,Anon,Es warn einmal zwei Bauernsöhn,3.2
Anon - Es wirbt ein junger Grafensohn / Ums König seine Tochter,Anon,Es wirbt ein junger Grafensohn / Ums König seine Tochter,4.36
"Anon - Es wohnet Lieb bei Liebe, / Darzu groß Herzeleid",Anon,"Es wohnet Lieb bei Liebe, / Darzu groß Herzeleid",7.3
Anon - Es wohnt ein Pfalzgraf an dem,Anon,Es wohnt ein Pfalzgraf an dem,4.58
Anon - Es wollt ein Jäger jagen,Anon,Es wollt ein Jäger jagen,4.20
Anon - Es wollt ein Sünder reisen,Anon,Es wollt ein Sünder reisen,4.20
Anon - Es wollt[e] ein Mägdlein früh aufstehn,Anon,Es wollt[e] ein Mägdlein früh aufstehn,"2.5,4.58"
Anon - Es zog ein Wandersmann so still einher,Anon,Es zog ein Wandersmann so still einher,4.99
Anon - Et wassen twe Künigeskinner,Anon,Et wassen twe Künigeskinner,4.21
Anon - Fern in Deutschlands Kolonien,Anon,Fern in Deutschlands Kolonien,4.49
Anon - Folgen der rasenden Liebe (Hört mich mit gerührtem Herzen),Anon,Folgen der rasenden Liebe (Hört mich mit gerührtem Herzen),8.26
"Anon - Freu dich, du Himmelskönigin",Anon,"Freu dich, du Himmelskönigin",2.5
"Anon - Freut euch, ihr Christen alle",Anon,"Freut euch, ihr Christen alle",2.2
Anon - Frevler im Gotteshaus (Als der Herr den Mensch erschaffen),Anon,Frevler im Gotteshaus (Als der Herr den Mensch erschaffen),8.26
"Anon - Frisch auf in Gottes Namen, / Du werte deutsche Nation",Anon,"Frisch auf in Gottes Namen, / Du werte deutsche Nation",9.1
Anon - Frisch frolich wille wi singen,Anon,Frisch frolich wille wi singen,5.2
"Anon - Frohen Muts, bei günstgem Winde",Anon,"Frohen Muts, bei günstgem Winde",8.27
Anon - Frolich so wil ich singen / Ich hoff mir soll gelingen,Anon,Frolich so wil ich singen / Ich hoff mir soll gelingen,6.9
Anon - Fürsich dich auf den jüngsten Tag,Anon,Fürsich dich auf den jüngsten Tag,10.2
"Anon - Fürwitz, der Kramer hat viel War",Anon,"Fürwitz, der Kramer hat viel War",8.15
Anon - Gar hoch auf jenem Berg allein,Anon,Gar hoch auf jenem Berg allein,4.39
"Anon - Gegrüezet sistu, kunigin / der himel und der erden",Anon,"Gegrüezet sistu, kunigin / der himel und der erden",8.15
Anon - Gegrüsset siest du ane we / der dryer hande sere,Anon,Gegrüsset siest du ane we / der dryer hande sere,8.15
Anon - Gelassen hat eyn sustergen,Anon,Gelassen hat eyn sustergen,6.33
"Anon - Gloria, Lob und große Ehr sei dir",Anon,"Gloria, Lob und große Ehr sei dir",2.15
Anon - Got vater in der ewigkeit / Gelobt sigist in der gotheit,Anon,Got vater in der ewigkeit / Gelobt sigist in der gotheit,14.1
"Anon - Gott Vater, Sohn und heilger Geist",Anon,"Gott Vater, Sohn und heilger Geist",9.1
"Anon - Graf Berthold von Sulchen, der fromme Mann",Anon,"Graf Berthold von Sulchen, der fromme Mann",4.63
Anon - Granaten und du Flinte hier,Anon,Granaten und du Flinte hier,8.14
Anon - Groß Freud zwingt mich zu singen,Anon,Groß Freud zwingt mich zu singen,9.1
Anon - Groß gnad ist uff gestanden,Anon,Groß gnad ist uff gestanden,8.7
"Anon - Guckkastenlied (Seht, das ist der große Hecker)",Anon,"Guckkastenlied (Seht, das ist der große Hecker)",8.27
Anon - Gut Ritter der reit durch das Ried,Anon,Gut Ritter der reit durch das Ried,4.39
"Anon - Guten Tag, Herr Gärtnersmann",Anon,"Guten Tag, Herr Gärtnersmann",4.31
Anon - Heiliger Herr Sankt Lorentz,Anon,Heiliger Herr Sankt Lorentz,4.20
Anon - Herr Bolle lenkt zu Pfingsten,Anon,Herr Bolle lenkt zu Pfingsten,8.7
"Anon - Herr Schulmeister, noch eins, mir nit davon eil",Anon,"Herr Schulmeister, noch eins, mir nit davon eil",4.62
Anon - Herzlich tut mich erfreuen / Die fröhliche Sommerzeit,Anon,Herzlich tut mich erfreuen / Die fröhliche Sommerzeit,8.7
"Anon - Horch, was nähert sich dem Tor",Anon,"Horch, was nähert sich dem Tor",4.42
"Anon - Hören, ir lieben gesellen, / und losend niuwe mer",Anon,"Hören, ir lieben gesellen, / und losend niuwe mer",7.1
"Anon - Hört zu, liebe Christen, was Neu's ich andeut",Anon,"Hört zu, liebe Christen, was Neu's ich andeut",4.70
"Anon - Hört, hört, was jüngstens ist geschehen",Anon,"Hört, hört, was jüngstens ist geschehen",8.37
"Anon - Hört, ihr Herrn, und laßt",Anon,"Hört, ihr Herrn, und laßt",4.51
Anon - Ich armer Boß bin ganz verirrt,Anon,Ich armer Boß bin ganz verirrt,10.2
"Anon - Ich armer Mann, was hab ich g'tan",Anon,"Ich armer Mann, was hab ich g'tan",8.15
Anon - Ich bin der bayrisch Hiesel,Anon,Ich bin der bayrisch Hiesel,8.7
Anon - Ich bin der Doktor Eisenbart,Anon,Ich bin der Doktor Eisenbart,4.58
"Anon - Ich danke dir, Herr Gott, in deinem Throne",Anon,"Ich danke dir, Herr Gott, in deinem Throne",6.47
Anon - Ich freu mich dieser Fasenacht,Anon,Ich freu mich dieser Fasenacht,10.2
Anon - Ich ging einmal für mich,Anon,Ich ging einmal für mich,4.58
Anon - Ich ging in Nachbars Garten,Anon,Ich ging in Nachbars Garten,4.25
Anon - Ich ging mit Lust durch einen grünen Wald,Anon,Ich ging mit Lust durch einen grünen Wald,5.4
Anon - Ich gläub in Gott Vater Allmächtigen,Anon,Ich gläub in Gott Vater Allmächtigen,3.6
Anon - Ich gung enmal spaziere,Anon,Ich gung enmal spaziere,2.2
Anon - Ich hab gewacht ein winterlange Nacht,Anon,Ich hab gewacht ein winterlange Nacht,4.39
"Anon - Ich hab zu dir gesagt, mein",Anon,"Ich hab zu dir gesagt, mein Kind, ich liebe dich",4.113
Anon - Ich habe Lust ins weite Feld,Anon,Ich habe Lust ins weite Feld,7.7
Anon - Ich hätt mich unterwunden,Anon,Ich hätt mich unterwunden,8.7
Anon - Ich hört ein Fräulein klagen,Anon,Ich hört ein Fräulein klagen,7.2
Anon - Ich hört ein Sich[e]lein rauschen,Anon,Ich hört ein Sich[e]lein rauschen,4.20
Anon - Ich lebte einst im deutschen Vaterlande,Anon,Ich lebte einst im deutschen Vaterlande,4.106
Anon - Ich lobe mir das Burschenleben,Anon,Ich lobe mir das Burschenleben,6.39
Anon - Ich raitt ains tags spaciern,Anon,Ich raitt ains tags spaciern,7.1
Anon - Ich reit einmal zu Braunschweig aus,Anon,Ich reit einmal zu Braunschweig aus,5.6
Anon - Ich schuß nach einer Taube,Anon,Ich schuß nach einer Taube,5.2
Anon - Ich schwing (schell) mein Horn ins Jammertal (im Jammerton),Anon,Ich schwing (schell) mein Horn ins Jammertal (im Jammerton),8.15
Anon - Ich spring an disem ringe,Anon,Ich spring an disem ringe,7.2
Anon - Ich stund an einem Morgen / Heimlich an einem Ort,Anon,Ich stund an einem Morgen / Heimlich an einem Ort,7.3
Anon - Ich verkünd euch neue Märe / Und wollt ihr die verstan: / Zu Rom da saß ein Herre,Anon,Ich verkünd euch neue Märe / Und wollt ihr die verstan: / Zu Rom da saß ein Herre,8.7
Anon - Ich war der kleinste meiner Brüder,Anon,Ich war der kleinste meiner Brüder,6.38
Anon - Ich weiß ein hübsches Häuselein,Anon,Ich weiß ein hübsches Häuselein,4.57
"Anon - Ich weiß ein Maget schone, / Die trägt den höchsten Preis",Anon,"Ich weiß ein Maget schone, / Die trägt den höchsten Preis",7.2
Anon - Ich weiß mir einen Anger breit,Anon,Ich weiß mir einen Anger breit,5.6
Anon - Ich weiß mir einen freien Hof,Anon,Ich weiß mir einen freien Hof,5.6
Anon - Ich wil trüren varen län,Anon,Ich wil trüren varen län,6.21
Anon - Ich wollt gern etwas singen,Anon,Ich wollt gern etwas singen,9.1
"Anon - Ihr Franzosen geht nach Haus, / Weils mit eurer Macht ist aus",Anon,"Ihr Franzosen geht nach Haus, / Weils mit eurer Macht ist aus",6.22
Anon - Ihr Gedanken haltet ein,Anon,Ihr Gedanken haltet ein,6.22
Anon - Ihr wisset und ist euch all selbsten bekannt,Anon,Ihr wisset und ist euch all selbsten bekannt,4.62
Anon - Ihrer Hochzeit hohes Fest,Anon,Ihrer Hochzeit hohes Fest,4.42
"Anon - Im grünen Gras, wo einst die Drossel sang",Anon,"Im grünen Gras, wo einst die Drossel sang",4.99
Anon - Im tusent und drühundert / und sechs und achtigsten jar,Anon,Im tusent und drühundert / und sechs und achtigsten jar,7.1
Anon - Im Wilden Westen oder Der Überfall auf die Pazifikbahn (Angefüllt mit Passagieren),Anon,Im Wilden Westen oder Der Überfall auf die Pazifikbahn (Angefüllt mit Passagieren),6.27
Anon - Im Winter ist ein kalte Zeit,Anon,Im Winter ist ein kalte Zeit,5.6
Anon - In den Waldes tiefen Grüften (Räuber Rinaldini),Anon,In den Waldes tiefen Grüften (Räuber Rinaldini),4.49
Anon - In der Lüneburger Heide,Anon,In der Lüneburger Heide,4.49
Anon - In diesem grünen Wald,Anon,In diesem grünen Wald,4.17
Anon - In einem See sehr groß und tief,Anon,In einem See sehr groß und tief,2.5
Anon - In Frauenstadt ein harter Mann,Anon,In Frauenstadt ein harter Mann,6.19
Anon - In Gottes Namen heb ich an,Anon,In Gottes Namen heb ich an,6.19
Anon - In Gottes Namen heben wirs an,Anon,In Gottes Namen heben wirs an,5.6
Anon - In Gottes Namen scheiden wir,Anon,In Gottes Namen scheiden wir,4.57
"Anon - In Metz auf dem Bahnhof, da",Anon,"In Metz auf dem Bahnhof, da",4.62
Anon - In unsers Nachbarn Brosius Haus,Anon,In unsers Nachbarn Brosius Haus,4.41
Anon - In welschem land hebt sich ein struß,Anon,In welschem land hebt sich ein struß,6.19
"Anon - Innsbruck, ich muß dich lassen, / Ich fahr dahin mein Straßen",Anon,"Innsbruck, ich muß dich lassen, / Ich fahr dahin mein Straßen",6.7
"Anon - Ir Herren, wend ihr schweigen",Anon,"Ir Herren, wend ihr schweigen",9.1
"Anon - Ist denn dieses wirklich wahr, / was man hat vernommen",Anon,"Ist denn dieses wirklich wahr, / was man hat vernommen",4.31
Anon - It daget in dat Osten,Anon,It daget in dat Osten,4.20
Anon - It weren negen Landsknechte,Anon,It weren negen Landsknechte,5.2
"Anon - Jesum den Heiland, unsern",Anon,"Jesum den Heiland, unsern Herrn",5.10
Anon - Jesus vom Tod erstanden ist,Anon,Jesus vom Tod erstanden ist,"3.4,3.4aaa"
"Anon - Jesus, du süßer Name",Anon,"Jesus, du süßer Name",8.10
"Anon - Jetzt laßt uns mal singen, so hübsch und so fein",Anon,"Jetzt laßt uns mal singen, so hübsch und so fein",4.39
Anon - Jetzt wird der Beschluß,Anon,Jetzt wird der Beschluß,4.42
Anon - Jetzund fällt die Nacht herein (Botschaft durch die Nachtigall),Anon,Jetzund fällt die Nacht herein (Botschaft durch die Nachtigall),4.42
Anon - Jubileus ist uns verkündt,Anon,Jubileus ist uns verkündt,6.19
Anon - Juchheisa nach Amerika,Anon,Juchheisa nach Amerika,4.34
"Anon - Juncfrouwe, aller cristen",Anon,"Juncfrouwe, aller cristen","3.4,3.4aaa"
"Anon - Kein Feuer, keine Kohle / Kann brennen so heiß",Anon,"Kein Feuer, keine Kohle / Kann brennen so heiß",4.5
Anon - Keine Rose ohne Dornen,Anon,Keine Rose ohne Dornen,8.27
Anon - Komm ich einst aus fremden Landen,Anon,Komm ich einst aus fremden Landen,4.51
"Anon - Komm zu mir in' Garten, / Komm zu mir ins Gras",Anon,"Komm zu mir in' Garten, / Komm zu mir ins Gras",4.5
"Anon - Komt al, ik wil u zingen / von Vlaendren goeden helde",Anon,"Komt al, ik wil u zingen / von Vlaendren goeden helde",4.24
"Anon - Komt, hoort die droeve maere, / ik zing van grooter noode",Anon,"Komt, hoort die droeve maere, / ik zing van grooter noode",4.24
Anon - Könnt ich von Herzen singen / Ein hübsche Tageweis,Anon,Könnt ich von Herzen singen / Ein hübsche Tageweis,7.3
"Anon - Kume, kume, geselle min",Anon,"Kume, kume, geselle min",4.42
Anon - Laßt uns Jesum Christum unsern Heiland,Anon,Laßt uns Jesum Christum unsern Heiland,3.6
"Anon - Laßt, Leute, euch berichten",Anon,"Laßt, Leute, euch berichten",8.7
Anon - Laute Hornsignale tönen,Anon,Laute Hornsignale tönen,8.26
"Anon - Leute, tretet rings heran",Anon,"Leute, tretet rings heran",4.42
"Anon - Lob des Weins. Ein deutscher Dithyrambus (Dies ist der Trank, / Der Unmutszwang)",Herder (Volksliedübertragung),"Lob des Weins. Ein deutscher Dithyrambus (Dies ist der Trank, / Der Unmutszwang)",12.1
Anon - Lobt des Herren werten Nam,Anon,Lobt des Herren werten Nam (Psalm 135),6.21
"Anon - Lobt Gott, ihr Christen allen / In deutscher Nation",Anon,"Lobt Gott, ihr Christen allen / In deutscher Nation",8.7
"Anon - Louvois, Louvois deine Taten",Anon,"Louvois, Louvois deine Taten / Stinken hoch zum Himmel auf",8.25
"Anon - Ludwig und Lola (Ich sing mein Lied jetzt, und wie Uhlands Sänger)",Anon,"Ludwig und Lola (Ich sing mein Lied jetzt, und wie Uhlands Sänger)",4.106
"Anon - Mädchen, denke nicht an süße Bande",Anon,"Mädchen, denke nicht an süße Bande",4.93
Anon - Mag ich Unglück nicht widerstahn,Anon,Mag ich Unglück nicht widerstahn,11.1
Anon - Man sagt von Geld und großem Gut,Anon,Man sagt von Geld und großem Gut,10.2
Anon - Mandje! Mandje! Timpe Te,Anon,Mandje! Mandje! Timpe Te,4.42
"Anon - Maria Carleton, die französische Prinzessin (O hört die traurige Geschichte)",Anon,"Maria Carleton, die französische Prinzessin (O hört die traurige Geschichte)",6.38
Anon - Maria in den Garten trat,Anon,Maria in den Garten trat,2.5
"Anon - Maria Klag, die was so groß",Anon,"Maria Klag, die was so groß",2.5
"Anon - Maria muoter, reine maid, / zu metten ward dir herzigs leid",Anon,"Maria muoter, reine maid, / zu metten ward dir herzigs leid",6.33
Anon - Maria war in ihrer Jugend,Anon,Maria war in ihrer Jugend,6.38
Anon - Mariechen saß weinend im Garten,Anon,Mariechen saß weinend im Garten,4.20
Anon - Marschieren wir durchs Frankenland,Anon,Marschieren wir durchs Frankenland,6.19
Anon - Mei Dienderl is harb auf mi,Anon,Mei Dienderl is harb auf mi,4.62
Anon - Mei Mueter will mi zwinge,Anon,Mei Mueter will mi zwinge,8.9
"Anon - Mei Veitel, bist g'wesen drinna in da Stadt",Anon,"Mei Veitei, bist g'wesen drinna in da Stadt",4.62
"Anon - Mein Hut, der hat drei Ecken",Anon,"Mein Hut, der hat drei Ecken",4.20
Anon - Mein junges Leben hat ein End / Mein Freud und auch mein Leid,Anon,Mein junges Leben hat ein End / Mein Freud und auch mein Leid,7.6
Anon - Mein mut ist mir betrübet gar,Anon,Mein mut ist mir betrübet gar,7.7
Anon - Mein schönste Zier und Kleinod bist,Anon,Mein schönste Zier und Kleinod bist,6.16
"Anon - Mein süßer Trost, Herr Jesu Christ",Anon,"Mein süßer Trost, Herr Jesu Christ",5.10
"Anon - Merkt auf, ihr Christen alle",Anon,"Merkt auf, ihr Christen alle",4.20
"Anon - Merkt wie die Schweizerknaben, / Die Federhansen klug",Anon,"Merkt wie die Schweizerknaben, / Die Federhansen klug",8.7
Anon - Mir ist ein schöns braun Maidelein / gefalln in meinen Sinn,Anon,Mir ist ein schöns braun Maidelein / gefalln in meinen Sinn,8.14
"Anon - Mit Lieb bin ich umfangen, / Herzallerliebste mein",Anon,"Mit Lieb bin ich umfangen, / Herzallerliebste mein",8.7
Anon - Mit Lust so will ich singen,Anon,Mit Lust so will ich singen,7.3
"Anon - Mit schwachen Armen, bleichen Wangen",Anon,"Mit schwachen Armen, bleichen Wangen",8.37
Anon - Nach gepurte Jesu Christ,Anon,Nach gepurte Jesu Christ,4.34
Anon - Nach Willen dein / Mich dir allein,Anon,Nach Willen dein / Mich dir allein,12.1
"Anon - Nächten, da ich bei ihr was",Anon,"Nächten, da ich bei ihr was",4.42
"Anon - Nachtigall, ich hör dich singen",Anon,"Nachtigall, ich hör dich singen",4.51
"Anon - Nicht lang es ist, / in Fastnachtsfrist",Anon,"Nicht lang es ist, / in Fastnachtsfrist",6.2
"Anon - Nu fall du Reif, du kalter Schnee",Anon,"Nu fall du Reif, du kalter Schnee",4.34
Anon - Nu höret und market to dusser tid / wo sik nu heft vorhaven ein strid,Anon,Nu höret und market to dusser tid / wo sik nu heft vorhaven ein strid,6.20
"Anon - Nu wil ich aber singen / und dichten, ob ich kan",Anon,"Nu wil ich aber singen / und dichten, ob ich kan",7.3
"Anon - Nu wolt yr horenn ayn newhes geticht, / wie es heyncz domnig hot aüsgericht",Anon,"Nu wolt yr horenn ayn newhes geticht, / wie es heyncz domnig hot aüsgericht",4.39
"Anon - Nun grüß dich Gott, du edler Saft",Anon,"Nun grüß dich Gott, du edler Saft",2.5
"Anon - Nun höret zu und schweiget still / Und hört, was ich euch sagen will / Von einem guten Lande",Anon,"Nun höret zu und schweiget still / Und hört, was ich euch sagen will / Von einem guten Lande",5.6
Anon - Nun hört ein altes liedli,Anon,Nun hört ein altes liedli schon,13.2
"Anon - Nun hört, ihr Christenleute",Anon,"Schaurige Mordtat wie zwei Brüder, Müller geheißen, qm 20. Juni 1736 ihre Tante in Berlin ermordeten (Nun hört, ihr Christenleute)",6.6
Anon - Nun ist die Zeit und Stunde da,Anon,Nun ist die Zeit und Stunde da,4.58
Anon - Nun laßt uns all Gott rufen an,Anon,Nun laßt uns all Gott rufen an,5.6
Anon - Nun merkt den großen Kummer,Anon,Nun merkt den großen Kummer,9.1
"Anon - Nun schürz dich, Gretlein",Anon,"Nun schürz dich, Gretlein, schürz dich",4.20
Anon - Nun wellen wir es heben an / Ein neues Lied zu singen,Anon,Nun wellen wir es heben an / Ein neues Lied zu singen,7.7
Anon - Nun will ich aber heben an / Von dem Danhauser singen,Anon,Nun will ich aber heben an / Von dem Danhauser singen,4.36
Anon - Nun will ich euch was neues,Anon,Nun will ich euch was neues erzählen / Von diesem und jenem und nichts verhehlen,5.6
"Anon - Nur lustig ihr Brüder, der Wein isch gerate",Anon,"Nur lustig ihr Brüder, der Wein isch gerate",4.62
Anon - O Baron du falsches Kind,Anon,O Baron du falsches Kind,4.42
Anon - O daß ich könnt von Herzen,Anon,O daß ich könnt von Herzen,7.3
"Anon - O du armer Judas, was hast du getan?",Anon,"O du armer Judas, was hast du getan?",4.112
Anon - O du göttliche Liebe,Anon,O du göttliche Liebe,7.3
"Anon - O Gott, wem soll ichs klagen",Anon,"O Gott, wem soll ichs klagen",9.1
"Anon - O Herre Gott, ich ruf dich an",Anon,"O Herre Gott, ich ruf dich an",4.39
"Anon - O lieber Gott, / Daß dein Gebot",Anon,"O lieber Gott, / Daß dein Gebot",12.1
"Anon - O lieber Hans, / Versorg dein Gans",Anon,"O lieber Hans, / Versorg dein Gans",12.1
Anon - O milde Gottes Hand,Anon,O milde Gottes Hand,6.4
Anon - O schwere Gottes Hand,Anon,O schwere Gottes Hand,6.4
Anon - O Weisheit gottes vaters zart,Anon,O Weisheit gottes vaters zart,8.15
Anon - O Welt ich muß dich lassen,Anon,O Welt ich muß dich lassen,6.9
Anon - O wir armen Sünder,Anon,O wir armen Sünder,8.2
Anon - Ob ich gleich ein Schäfer bin,Anon,Ob ich gleich ein Schäfer bin,6.22
Anon - Petersil und Suppenkraut / wächst in unserm Garten,Anon,Petersil und Suppenkraut / wächst in unserm Garten,6.13
"Anon - Petro Giorgio, der bekehrte Freibeuter (Im Süden hauste noch vor Jahren)",Anon,"Petro Giorgio, der bekehrte Freibeuter (Im Süden hauste noch vor Jahren)",6.38
"Anon - Phönix, der edle Vogel wert",Anon,"Phönix, der edle Vogel wert",2.5
"Anon - Prinz Eugen, der edle Ritter",Anon,"Prinz Eugen, der edle Ritter",6.30
"Anon - Rosina, wo was dein Gestalt",Anon,"Rosina, wo was dein Gestalt",10.2
"Anon - Schätzichen, was machest du?",Anon,"Schätzichen, was machest du?",4.42
Anon - Schinderhannes (Was hört man doch in unsrer Zeit),Anon,Schinderhannes (Was hört man doch in unsrer Zeit),7.7
"Anon - Schlemmer, was bistu singen",Anon,"Schlemmer, was bistu singen",8.5
"Anon - Schön ists, unter grünen Bäumen",Anon,"Schön ists, unter grünen Bäumen",8.26
"Anon - Schönstes Kind, zu deinen Füßen",Anon,"Schönstes Kind, zu deinen Füßen",8.27
Anon - Seht ihr drei Rosse vor dem Wagen,Anon,Seht ihr drei Rosse vor dem Wagen,4.67
"Anon - Sei g’rüßt, o heiligs Kreuz",Anon,"Sei g’rüßt, o heiligs Kreuz",4.113
Anon - Seit dem ersten Märzen ist bekannt (Mahne-Friedrich),Anon,Seit dem ersten Märzen ist bekannt (Mahne-Friedrich),4.58
Anon - Seltne Blum der Männertreu,Anon,Seltne Blum der Männertreu,4.31
Anon - Sie war ein Mädchen von achtzehn Jahren,Anon,Sie war ein Mädchen von achtzehn Jahren,4.67
Anon - So alleine wandelst du,Anon,So alleine wandelst du,4.47
Anon - So heb ichs an mit Schallen,Anon,So heb ichs an mit Schallen,9.1
Anon - So treiben wir den Winter aus,Anon,So treiben wir den Winter aus,4.39
"Anon - So wünsch ich ihr ein gute Nacht, / Bei der ich war alleine",Anon,"So wünsch ich ihr ein gute Nacht, / Bei der ich war alleine",7.4
Anon - Sollte ein’m das Herz nicht,Anon,Sollte ein’m das Herz nicht,4.49
Anon - Spannenlanger Hansel,Anon,Spannenlanger Hansel,4.13
Anon - Stolz Heinrich der wollt freien gehn,Anon,Stolz Heinrich der wollt freien gehn,4.34
Anon - Störtebecher und Gödte Michael,Anon,Störtebecher und Gödte Michael,5.6
"Anon - Trauerlied von der Hinrichtung der Königin aus Frankreich (Ach Himmel, was ist nun geschehen)",Anon,"Trauerlied von der Hinrichtung der Königin aus Frankreich (Ach Himmel, was ist nun geschehen)",8.26
Anon - Treue Liebe hast du mir geschworen,Anon,Treue Liebe hast du mir geschworen,4.93
Anon - Über den Kirchhof ging ich allein,Anon,Über den Kirchhof ging ich allein,4.71
Anon - Und welt ir hören zu diser frist,Anon,Und welt ir hören zu diser frist,6.19
Anon - Und wille gi hören ein nie gedicht,Anon,Und wille gi hören ein nie gedicht,5.6
Anon - Up de papen und den nien rat to Lüneborch (Wille gi hören einen nien fund),Anon,Up de papen und den nien rat to Lüneborch (Wille gi hören einen nien fund),5.6
"Anon - Vater, ist denn nicht erschaffen / Für mich eine Männlichkeit?",Anon,"Vater, ist denn nicht erschaffen / Für mich eine Männlichkeit?",7.10
"Anon - Vergiß mein nicht (Sie naht, sie naht, die fürchterliche Stunde)",Anon,"Vergiß mein nicht (Sie naht, sie naht, die fürchterliche Stunde)",4.106
"Anon - Viktoria, ihr Helden, seid munter",Anon,"Viktoria, ihr Helden, seid munter",4.70
"Anon - Vil werde sele, halt dich wert",Anon,"Vil werde sele, halt dich wert",4.59
Anon - Von meyden bin ich dick beraubt,Anon,Von meyden bin ich dick beraubt,7.7
Anon - Vorüber zieht manch edler,Anon,Vorüber zieht manch edler Aar,6.33
"Anon - Wächter, hüt dich bas",Anon,"Wächter, hüt dich bas",7.3
Anon - Waer diu werlt alliu min,Anon,Waer diu werlt alliu min,5.6
Anon - Wahnsinn und Mutterliebe oder Die schreckliche Tat der Verzwiflung (Auch eine Tat des Schreckens ist),Anon,Wahnsinn und Mutterliebe oder Die schreckliche Tat der Verzwiflung (Auch eine Tat des Schreckens ist),6.15
Anon - Wahre Freundschaft soll nicht,Anon,Wahre Freundschaft soll nicht,4.49
Anon - War einst ein jung jung Zimmergesell,Anon,War einst ein jung jung Zimmergesell,4.34
Anon - War ich ein edler Falke,Anon,War ich ein edler Falke,4.20
Anon - Warum bist du denn so traurig,Anon,Warum bist du denn so traurig,4.49
Anon - Was fang ich armer Teufel an,Anon,Was fang ich armer Teufel an,6.15
"Anon - Was mein Gott will, das g'scheh allzeit",Anon,"Was mein Gott will, das g'scheh allzeit",10.2
Anon - Was wird es doch / Des Greuels,Anon,Was wird es doch / Des Greuels,12.1
Anon - Was wird es doch / Des Wunders noch,Anon,Was wird es doch / Des Wunders noch,12.1
Anon - Was wird es doch / Des Wunders noch,Anon,Was wird es doch / Des Wunders noch,12.1
Anon - Was wollen wir aber singen / und wöllens heben an,Anon,Was wollen wir aber singen / und wöllens heben an,4.20
Anon - Was wölln wir aber heben an / ein neues Lied zu singen / wohl von dem König aus Frankreich / Mailand das wollt er zwingen,Anon,Was wölln wir aber heben an / ein neues Lied zu singen / wohl von dem König aus Frankreich / Mailand das wollt er zwingen,8.15
Anon - Was wolln wir aber singen / Was wollt ihr für ein Lied,Anon,Was wolln wir aber singen / Was wollt ihr für ein Lied,4.25
Anon - Weiß mir ein Blümli blaue,Anon,Weiß mir ein Blümli blaue,8.7
Anon - Wenn nun mein Leben hat ein / Allhier in dieser Zeit,Anon,Wenn nun mein Leben hat ein End / Allhier in dieser Zeit,7.6
Anon - Wer das Scheiden hat erfunden,Anon,Wer das Scheiden hat erfunden,4.49
Anon - Wer fragt danach,Anon,Wer fragt danach,12.1
Anon - Wer Hoffart treibt mit fremdem Gut,Anon,Wer Hoffart treibt mit fremdem Gut,10.2
Anon - Wer ist der bunte Mann im Bilde (Der Rattenfänger von Hameln),Anon,Wer ist der bunte Mann im Bilde (Der Rattenfänger von Hameln),4.69
"Anon - Wer lieben will, muß leiden",Anon,"Wer lieben will, muß leiden",4.20
Anon - Wer lützel b'halt und viel vertut,Anon,Wer lützel b'halt und viel vertut,10.2
"Anon - Wie kommts, daß du so traurig bist",Anon,"Wie kommts, daß du so traurig bist",4.34
Anon - Wie schön blüht uns der Maien,Anon,Wie schön blüht uns der Maien,7.1
Anon - Wie soll mir denn geschehen,Anon,Wie soll mir denn geschehen,8.5
Anon - Wie tut mir mein Herze bluten,Anon,Wie tut mir mein Herze bluten,4.49
Anon - Wie wird mir denn geschehen,Anon,Wie wird mir denn geschehen,8.5
Anon - Wie wol ich bin ein alter gris,Anon,Wie wol ich bin ein alter gris,6.19
Anon - Wilhelm bin ich der Telle,Anon,Wilhelm bin ich der Telle,8.7
"Anon - Wilhelm, komm an meine Seite",Anon,"Wilhelm, komm an meine Seite","4.49,8.26"
Anon - Wir kommen daher ohn allen Spott,Anon,Wir kommen daher ohn allen Spott,2.5
"Anon - Wir liebten uns, wie sich zwei Herzen lieben",Anon,"Wir liebten uns, wie sich zwei Herzen lieben",4.106
"Anon - Wir preußischen Husaren, wann kriegen wir Geld",Anon,"Wir preußischen Husaren, wann kriegen wir Geld",4.62
"Anon - Wir wollen ein Liedel heben an, / Was sich hat angespunnen",Anon,"Wir wollen ein Liedel heben an, / Was sich hat angespunnen",5.4
Anon - Wo soll ich mich hinkehren / Ich dummes Brüderlein,Anon,Wo soll ich mich hinkehren / Ich dummes Brüderlein,8.5
"Anon - Wo untriuwe wirt bezwungen, / freut sich das herze min",Anon,"Wo untriuwe wirt bezwungen, / freut sich das herze min",7.1
"Anon - Wohlauf, wohlauf mit lauter Stimm / tut uns der Wächter singen",Anon,"Wohlauf, wohlauf mit lauter Stimm / tut uns der Wächter singen",7.4
Anon - Wol auf in gotes nam und kraft / mit sant Jörgen ritterschaft,Anon,Wol auf in gotes nam und kraft / mit sant Jörgen ritterschaft,5.7
Anon - Wol uf wir wellind jagen gohn,Anon,Wol uf wir wellind jagen gohn,5.2
Anon - Wöll wir aber singen / Von einem Edelmann,Anon,Wöll wir aber singen / Von einem Edelmann,"7.6,7.6cbc"
"Anon - Wöllt ihr hören ein neues Gedicht, / was die Domherren hant entricht",Anon,"Wöllt ihr hören ein neues Gedicht, / was die Domherren hant entricht",5.6
"Anon - Wöllt ihr hören ein neues Gedicht, / wie es zu Kopfstain geschehen ist",Anon,"Wöllt ihr hören ein neues Gedicht, / wie es zu Kopfstain geschehen ist",5.6
"Anon - Wollts auf, wir wollens lesen",Anon,"Wollts auf, wir wollens lesen",2.14
Anon - Woluf ir frommen eidgnoßschaft,Anon,Woluf ir frommen eidgnoßschaft,6.33
Anon - Zu dir erheb ich meine Sinnen,Anon,Zu dir erheb ich meine Sinnen,8.36
"Anon - Zu Felsberg bat mich Kledte, / Ich sollt ihm schreiben recht",Anon,"Zu Felsberg bat mich Kledte, / Ich sollt ihm schreiben recht",8.9
Anon - Zu Gott in dem Himmel droben (Psalm 77),"""Lobwasser, Ambrosius""",Zu Gott in dem Himmel droben (Psalm 77),8.28
Anon - Zu Koblenz auf der Brücke[n],Anon,Zu Koblenz auf der Brücke[n],4.20
Anon - Zu Konstanz saß ein Kaufmann reich,Anon,Zu Konstanz saß ein Kaufmann reich,5.6
Anon - Zu singen will ich fangen an / Zum Lob der kaiserlichen Kron,Anon,Zu singen will ich fangen an / Zum Lob der kaiserlichen Kron,6.19
Anon - Zu singen wölln wir fangen an,Anon,Zu singen wölln wir fangen an,2.5
"Anton Ulrich - Ach Gott, ist noch dein Geist bei mir","""Anton Ulrich, Herzog von Braunschweig""","Ach Gott, ist noch dein Geist bei mir",7.7
Anton Ulrich - Gott gibt mir einen Freund,"""Anton Ulrich, Herzog von Braunschweig""",Gott gibt mir einen Freund,4.120
"Anton Ulrich - Gott, du hast es so","""Anton Ulrich, Herzog von Braunschweig""","Gott, du hast es so",6.27
Anton Ulrich - Jesus ist mein Aufenthalt,"""Anton Ulrich, Herzog von Braunschweig""",Jesus ist mein Aufenthalt,6.23
"Anton Ulrich - Liebe Seele, tu mich schwingen","""Anton Ulrich, Herzog von Braunschweig""","Liebe Seele, tu mich schwingen",8.25
"Anton Ulrich - Nach dir, o Gott, verlanget mich","""Anton Ulrich, Herzog von Braunschweig""","Nach dir, o Gott, verlanget mich",4.58
Anton Ulrich - Nun tret ich wieder aus der Ruh,"""Anton Ulrich, Herzog von Braunschweig""",Nun tret ich wieder aus der Ruh,8.18
Anton Ulrich - Wer Geduld und Demut liebet,"""Anton Ulrich, Herzog von Braunschweig""",Wer Geduld und Demut liebet,4.51
Apelles von Löwenstern - Ach wie findest du so selten,"""Apelles von Löwenstern, Matthäus""",Ach wie findest du so selten,6.27
"Apelles von Löwenstern - Christe, du Beistand","""Apelles von Löwenstern, Matthäus""","Christe, du Beistand",4.83
Apelles von Löwenstern - Mein Augen schließ ich jetzt,"""Apelles von Löwenstern, Matthäus""",Mein Augen schließ ich jetzt,4.115
Apelles von Löwenstern - Morgensegen,"""Apelles von Löwenstern, Matthäus""",Morgensegen,6.1
Apelles von Löwenstern - Nun preiset alle Gottes Barmherzigkeit,"""Apelles von Löwenstern, Matthäus""",Nun preiset alle Gottes Barmherzigkeit,4.80
Arendt - Bergwindballade,"""Arendt, Erich""",Bergwindballade,4.34
Arendt - Cervantes,"""Arendt, Erich""",Cervantes,4.118
Arendt - Der Dorfteich,"""Arendt, Erich""",Der Dorfteich,4.106
Arendt - Fest in Marakesch,"""Arendt, Erich""",Fest in Marakesch,4.116
Arendt - Liebeslied,"""Arendt, Erich""",Liebeslied,4.10
Armbruster - An die Freiheit,"""Armbruster, Johann Melchior""",An die Freiheit,5.14
Arndt - Abendlied,"""Arndt, Ernst Moritz""",Abendlied,8.7
Arndt - Allein,"""Arndt, Ernst Moritz""",Allein,6.44
Arndt - Alterswehmut,"""Arndt, Ernst Moritz""",Alterswehmut,8.7
Arndt - An die deutschen Fürsten,"""Arndt, Ernst Moritz""",An die deutschen Fürsten,8.34
Arndt - Auf die Schlacht bei Groß-Görschen oder Lützen,"""Arndt, Ernst Moritz""",Auf die Schlacht bei Groß-Görschen oder Lützen,8.26
"Arndt - Auf, danket Gott und betet an","""Arndt, Ernst Moritz""","Auf, danket Gott und betet an",7.7
Arndt - Bundeslied,"""Arndt, Ernst Moritz""",Bundeslied,8.37
Arndt - Das Feuerlied,"""Arndt, Ernst Moritz""",Das Feuerlied,6.38
Arndt - Das Lied vom Feldmarschall,"""Arndt, Ernst Moritz""",Das Lied vom Feldmarschall,4.62
Arndt - Das Lied vom heiligen deutschen Lande,"""Arndt, Ernst Moritz""",Das Lied vom heiligen deutschen Lande,8.7
Arndt - Das Lied vom Schill,"""Arndt, Ernst Moritz""",Das Lied vom Schill,4.62
Arndt - Das Wort,"""Arndt, Ernst Moritz""",Das Wort,6.35
"Arndt - Der Fels des Heils (Ich weiß, woran ich glaube)","""Arndt, Ernst Moritz""","Der Fels des Heils (Ich weiß, woran ich glaube)",8.7
Arndt - Des Schiffers Traum,"""Arndt, Ernst Moritz""",Des Schiffers Traum,8.34
Arndt - Des Zweiflers Unruh,"""Arndt, Ernst Moritz""",Des Zweiflers Unruh,4.110
Arndt - Deutscher Trost,"""Arndt, Ernst Moritz""",Deutscher Trost,4.42
Arndt - Deutsches Kriegslied,"""Arndt, Ernst Moritz""",Deutsches Kriegslied,4.34
Arndt - Die Ausfahrt zur Heimholung des Deutschen Kaisers,"""Arndt, Ernst Moritz""",Die Ausfahrt zur Heimholung des Deutschen Kaisers,4.47
Arndt - Die Nachtrheinfahrt,"""Arndt, Ernst Moritz""",Die Nachtrheinfahrt,4.110
"Arndt - Flammet Herzen, wehet Fahnen","""Arndt, Ernst Moritz""","Flammet Herzen, wehet Fahnen",6.27
Arndt - Freudenlied,"""Arndt, Ernst Moritz""",Freudenlied,4.68
"Arndt - Frischauf, ihr deutschen Brüder","""Arndt, Ernst Moritz""","Frischauf, ihr deutschen Brüder",8.6
Arndt - Frühling (Wann die leisen Bächlein rauschen),"""Arndt, Ernst Moritz""",Frühling (Wann die leisen Bächlein rauschen),8.26
Arndt - Gebet,"""Arndt, Ernst Moritz""",Gebet,6.22
Arndt - Gerechtigkeit Gottes,"""Arndt, Ernst Moritz""",Gerechtigkeit Gottes,6.48
Arndt - Gottes Gericht,"""Arndt, Ernst Moritz""",Gottes Gericht,4.62
Arndt - Grablied,"""Arndt, Ernst Moritz""",Grablied,6.23
Arndt - Klage,"""Arndt, Ernst Moritz""",Klage,8.17
Arndt - Klage um Auerswald und Lichnowsky,"""Arndt, Ernst Moritz""",Klage um Auerswald und Lichnowsky,8.7
"Arndt - Kommt her, ihr seid geladen","""Arndt, Ernst Moritz""","Kommt her, ihr seid geladen",8.6
Arndt - Kriegslied,"""Arndt, Ernst Moritz""",Kriegslied,6.15
Arndt - Lebensmut,"""Arndt, Ernst Moritz""",Lebensmut,8.29
Arndt - Lehre an mich,"""Arndt, Ernst Moritz""",Lehre an mich,8.44
Arndt - Liebeskraft,"""Arndt, Ernst Moritz""",Liebeskraft,4.106
Arndt - Mimerung unter deutschen Eichen,"""Arndt, Ernst Moritz""",Mimerung unter deutschen Eichen,4.83
Arndt - Reue über die Sünde,"""Arndt, Ernst Moritz""",Reue über die Sünde,6.38
Arndt - Ruf an den Geist,"""Arndt, Ernst Moritz""",Ruf an den Geist,4.58
Arndt - Trost auf Gott,"""Arndt, Ernst Moritz""",Trost auf Gott,8.12
Arndt - Trost in Christo,"""Arndt, Ernst Moritz""",Trost in Christo,8.6
"Arndt - Vaterlandslied (Der Gott, der Eisen wachsen ließ, / Der wollte keine Knechte)","""Arndt, Ernst Moritz""","Vaterlandslied (Der Gott, der Eisen wachsen ließ, / Der wollte keine Knechte)",8.15
Arndt - Vor der Schlacht,"""Arndt, Ernst Moritz""",Vor der Schlacht,6.23
Arndt - Wer ist ein Mann?,"""Arndt, Ernst Moritz""",Wer ist ein Mann?,4.34
Arndt - Wohlauf mit Herz und Mut,"""Arndt, Ernst Moritz""",Wohlauf mit Herz und Mut,8.4
Arndt - Zu Martin Luthers 300jähriger Todesfeier,"""Arndt, Ernst Moritz""",Zu Martin Luthers 300jähriger Todesfeier,7.11
Arndt - Zur Fahnenweihe des Bonner Veteranenvereins,"""Arndt, Ernst Moritz""",Zur Fahnenweihe des Bonner Veteranenvereins,8.37
"Arnim, A. - Auf Menschen sollst du nicht vertrauen","""Arnim, Achim von""",Auf Menschen sollst du nicht vertrauen,4.67
"Arnim, A. - Becherklang","""Arnim, Achim von""",Becherklang,8.27
"Arnim, A. - Der König ohne Volk (Der Zepter)","""Arnim, Achim von""",Der König ohne Volk (Der Zepter),4.20
"Arnim, A. - Der Sonntag winkt mit stillen Blicken","""Arnim, Achim von""",Der Sonntag winkt mit stillen Blicken,8.37
"Arnim, A. - Des Bergmanns ewige Jugend","""Arnim, Achim von""",Des Bergmanns ewige Jugend,12.0
"Arnim, A. - Die Uhr der Liebe","""Arnim, Achim von""",Die Uhr der Liebe,8.2
"Arnim, A. - Für meinen Vater bettle ich","""Arnim, Achim von""",Für meinen Vater bettle ich,6.15
"Arnim, A. - Hochzeitssterne sind versunken","""Arnim, Achim von""",Hochzeitssterne sind versunken,8.26
"Arnim, A. - Kalte Hände, warmes Herz","""Arnim, Achim von""","Kalte Hände, warmes Herz",8.13
"Arnim, A. - Laß, o Herr, das Werk der Zeiten","""Arnim, Achim von""","Laß, o Herr, das Werk der Zeiten",8.29
"Arnim, A. - Mädchen, führet dich dein Knabe","""Arnim, Achim von""","Mädchen, führet dich dein Knabe",8.29
"Arnim, A. - O tiefer Strom, der alle Welt durchschnitten","""Arnim, Achim von""","O tiefer Strom, der alle Welt durchschnitten",8.46
"Arnim, A. - Ritt im Mondenschein","""Arnim, Achim von""",Ritt im Mondenschein,4.31
"Arnim, A. - Sie gab, was mich verarmet","""Arnim, Achim von""","Sie gab, was mich verarmet",8.7
"Arnim, A. - Still bewahr es in Gedanken","""Arnim, Achim von""",Still bewahr es in Gedanken,6.26
"Arnim, A. - Verschiedenheit","""Arnim, Achim von""",Verschiedenheit,6.48
"Arnim, A. - Was öffnet meinen innern Sinn","""Arnim, Achim von""",Was öffnet meinen innern Sinn,6.15
"Arnim, A. - Weiße Schöne, ach erwache","""Arnim, Achim von""","Weiße Schöne, ach erwache",8.26
"Arnim, B. - Das Lied vom Hemdelein","""Arnim, Bettina von""",Das Lied vom Hemdelein,4.16
"Arnim, B. - Der Vulkan","""Arnim, Bettina von""",Der Vulkan,6.31
"Arnold - Ihr Sions-Töchter, die ihr","""Arnold, Gottfried""","Ihr Sions-Töchter, die ihr",4.34
Arnold - Lasset uns beständig trachten,"""Arnold, Gottfried""",Lasset uns beständig trachten,10.5
"Arnold - Nichts, gar nichts auf dieser Erden","""Arnold, Gottfried""","Nichts, gar nichts auf dieser Erden",6.27
Arnold - O Durchbrecher aller Bande,"""Arnold, Gottfried""",O Durchbrecher aller Bande,8.26
"Arnold - O Rosenmund, komm küsse mich","""Arnold, Gottfried""","O Rosenmund, komm küsse mich",7.7
"Arnold - Schau, liebe Seel, wie dich Gott liebt","""Arnold, Gottfried""","Schau, liebe Seel, wie dich Gott liebt",12.4
Arnold - Wenn Vernunft von Christi Leiden,"""Arnold, Gottfried""",Wenn Vernunft von Christi Leiden,8.25
Arnschwanger - Da ein Pharisäer geht,"""Arnschwanger, Johann Christoph""",Da ein Pharisäer geht,4.45
"Arnschwanger - Frisch auf, betrübter Geist in mir","""Arnschwanger, Johann Christoph""","Frisch auf, betrübter Geist in mir",10.2
"Arnschwanger - Jesu, meiner Seelen Wonne","""Arnschwanger, Johann Christoph""","Jesu, meiner Seelen Wonne",10.5
"Arnschwanger - Tochter Zion, nimm in acht","""Arnschwanger, Johann Christoph""","Tochter Zion, nimm in acht",6.22
Assig - Cupidinis Testament,"""Assig, Hans von""",Cupidinis Testament,6.39
Ausländer - Das erste Erbe,"""Ausländer, Rose""",Das erste Erbe,"4.93,4.93a"
Avenarius - Abend,"""Avenarius, Ferdinand""",Abend,4.42
Avenarius - April,"""Avenarius, Ferdinand""",April,4.31
Avenarius - Das Brauttuch,"""Avenarius, Ferdinand""",Das Brauttuch,8.14
Avenarius - Die Pest,"""Avenarius, Ferdinand""",Die Pest,4.58
Avenarius - Die zeugende Hand,"""Avenarius, Ferdinand""",Die zeugende Hand,8.30
Avenarius - Im Walde,"""Avenarius, Ferdinand""",Im Walde,4.7
Avenarius - Kameradschaft,"""Avenarius, Ferdinand""",Kameradschaft,8.2
Avenarius - Mondbilder 5,"""Avenarius, Ferdinand""",Mondbilder 5,2.5
Avenarius - Mondbilderl,"""Avenarius, Ferdinand""",Mondbilderl,4.102
Avenarius - Rolands Horn,"""Avenarius, Ferdinand""",Rolands Horn,2.5
Avenarius - Tejas Heimfahrt,"""Avenarius, Ferdinand""",Tejas Heimfahrt,4.36
"Ayrer - Zu dir, o Gott und Vater mein","""Ayrer, Jakob""","Zu dir, o Gott und Vater mein",6.33
Bächler - Die Erde bebt noch,"""Bächler, Wolfgang""",Die Erde bebt noch,5.16
Bächler - Eines Nachts,"""Bächler, Wolfgang""",Eines Nachts,4.21
Bächler - Unruhige Nacht,"""Bächler, Wolfgang""",Unruhige Nacht,4.103
Bachmann - Bleib,"""Bachmann, Ingeborg""",Bleib,"4.20,4.20a"
Bachmann - Die große Fracht,"""Bachmann, Ingeborg""",Die große Fracht,4.105
Bachmann - Heimweg,"""Bachmann, Ingeborg""",Heimweg,"4.13,4.13a"
Bachmann - Lieder auf der Flucht 1,"""Bachmann, Ingeborg""",Lieder auf der Flucht 1,"4.16,4.16a"
Bachmann - Nach vielen Jahren,"""Bachmann, Ingeborg""",Nach vielen Jahren,4.106
Bachmann - Nord und Süd,"""Bachmann, Ingeborg""",Nord und Süd,4.106
Bachmann - Toter Hafen,"""Bachmann, Ingeborg""",Toter Hafen,"4.93,4.93a"
"Bambanius - Herr Gott, der du nicht Lust","""Bambanius, Petrus""","Herr Gott, der du nicht Lust",4.108
"Bambanius - Suse, liebes Kindelein","""Bambanius, Petrus""","Suse, liebes Kindelein",6.21
Bartels - An Klaus Groth,"""Bartels, Adolf""",An Klaus Groth,4.64
Bartels - An Weimar bei der Vorbereitung der Weimarer Nationalfestspiele,"""Bartels, Adolf""",An Weimar bei der Vorbereitung der Weimarer Nationalfestspiele,3.7
"Bartels - Deutsches Lied, den deutschvölkischen Studenten gewidmet","""Bartels, Adolf""","Deutsches Lied, den deutschvölkischen Studenten gewidmet",4.36
Bartels - Die Ganzgescheiten,"""Bartels, Adolf""",Die Ganzgescheiten,8.10
Bartels - Friedrich Nietzsches Grab,"""Bartels, Adolf""",Friedrich Nietzsches Grab,2.9
Bartels - Polenlied,"""Bartels, Adolf""",Polenlied,8.26
Bartels - Unsere Zeit,"""Bartels, Adolf""",Unsere Zeit,8.46
Bartels - Volk und Adel,"""Bartels, Adolf""",Volk und Adel,8.7
"Barth, C.G. - Der du in Todesnächten","""Barth, Christian Gottlob""",Der du in Todesnächten,8.7
"Barth, E. - Auf einer alten Brücke","""Barth, Emil""",Auf einer alten Brücke,4.90
"Barth, E. - Ballade um zwölf","""Barth, Emil""",Ballade um zwölf,4.100
"Barth, E. - Im alten Tal","""Barth, Emil""",Im alten Tal,8.7
"Barth, E. - Mädchenbildnis der Mutter","""Barth, Emil""",Mädchenbildnis der Mutter,6.44
"Barth, E. - Nachtgleiche","""Barth, Emil""",Nachtgleiche,2.7
"Barth, E. - Schnee","""Barth, Emil""",Schnee,4.103
"Barthel, L.F. - In die Weite","""Barthel, Ludwig Friedrich""",In die Weite,4.36
"Barthel, M. - Abendgang","""Barthel, Max""",Abendgang,4.40
"Barthel, M. - Das Jahr ist um","""Barthel, Max""",Das Jahr ist um,6.9
"Barthel, M. - Erlösung","""Barthel, Max""",Erlösung,8.2
"Barthel, M. - Erwachen in der Nacht","""Barthel, Max""",Erwachen in der Nacht,4.66
"Barthel, M. - Heimgang","""Barthel, Max""",Heimgang,4.13
"Barthel, M. - In der Nacht","""Barthel, Max""",In der Nacht,4.104
"Barthel, M. - Liebeslied","""Barthel, Max""",Liebeslied,4.52
"Barthel, M. - Petersburg","""Barthel, Max""",Petersburg,4.125
"Baumann, C. - Wo soll ich mich hinkehren","""Baumann, Christof""",Wo soll ich mich hinkehren,8.5
"Baumann, H. - Es zittern die morschen","""Baumann, Hans""",Es zittern die morschen,4.21
"Baumann, H. - Hohe Nacht der klaren Sterne","""Baumann, Hans""",Hohe Nacht der klaren Sterne,4.49
"Baumann, H. - Im Osten steht unser Morgen","""Baumann, Hans""",Im Osten steht unser Morgen,4.21
"Baumann, H. - In den Ostwind hebt die Fahnen","""Baumann, Hans""",In den Ostwind hebt die Fahnen,8.26
Baumbach - Allerseelen,"""Baumbach, Rudolf """,Allerseelen,6.9
Baumbach - Das Zauberkraut,"""Baumbach, Rudolf """,Das Zauberkraut,8.15
Baumbach - Der Friedel und die Nachtigall,"""Baumbach, Rudolf """,Der Friedel und die Nachtigall,6.14
Baumbach - Die geschmückte Krähe,"""Baumbach, Rudolf """,Die geschmückte Krähe,8.17
Baumbach - Die Wurzel der Wahrheit,"""Baumbach, Rudolf """,Die Wurzel der Wahrheit,6.15
Baumbach - Rufe mich,"""Baumbach, Rudolf """,Rufe mich,6.17
Becher - Das lachende Herz,"""Becher, Johannes R.""",Das lachende Herz,4.58
Becher - Der dunkle Ruf,"""Becher, Johannes R.""",Der dunkle Ruf,4.88
Becher - Die Mühle,"""Becher, Johannes R.""",Die Mühle,4.62
"Becher - Du, in deinem Leide","""Becher, Johannes R.""","Du, in deinem Leide",4.13
Becher - Ernst Wiechert,"""Becher, Johannes R.""",Ernst Wiechert,3.7
Becher - Es war ein Leuchten in der,"""Becher, Johannes R.""",Es war ein Leuchten in der,4.65
"Becher - Euch, die ihr heimkehrt","""Becher, Johannes R.""","Euch, die ihr heimkehrt",4.107
Becher - Gericht,"""Becher, Johannes R.""",Gericht,4.106
Becher - Ich habe Heimweh,"""Becher, Johannes R.""",Ich habe Heimweh,4.67
Becher - Ihr Mütter Deutschlands,"""Becher, Johannes R.""",Ihr Mütter Deutschlands,4.106
Becher - Lobgesang,"""Becher, Johannes R.""",Lobgesang,4.91
Becher - Matthias Grünewald,"""Becher, Johannes R.""",Matthias Grünewald,4.106
Becher - Melodien aus Utopia,"""Becher, Johannes R.""",Melodien aus Utopia,4.106
Becher - Rechenschaft,"""Becher, Johannes R.""",Rechenschaft,3.7
Becher - Rühme die Erde,"""Becher, Johannes R.""",Rühme die Erde,4.94
Becher - Rühme die Zeiten,"""Becher, Johannes R.""",Rühme die Zeiten,4.94
Becher - Schwerer Gang,"""Becher, Johannes R.""",Schwerer Gang,2.5
Becher - Sich wandelnd,"""Becher, Johannes R.""",Sich wandelnd,4.90
Becher - Trauernde Liebe,"""Becher, Johannes R.""",Trauernde Liebe,4.2
Becher - Trostlied,"""Becher, Johannes R.""",Trostlied,4.16
Becher - Wanderlied,"""Becher, Johannes R.""",Wanderlied,5.14
Becher - Wenn wir abends,"""Becher, Johannes R.""",Wenn wir abends,7.0
Becher - Zum Tode J.W. Stalins,"""Becher, Johannes R.""",Zum Tode J.W. Stalins,4.103
Bechstein - Johannes Hilten,"""Bechstein, Ludwig""",Johannes Hilten,8.7
Bechstein - Ruhe,"""Bechstein, Ludwig""",Ruhe,7.10
Beck - Scheper un Spitz,"""Beck, Georg""",Scheper un Spitz,8.14
"Becker, C. - Ach wie groß ist der Feinde Rott","""Becker, Cornelius""",Ach wie groß ist der Feinde Rott,11.1
"Becker, C. - Der Herr ist König überall","""Becker, Cornelius""",Der Herr ist König überall,9.2
"Becker, C. - Erhör mich, wann ich ruf zu dir (Psalm 4)","""Becker, Cornelius""","Erhör mich, wann ich ruf zu dir (Psalm 4)",6.16
"Becker, C. - Lobet, ihr Knecht, den Herren","""Becker, Cornelius""","Lobet, ihr Knecht, den Herren",12.2
"Becker, C. - Mein Gott, mein Gott, ach Herr mein Gott","""Becker, Cornelius""","Mein Gott, mein Gott, ach Herr mein Gott",5.6
"Becker, C. - Mit meinem Gott geh ich zur Ruh","""Becker, Cornelius""",Mit meinem Gott geh ich zur Ruh,6.16
"Becker, G. - Das Geständnis","""Becker, Gottlieb""",Das Geständnis,4.21
"Becker, N. - Der deutsche Rhein (Sie sollen ihn nicht haben, / Den freien deutschen Rhein)","""Becker, Nikolaus""","Der deutsche Rhein (Sie sollen ihn nicht haben, / Den freien deutschen Rhein)","4.20,8.7"
"Becker, W.G. - Da sind wir nun abermals lustig beisammen","""Becker, Wilhelm Gottlieb""",Da sind wir nun abermals lustig beisammen,4.68
"Becker, W.G. - Frühlingsempfindung","""Becker, Wilhelm Gottlieb""",Frühlingsempfindung,6.30
Beer-Hofmann - Schlaflied für Mirjam,"""Beer-Hofmann, Richard""",Schlaflied für Mirjam,7.8
"Behm - Getreuer Gott, wie wunderbar / dein Macht die Zeit regiert","""Behm, Martinus""","Getreuer Gott, wie wunderbar / dein Macht die Zeit regiert",8.14
Behm - Herr Gott im Himmelsthrone,"""Behm, Martinus""",Herr Gott im Himmelsthrone,4.23
"Behm - Herr Jesu, das Gedächtnis dein","""Behm, Martinus""","Herr Jesu, das Gedächtnis dein",4.57
"Behm - Herr Jesu, dir man danken soll","""Behm, Martinus""","Herr Jesu, dir man danken soll",4.34
Behm - Herzallerliebster Jesu Christ,"""Behm, Martinus""",Herzallerliebster Jesu Christ,8.30
Behm - Nun sagen Lob mit Schalle,"""Behm, Martinus""",Nun sagen Lob mit Schalle,4.22
"Behm - O höchster Gott, dein Güt ist groß","""Behm, Martinus""","O höchster Gott, dein Güt ist groß",8.17
Behm - Wenn ich zu dir mein Herr und Gott,"""Behm, Martinus""",Wenn ich zu dir mein Herr und Gott,"3.4,3.4aaa"
Behme - In dem Leben hier auf Erden,"""Behme, David""",In dem Leben hier auf Erden,6.27
Behrens - Sommerfreden,"""Behrens, Ernst""",Sommerfreden,8.31
Beitl - Am Fenster,"""Beitl, Richard""",Am Fenster,4.54
Beitl - Der Ruf,"""Beitl, Richard""",Der Ruf,"3.4,3.4aaa"
Beitl - Die Wartende,"""Beitl, Richard""",Die Wartende,4.97
Beitl - Herbstgang,"""Beitl, Richard""",Herbstgang,4.46
Beitl - Klage,"""Beitl, Richard""",Klage,4.3
Beitl - Lichtkampf,"""Beitl, Richard""",Lichtkampf,2.5
Beitl - Montag,"""Beitl, Richard""",Montag,4.7
Benn - Aber du,"""Benn, Gottfried""",Aber du,4.93
Benn - Abschied,"""Benn, Gottfried""",Abschied,8.46
Benn - Abschluß,"""Benn, Gottfried""",Abschluß,4.106
"Benn - Ach, das Erhabene","""Benn, Gottfried""","Ach, das Erhabene",4.67
Benn - Acheron,"""Benn, Gottfried""",Acheron,4.103
Benn - Anemone,"""Benn, Gottfried""",Anemone,4.20
Benn - Astern,"""Benn, Gottfried""",Astern,4.20
Benn - Auferlegt,"""Benn, Gottfried""",Auferlegt,4.106
Benn - Berlin,"""Benn, Gottfried""",Berlin,6.30
Benn - Betäubung,"""Benn, Gottfried""",Betäubung,8.7
Benn - Das späte Ich 1,"""Benn, Gottfried""",Das späte Ich 1,4.40
Benn - Dein ist,"""Benn, Gottfried""",Dein ist,4.20
Benn - Der Sänger,"""Benn, Gottfried""",Der Sänger,8.2
Benn - Die Heimat nie,"""Benn, Gottfried""",Die Heimat nie,4.67
Benn - Die hyperämischen Reiche,"""Benn, Gottfried""",Die hyperämischen Reiche,8.2
Benn - Dir auch,"""Benn, Gottfried""",Dir auch,8.2
Benn - Doppelkonzert,"""Benn, Gottfried""",Doppelkonzert,4.93
Benn - Du liegst und schweigst,"""Benn, Gottfried""",Du liegst und schweigst,4.103
Benn - Du mußt dir alles geben,"""Benn, Gottfried""",Du mußt dir alles geben,8.2
Benn - Durch jede Stunde,"""Benn, Gottfried""",Durch jede Stunde,4.4
"Benn - Ein Wort, ein Satz","""Benn, Gottfried""","Ein Wort, ein Satz",4.67
Benn - Eine Leiche singt,"""Benn, Gottfried""",Eine Leiche singt,4.106
Benn - Eingeengt,"""Benn, Gottfried""",Eingeengt,4.93
Benn - Einsamer nie,"""Benn, Gottfried""",Einsamer nie,4.65
Benn - Erst wenn,"""Benn, Gottfried""",Erst wenn,8.7
Benn - Gedicht,"""Benn, Gottfried""",Gedicht,4.67
Benn - Gedichte,"""Benn, Gottfried""",Gedichte,8.46
Benn - Grenzenlos,"""Benn, Gottfried""",Grenzenlos,8.2
Benn - Hör zu,"""Benn, Gottfried""",Hör zu,4.104
Benn - Immer schweigender,"""Benn, Gottfried""",Immer schweigender,8.2
Benn - Innerlich 1,"""Benn, Gottfried""",Innerlich 1,4.90
Benn - Innerlich 2,"""Benn, Gottfried""",Innerlich 2,4.47
Benn - Ist das nicht schwerer,"""Benn, Gottfried""",Ist das nicht schwerer,4.14
Benn - Leben - niederer Wahn,"""Benn, Gottfried""",Leben - niederer Wahn,4.12
Benn - Levkoienwelle,"""Benn, Gottfried""",Levkoienwelle,8.37
Benn - Mann,"""Benn, Gottfried""",Mann,4.14
Benn - Meer- und Wandersegen,"""Benn, Gottfried""",Meer- und Wandersegen,8.2
Benn - Mittelmeerisch,"""Benn, Gottfried""",Mittelmeerisch,4.14
Benn - Nacht,"""Benn, Gottfried""",Nacht,8.3
Benn - Nike,"""Benn, Gottfried""",Nike,4.106
Benn - Noch einmal,"""Benn, Gottfried""",Noch einmal,4.20
Benn - O Nacht,"""Benn, Gottfried""",O Nacht,4.65
Benn - Olympisch,"""Benn, Gottfried""",Olympisch,4.74
Benn - Pastorensohn,"""Benn, Gottfried""",Pastorensohn,4.65
Benn - Primäre Tage,"""Benn, Gottfried""",Primäre Tage,8.46
Benn - Prolog zu einem deutschen Dichterwettstreit,"""Benn, Gottfried""",Prolog zu einem deutschen Dichterwettstreit,8.47
Benn - Puff,"""Benn, Gottfried""",Puff,4.40
Benn - Regressiv,"""Benn, Gottfried""",Regressiv,4.67
Benn - Reisen,"""Benn, Gottfried""",Reisen,4.14
Benn - Requiem,"""Benn, Gottfried""",Requiem,4.106
Benn - Schleierkraut,"""Benn, Gottfried""",Schleierkraut,8.2
Benn - Selbsterreger,"""Benn, Gottfried""",Selbsterreger,8.2
Benn - So still,"""Benn, Gottfried""",So still,4.65
Benn - Staatsbibliothek,"""Benn, Gottfried""",Staatsbibliothek,8.2
"Benn - Stunden, Ströme","""Benn, Gottfried""","Stunden, Ströme",4.95
Benn - Theogonien,"""Benn, Gottfried""",Theogonien,8.2
"Benn - Träume, Träume","""Benn, Gottfried""","Träume, Träume",4.93
Benn - Tripper,"""Benn, Gottfried""",Tripper,4.40
Benn - Tristesse,"""Benn, Gottfried""",Tristesse,4.106
Benn - Überblickt man die Jahre,"""Benn, Gottfried""",Überblickt man die Jahre,8.3
Benn - Valse d'automme,"""Benn, Gottfried""",Valse d'automme,4.5
Benn - Verse,"""Benn, Gottfried""",Verse,8.46
Benn - Wenn dir am Ende,"""Benn, Gottfried""",Wenn dir am Ende,4.14
Benn - Wie lange noch,"""Benn, Gottfried""",Wie lange noch,8.7
Benn - Wirklichkeit,"""Benn, Gottfried""",Wirklichkeit,4.93
Bergengruen - Allerseelen,"""Bergengruen, Werner""",Allerseelen,4.22
Bergengruen - Alte Mordstelle,"""Bergengruen, Werner""",Alte Mordstelle,4.49
Bergengruen - Apokalyptische Schwüle,"""Bergengruen, Werner""",Apokalyptische Schwüle,4.54
Bergengruen - Auf ein Grab,"""Bergengruen, Werner""",Auf ein Grab,4.119
Bergengruen - Das Feldkreuz,"""Bergengruen, Werner""",Das Feldkreuz,2.3
Bergengruen - Das Zeichen,"""Bergengruen, Werner""",Das Zeichen,2.12
Bergengruen - Der erste Patrouillenritt,"""Bergengruen, Werner""",Der erste Patrouillenritt,4.93
Bergengruen - Der letzte Morgen,"""Bergengruen, Werner""",Der letzte Morgen,4.32
Bergengruen - Der Verbannte,"""Bergengruen, Werner""",Der Verbannte,4.109
Bergengruen - Die heile Welt,"""Bergengruen, Werner""",Die heile Welt,4.49
Bergengruen - Die Heimkehr,"""Bergengruen, Werner""",Die Heimkehr,4.34
Bergengruen - Die himmlische Rechenkunst,"""Bergengruen, Werner""",Die himmlische Rechenkunst,4.49
Bergengruen - Die letzte Epiphanie,"""Bergengruen, Werner""",Die letzte Epiphanie,4.68
Bergengruen - Die Meise,"""Bergengruen, Werner""",Die Meise,4.93
Bergengruen - Die Nachtgeräusche,"""Bergengruen, Werner""",Die Nachtgeräusche,4.30
Bergengruen - Die Überwinder,"""Bergengruen, Werner""",Die Überwinder,4.30
Bergengruen - Die Unerkannten,"""Bergengruen, Werner""",Die Unerkannten,4.23
Bergengruen - Die Unsichtbaren,"""Bergengruen, Werner""",Die Unsichtbaren,4.49
Bergengruen - Die verborgene Frucht,"""Bergengruen, Werner""",Die verborgene Frucht,4.89
Bergengruen - Die vier Elemente,"""Bergengruen, Werner""",Die vier Elemente,4.93
Bergengruen - Du hast den Tag ertragen,"""Bergengruen, Werner""",Du hast den Tag ertragen,4.20
Bergengruen - Ein Dank,"""Bergengruen, Werner""",Ein Dank,6.18
Bergengruen - Entwurzelungen,"""Benn, Gottfried""",Entwurzelungen,8.2
Bergengruen - Exvoto,"""Bergengruen, Werner""",Exvoto,4.68
Bergengruen - Frage und Antwort,"""Bergengruen, Werner""",Frage und Antwort,4.10
Bergengruen - Im Morgengrauen,"""Bergengruen, Werner""",Im Morgengrauen,2.12
Bergengruen - Im Winde,"""Bergengruen, Werner""",Im Winde,4.14
Bergengruen - Jenseits des Tores,"""Bergengruen, Werner""",Jenseits des Tores,4.47
"Bergengruen - Löse, Seele, dich hin","""Bergengruen, Werner""","Löse, Seele, dich hin",4.14
Bergengruen - Membra vestra templum sunt,"""Bergengruen, Werner""",Membra vestra templum sunt,6.33
Bergengruen - Mittags,"""Bergengruen, Werner""",Mittags,2.5
Bergengruen - Mystische Ausfahrt,"""Bergengruen, Werner""",Mystische Ausfahrt,2.5
Bergengruen - Nichts Vergängliches vergeht,"""Bergengruen, Werner""",Nichts Vergängliches vergeht,4.20
Bergengruen - Regenlied,"""Bergengruen, Werner""",Regenlied,4.20
Bergengruen - Sommerverse,"""Bergengruen, Werner""",Sommerverse,4.68
Bergengruen - Spätherbst,"""Bergengruen, Werner""",Spätherbst,2.5
Bergengruen - Stimmen des Abends,"""Bergengruen, Werner""",Stimmen des Abends,4.75
Bergengruen - Versus mystici,"""Bergengruen, Werner""",Versus mystici,4.8
Bergengruen - Wandlung,"""Bergengruen, Werner""",Wandlung,4.30
Bergengruen - Zum Einschlafen,"""Bergengruen, Werner""",Zum Einschlafen,6.7
Bernhardi - Bilder der Krankheit,"""Bernhardi, Sophie""",Bilder der Krankheit,8.48
Bernth - Mozart zum hundertsten Geburtstag,"""Bernth, Karl""",Mozart zum hundertsten Geburtstag,6.39
Bertram - An eine Strophe,"""Bertram, Ernst""",An eine Strophe,4.111
Bertram - Auf einen antiken Krug,"""Bertram, Ernst""",Auf einen antiken Krug,4.100
Bertram - Die Frau zu Bethanien,"""Bertram, Ernst""",Die Frau zu Bethanien,4.105
Bertram - Die Fuge,"""Bertram, Ernst""",Die Fuge,4.67
Bertram - Marmorgesims von einem,"""Bertram, Ernst""",Marmorgesims von einem,4.67
"Bertram - Siehe, der Bräutigam kommt","""Bertram, Ernst""","Siehe, der Bräutigam kommt",6.21
Besser - An Seine Kurfürstl. Durchl. zu Brandenburg Friedrich Wilhelm,"""Besser, Johann von""",An Seine Kurfürstl. Durchl. zu Brandenburg Friedrich Wilhelm,6.51
Besser - Auf Aramenens blaue Augen,"""Besser, Johann von""",Auf Aramenens blaue Augen,4.96
Besser - Celadons Abschied und seiner Schäferin Wehklage,"""Besser, Johann von""",Celadons Abschied und seiner Schäferin Wehklage,6.39
Besser - Ihrer kaiserlichen Majestät neuerhaltener Sieg bei Salankement in Ungarn,"""Besser, Johann von""",Ihrer kaiserlichen Majestät neuerhaltener Sieg bei Salankement in Ungarn,8.21
Besser - Über Sr. Churfl. Durchl. zu Brandenburg [...] Geburtstag,"""Besser, Johann von""",Über Sr. Churfl. Durchl. zu Brandenburg [...] Geburtstag,8.34
Besser - Über Sr. Kurfürstl. Durchl. zu Brandenburg Brabantischen Feldzug,"""Besser, Johann von""",Über Sr. Kurfürstl. Durchl. zu Brandenburg Brabantischen Feldzug,6.49
"Bienemann - Herr, wie du willst, so schicks mit mir","""Bienemann, Kaspar""","Herr, wie du willst, so schicks mit mir",7.7
Bierbaum - Das Hochzeitsreisepaar,"""Bierbaum, Otto Julius""",Das Hochzeitsreisepaar,5.3
Bierbaum - Der alte Orgelmann singt,"""Bierbaum, Otto Julius""",Der alte Orgelmann singt,4.51
Bierbaum - Der lustige Ehemann,"""Bierbaum, Otto Julius""",Der lustige Ehemann,5.3
Bierbaum - Des Narren Regenlied,"""Bierbaum, Otto Julius""",Des Narren Regenlied,4.32
Bierbaum - Die Legende vom Hadernburger Wein,"""Bierbaum, Otto Julius""",Die Legende vom Hadernburger Wein,6.19
Bierbaum - Komm her und laß dich küssen,"""Bierbaum, Otto Julius""",Komm her und laß dich küssen,6.9
Bierbaum - Mädchenlied,"""Bierbaum, Otto Julius""",Mädchenlied,6.18
Bierbaum - Unschuld,"""Bierbaum, Otto Julius""",Unschuld,4.28
Bierbaum - Weihnachtslied,"""Bierbaum, Otto Julius""",Weihnachtslied,7.6
Bierbaum - Wir beide wollen springen,"""Bierbaum, Otto Julius""",Wir beide wollen springen,3.2
Biermann - Ballade vom preußischen Ikarus,"""Biermann, Wolf""",Ballade vom preußischen Ikarus,6.18
Biermann - Berlin,"""Biermann, Wolf""",Berlin,4.36
Biermann - Dichtkunst,"""Biermann, Wolf""",Dichtkunst,
Biermann - Die Ballade von der Buckower,"""Biermann, Wolf""",Die Ballade von der Buckower,4.34
Biermann - Die grüne Schwemme,"""Biermann, Wolf""",Die grüne Schwemme,6.2
Biermann - Die Legende vom Soldaten im dritten Weltkrieg,"""Biermann, Wolf""",Die Legende vom Soldaten im dritten Weltkrieg,8.14
Biermann - Ermutigung,"""Biermann, Wolf""",Ermutigung,5.2
Biermann - Frühling auf dem Mont-Klamott,"""Biermann, Wolf""",Frühling auf dem Mont-Klamott,8.7
Biermann - Kleines Lied vom Tod auch,"""Biermann, Wolf""",Kleines Lied vom Tod auch,4.20
Biermann - Von mir und meiner Dicken in den Fichten,"""Biermann, Wolf""",Von mir und meiner Dicken in den Fichten,8.41
Biermann - Winterlied,"""Biermann, Wolf""",Winterlied,4.34
Bild - Wer in der Schirm des Höchsten sitzt,"""Bild, Hieronymus""",Wer in der Schirm des Höchsten sitzt,13.1
Bindemann - An eine Grille,"""Bindemann, Ernst Christoph""",An eine Grille,6.3
Binding - Aufblick,"""Binding, Rudolf G.""",Aufblick,4.2
Binding - Erdgewalt,"""Binding, Rudolf G.""",Erdgewalt,4.54
Binding - Frühling,"""Binding, Rudolf G.""",Frühling,4.97
Binding - Gefallener Freund,"""Binding, Rudolf G.""",Gefallener Freund,4.61
Binding - Hochsommer,"""Binding, Rudolf G.""",Hochsommer,4.12
Binding - Junges Mädchen,"""Binding, Rudolf G.""",Junges Mädchen,4.43
Binding - Liebe,"""Binding, Rudolf G.""",Liebe,5.15
Binding - Meeresmittag,"""Binding, Rudolf G.""",Meeresmittag,4.56
Binding - Sommernacht,"""Binding, Rudolf G.""",Sommernacht,4.54
Binding - Urgeburt,"""Binding, Rudolf G.""",Urgeburt,4.55
Binding - Ursprung,"""Binding, Rudolf G.""",Ursprung,4.55
Birck - Alle welt freut sich,"""Birck, Sixt""",Alle welt freut sich,4.84
"Birck - Lobend den Herren, die ihr Kind","""Birck, Sixt""","Lobend den Herren, die ihr Kind",9.2
"Birck - O Herr, erheb dich","""Birck, Sixt""","O Herr, erheb dich",4.84
"Birken - Am Fest der heiligen drey Könige. Das Geistliche Geschenke (O Jesu, wann ich suche dich)","""Birken, Sigmund von""","Am Fest der heiligen drey Könige. Das Geistliche Geschenke (O Jesu, wann ich suche dich)",6.34
"Birken - Am fünfften Sonntag nach Trinitatis. Das Beruff-Schifflein (Jesu, komm, sei eingebeten!)","""Birken, Sigmund von""","Am fünfften Sonntag nach Trinitatis. Das Beruff-Schifflein (Jesu, komm, sei eingebeten!)",8.26
"Birken - Am heiligen neuen Jahrstag. Die Geistliche Beschneidung (Jesu, heil den alten Schaden)","""Birken, Sigmund von""","Am heiligen neuen Jahrstag. Die Geistliche Beschneidung (Jesu, heil den alten Schaden)",6.30
"Birken - Am Karfreitag. Die Sieben Creutz-Worte (O Jesu, deine sieben Wort)","""Birken, Sigmund von""","Am Karfreitag. Die Sieben Creutz-Worte (O Jesu, deine sieben Wort)",5.6
"Birken - Am siebenzehenden Sonntag nach Trinitatis. Die Sabbath-Feyer (Auf auf, mein Herz und du, mein ganzer Sinn!)","""Birken, Sigmund von""","Am siebenzehenden Sonntag nach Trinitatis. Die Sabbath-Feyer (Auf auf, mein Herz und du, mein ganzer Sinn!)",4.102
Birken - Am Sonntag Invocavit. Die Geistliche Ritterschafft (Der Satan hat versuchet dich),"""Birken, Sigmund von""",Am Sonntag Invocavit. Die Geistliche Ritterschafft (Der Satan hat versuchet dich),8.18
Birken - Auf Erden hier wohnt lauter,"""Birken, Sigmund von""",Auf Erden hier wohnt lauter,4.102
Birken - Bußlied (Wer ist mein Jesus? wer bin ich?),"""Birken, Sigmund von""",Bußlied (Wer ist mein Jesus? wer bin ich?),8.12
"Birken - Eile, doch nicht eile","""Birken, Sigmund von""","Eile, doch nicht eile",4.81
"Birken - Führ uns, o Vater, uns","""Birken, Sigmund von""","Führ uns, o Vater, uns",6.38
Birken - Jesus unser Eckstein ist,"""Birken, Sigmund von""",Jesus unser Eckstein ist,6.23
Birken - Jesus. Der himmlische Purpurwurm (Was ist das vor ein Jammerbild),"""Birken, Sigmund von""",Jesus. Der himmlische Purpurwurm (Was ist das vor ein Jammerbild),5.6
"Birken - Kirchweih-Predigt, am Tage S. Sebalds. Die bedrangte Kirche Christi (Schau Christe, sieh doch drein)","""Birken, Sigmund von""","Kirchweih-Predigt, am Tage S. Sebalds. Die bedrangte Kirche Christi (Schau Christe, sieh doch drein)",6.5
"Birken - Morgen-Lied (Herr, gib Gehör, / dir geb ich Ehr)","""Birken, Sigmund von""","Morgen-Lied (Herr, gib Gehör, / dir geb ich Ehr)",6.2
Birken - Nun die Sonn läßt unsre Felder,"""Birken, Sigmund von""",Nun die Sonn läßt unsre Felder,8.25
"Birken - Passionslied (Meine Seel, itzt ist es Zeit)","""Birken, Sigmund von""","Passionslied (Meine Seel, itzt ist es Zeit)",8.13
"Birken - Reis-Abendlied (Brauner Abend, sei willkommen)","""Birken, Sigmund von""","Reis-Abendlied (Brauner Abend, sei willkommen)",8.27
"Birken - Reis-Morgenlied (Wach auf, mein Herz, / denk hinterwärts)","""Birken, Sigmund von""","Reis-Morgenlied (Wach auf, mein Herz, / denk hinterwärts)",6.2
"Birken - Ruht dann noch nicht, frecher Krieger","""Birken, Sigmund von""","Ruht dann noch nicht, frecher Krieger",6.30
"Birken - Sag, was ist diese Welt","""Birken, Sigmund von""","Sag, was ist diese Welt",4.16
Birken - Schöpfer aller Menschenkinder,"""Birken, Sigmund von""",Schöpfer aller Menschenkinder,8.25
"Birken - Schweige, mein Gemüt, nicht belle","""Birken, Sigmund von""","Schweige, mein Gemüt, nicht belle",6.25
Birken - Sonntags-Abend-Lied (Die liebe Sonne weicht von hier),"""Birken, Sigmund von""",Sonntags-Abend-Lied (Die liebe Sonne weicht von hier),4.34
"Birken - Sonntags-Morgen-Lied (Gegrüßet sei, der jetzt anbricht)","""Birken, Sigmund von""","Sonntags-Morgen-Lied (Gegrüßet sei, der jetzt anbricht)",12.3
Birken - Von der Nachfolge Jesu (Lasset uns mit Jesu ziehen),"""Birken, Sigmund von""",Von der Nachfolge Jesu (Lasset uns mit Jesu ziehen),10.5
"Bischoff, F. - Auf dem Eise","""Bischoff, Friedrich""",Auf dem Eise,8.26
"Bischoff, F. - Der Scherenschleifer","""Bischoff, Friedrich""",Der Scherenschleifer,5.4
"Bischoff, F. - Der Wasserfall","""Bischoff, Friedrich""",Der Wasserfall,4.59
"Bischoff, F. - Die alte Kinderfrau","""Bischoff, Friedrich""",Die alte Kinderfrau,4.16
"Bischoff, F. - Die Anemonen","""Bischoff, Friedrich""",Die Anemonen,4.67
"Bischoff, F. - Die Birke","""Bischoff, Friedrich""",Die Birke,4.93
"Bischoff, F. - Die Libelle","""Bischoff, Friedrich""",Die Libelle,4.54
"Bischoff, F. - Die Unken","""Bischoff, Friedrich""",Die Unken,4.68
"Bischoff, F. - Ein Blick nur","""Bischoff, Friedrich""",Ein Blick nur,8.8
"Bischoff, F. - Oktobertag","""Bischoff, Friedrich""",Oktobertag,4.67
"Bischoff, F. - Schneeflockenlied","""Bischoff, Friedrich""",Schneeflockenlied,6.17
"Bischoff, F. - Sommerseele","""Bischoff, Friedrich""",Sommerseele,6.40
"Bischoff, J.N. - Abendphantasien eines Hessen in Amerika","""Bischoff, Johann Nikolaus""",Abendphantasien eines Hessen in Amerika,6.30
"Bischoff, M. - Kommt, ihr lieben Kinderlein, / Werdet fromme Schülerlein","""Bischoff, Melchior""","Kommt, ihr lieben Kinderlein, / Werdet fromme Schülerlein",7.8
Blankensee - Die drei Jünglinge,"""Blankensee, Georg von""",Die drei Jünglinge,2.6
"Blaurer, A. - Der Glaub beschützt mich ganz und gar","""Blaurer, Ambrosius""",Der Glaub beschützt mich ganz und gar,10.2
"Blaurer, A. - Der Unfall reit mich ganz und gar","""Blaurer, Ambrosius""",Der Unfall reit mich ganz und gar,10.2
"Blaurer, A. - Mag ich den Tod nicht widerstahn","""Blaurer, Ambrosius""",Mag ich den Tod nicht widerstahn,11.1
"Blaurer, A. - Wies Gott gefällt, so g'fällt's mir auch","""Blaurer, Ambrosius""","Wies Gott gefällt, so g'fällt's mir auch",10.2
"Blaurer, A. - Wir singen unsrem Bruder","""Blaurer, Ambrosius""",Wir singen unsrem Bruder,4.20
"Blaurer, T. - Gelobet sei der Herre Gott","""Blaurer, Thomas""",Gelobet sei der Herre Gott,8.15
"Blaurock - Herr Gott, dich will ich loben","""Blaurock, Jörg""","Herr Gott, dich will ich loben",7.3
Blum - An Germania,"""Blum, Robert""",An Germania,6.30
Blumauer - Tischlied,"""Blumauer, Johann Aloys""",Tischlied,6.8
Blumauer - Trinklied,"""Blumauer, Johann Aloys""",Trinklied,6.8
Blumauer - Vergils Aeneis,"""Blumauer, Johann Aloys""",Vergils Aeneis,7.7
Blumauer - Wunderseltsame Klage eines Landmädchens in der Stadt,"""Blumauer, Johann Aloys""",Wunderseltsame Klage eines Landmädchens in der Stadt,5.4
Blunck - Apfelknospen,"""Blunck, Hans Friedrich""",Apfelknospen,4.104
Blunck - Berlin,"""Blunck, Hans Friedrich""",Berlin,4.44
Blunck - Berückung,"""Blunck, Hans Friedrich""",Berückung,4.100
Blunck - Dämmernde Marsch,"""Blunck, Hans Friedrich""",Dämmernde Marsch,4.106
Blunck - De dode Königin,"""Blunck, Hans Friedrich""",De dode Königin,4.62
Blunck - Der Gonger,"""Blunck, Hans Friedrich""",Der Gonger,4.20
Blunck - Der letzte Schaumburger,"""Blunck, Hans Friedrich""",Der letzte Schaumburger,6.15
Blunck - Isern Hinrik,"""Blunck, Hans Friedrich""",Isern Hinrik,4.37
Blunck - Lied zur Weihnacht,"""Blunck, Hans Friedrich""",Lied zur Weihnacht,4.27
Blunck - Michelangelo und Vittoria,"""Blunck, Hans Friedrich""",Michelangelo und Vittoria,4.103
Blunck - Stadt im Schnee,"""Blunck, Hans Friedrich""",Stadt im Schnee,4.29
Blunck - Vater und Sohn,"""Blunck, Hans Friedrich""",Vater und Sohn,6.43
Blunck - Von der schönen Jungfer,"""Blunck, Hans Friedrich""",Von der schönen Jungfer,5.5
Blunck - Weihnachtsabend,"""Blunck, Hans Friedrich""",Weihnachtsabend,4.28
Bodenstedt - 1862,"""Bodenstedt, Friedrich von""",1862,8.35
Bodenstedt - Andreas und Marfa,"""Bodenstedt, Friedrich von""",Andreas und Marfa,9.0
Bodenstedt - Die Distel sprach zur Rose,"""Bodenstedt, Friedrich von""",Die Distel sprach zur Rose,4.27
Bodenstedt - Die kriegerischen Nazarener,"""Bodenstedt, Friedrich von""",Die kriegerischen Nazarener,8.34
Bodenstedt - Die Weise guter Zecher ist,"""Bodenstedt, Friedrich von""",Die Weise guter Zecher ist,7.7
Bodenstedt - Ein Blick des Augs hat mich erfreut,"""Bodenstedt, Friedrich von""",Ein Blick des Augs hat mich erfreut,4.59
Bodenstedt - Ein Blick vom Kreml,"""Bodenstedt, Friedrich von""",Ein Blick vom Kreml,8.31
Bodenstedt - Einsamkeit,"""Bodenstedt, Friedrich von""",Einsamkeit,4.73
Bodenstedt - Füllt mir das Trinkhorn,"""Bodenstedt, Friedrich von""",Füllt mir das Trinkhorn,4.1
Bodenstedt - Gelb rollt mir zu Füßen der brausende Kur,"""Bodenstedt, Friedrich von""",Gelb rollt mir zu Füßen der brausende Kur,4.37
Bodenstedt - Hugin und Manin,"""Bodenstedt, Friedrich von""",Hugin und Manin,8.15
Bodenstedt - Jussuf und Hafifa,"""Bodenstedt, Friedrich von""",Jussuf und Hafifa,4.64
"Bodenstedt - Nachtigall, o Nachtigall","""Bodenstedt, Friedrich von""","Nachtigall, o Nachtigall",8.19
Bodenstedt - Nachts,"""Bodenstedt, Friedrich von""",Nachts,6.39
Bodenstedt - Norderney,"""Bodenstedt, Friedrich von""",Norderney,4.38
"Bodenstedt - O selig, wem von Urbeginn","""Bodenstedt, Friedrich von""","O selig, wem von Urbeginn",4.59
Bodenstedt - Prolog zu einem Konzert zur Unterstützung der Kriegsbeschädigten,"""Bodenstedt, Friedrich von""",Prolog zu einem Konzert zur Unterstützung der Kriegsbeschädigten,8.47
Bodenstedt - Seit deiner Augen,"""Bodenstedt, Friedrich von""",Seit deiner Augen,4.36
"Bodenstedt - Soll ich lachen, soll ich klagen","""Bodenstedt, Friedrich von""","Soll ich lachen, soll ich klagen",4.54
Bodenstedt - Sonne und Sterne,"""Bodenstedt, Friedrich von""",Sonne und Sterne,4.64
Bodenstedt - Tscherkessische Totenklage,"""Bodenstedt, Friedrich von""",Tscherkessische Totenklage,8.8
"Bodenstedt - Tu nicht so spröde, schönes Kind","""Bodenstedt, Friedrich von""","Tu nicht so spröde, schönes Kind",4.59
Bodenstedt - Wenn dermaleinst des Paradieses Pforten,"""Bodenstedt, Friedrich von""",Wenn dermaleinst des Paradieses Pforten,4.106
Bodenstedt - Wenn du kommst um zu,"""Bodenstedt, Friedrich von""",Wenn du kommst um zu,4.48
"Bodenstedt - Wer glücklich ist, der ist auch gut","""Bodenstedt, Friedrich von""","Wer glücklich ist, der ist auch gut",4.36
Bodenstedt - Wohl weiß ich einen Kranz zu winden,"""Bodenstedt, Friedrich von""",Wohl weiß ich einen Kranz zu winden,4.67
Bödiker - So kömmst du denn von deinem Thron,"""Bödiker, Johann""",So kömmst du denn von deinem Thron,10.3
Bogatzky - Ich weiß von keinem andern Grunde,"""Bogatzky, Karl Heinrich von""",Ich weiß von keinem andern Grunde,6.38
"Bogatzky - O Vaterherz, o Licht, o Leben","""Bogatzky, Karl Heinrich von""","O Vaterherz, o Licht, o Leben",10.9
Böhm - Täuschungen,"""Böhm, Josef""",Täuschungen,4.49
Boie - An Daphne (Kannst du den Schimmer deiner Stadt),"""Boie, Heinrich Christian""",An Daphne (Kannst du den Schimmer deiner Stadt),8.34
Boie - An die Rose,"""Boie, Heinrich Christian""",An die Rose,4.49
Boie - Die Witwe,"""Boie, Heinrich Christian""",Die Witwe,8.11
Boie - Rosette,"""Boie, Heinrich Christian""",Rosette,6.30
Boie - Verschwiegenheit,"""Boie, Heinrich Christian""",Verschwiegenheit,8.26
Bonhoeffer - Von guten Mächten,"""Bonhoeffer, Dietrich""",Von guten Mächten,4.106
"Bonn - Och wi armen Sünders, unse Missedat","""Bonn, Hermann""","Och wi armen Sünders, unse Missedat",4.112
Borchardt - An ein schönes Mädchen,"""Borchardt, Rudolf""",An ein schönes Mädchen,4.28
Borchardt - An Erika Mitterer,"""Borchardt, Rudolf""",An Erika Mitterer,8.7
Borchardt - An Marion,"""Borchardt, Rudolf""",An Marion,8.45
Borchardt - Der Mann und die Liebe 4,"""Borchardt, Rudolf""",Der Mann und die Liebe 4,4.26
Borchardt - Klassische Ode,"""Borchardt, Rudolf""",Klassische Ode,4.80
Borchardt - Knabenschwermut,"""Borchardt, Rudolf""",Knabenschwermut,4.102
Borchardt - Letzte Rosen,"""Borchardt, Rudolf""",Letzte Rosen,4.100
Borchardt - Mit einer Stutzuhr,"""Borchardt, Rudolf""",Mit einer Stutzuhr,4.90
Borchardt - Nelke im Glase,"""Borchardt, Rudolf""",Nelke im Glase,3.1
Borchardt - Nonsense,"""Borchardt, Rudolf""",Nonsense,4.111
Borchardt - Sestine der Sehnsucht,"""Borchardt, Rudolf""",Sestine der Sehnsucht,6.42
Borchardt - Ständchen,"""Borchardt, Rudolf""",Ständchen,4.46
Borchardt - Steigt die Sehnsucht,"""Borchardt, Rudolf""",Steigt die Sehnsucht,4.55
Borchardt - Verglichener Streit,"""Borchardt, Rudolf""",Verglichener Streit,4.9
Borchert - Abschied,"""Borchert, Wolfgang""",Abschied,4.30
Borchert - Antiquitäten,"""Borchert, Wolfgang""",Antiquitäten,4.103
Borchert - Gedicht,"""Borchert, Wolfgang""",Gedicht,4.48
Borchert - Liebesgedicht,"""Borchert, Wolfgang""",Liebesgedicht,4.34
"Bornmeister - Liebster Jesu, meine Freude","""Bornmeister, Simon""","Liebster Jesu, meine Freude",4.53
"Bornmeister - Schönstes Seelchen, gehe fort","""Bornmeister, Simon""","Schönstes Seelchen, gehe fort",6.23
"Bornmeister - Wer Gott vertraut, hat einen Grund gesetzet","""Bornmeister, Simon""","Wer Gott vertraut, hat einen Grund gesetzet",4.108
"Bornschürer - Gott Vater, höre unsre Bitt","""Bornschürer, Johann""","Gott Vater, höre unsre Bitt",6.16
"Bornschürer - Was sind wir doch, o großer Gott","""Bornschürer, Johann""","Was sind wir doch, o großer Gott",9.2
Böschenstain - Da Jesus an dem Kreuze stund,"""Böschenstain, Johann""",Da Jesus an dem Kreuze stund,5.6
Bouterwek - Hier und Jenseits,"""Bouterwek, Friedrich""",Hier und Jenseits,8.0
Brachmann - Kolumbus,"""Brachmann, (Karoline) Louise""",Kolumbus,8.14
Brecht - Apfelböck,"""Brecht, Bert""",Apfelböck,4.100
Brecht - Ballade vom Tod der Anna,"""Brecht, Bert""",Ballade vom Tod der Anna,4.94
Brecht - Ballade von der alten Frau,"""Brecht, Bert""",Ballade von der alten Frau,4.106
Brecht - Ballade von Mazeppa,"""Brecht, Bert""",Ballade von Mazeppa,4.68
Brecht - Das Schiff,"""Brecht, Bert""",Das Schiff,6.41
Brecht - Der Himmel der Enttäuschten,"""Brecht, Bert""",Der Himmel der Enttäuschten,4.93
Brecht - Die Geburt im Baum,"""Brecht, Bert""",Die Geburt im Baum,4.49
Brecht - Die schwarzen Wälder,"""Brecht, Bert""",Die schwarzen Wälder,4.21
Brecht - Erinnerung an die Marie A.,"""Brecht, Bert""",Erinnerung an die Marie A.,8.46
Brecht - Hitler-Choräle 1,"""Brecht, Bert""",Hitler-Choräle 1,8.4
Brecht - Hitler-Choräle 3,"""Brecht, Bert""",Hitler-Choräle 3,8.7
Brecht - Legende vom toten Soldaten,"""Brecht, Bert""",Legende vom toten Soldaten,4.34
Brecht - Letzte Hoffnung,"""Brecht, Bert""",Letzte Hoffnung,4.93
Brecht - Liebesgedicht,"""Brecht, Bert""",Liebesgedicht,4.109
"Brecht - Oh, ihr Zeiten meiner Jugend","""Brecht, Bert""","Oh, ihr Zeiten meiner Jugend",4.93
Brecht - Orges Gesang,"""Brecht, Bert""",Orges Gesang,2.9
Brecht - Vom Mitmensch,"""Brecht, Bert""",Vom Mitmensch,8.37
Brecht - Von den Sündern in der Hölle,"""Brecht, Bert""",Von den Sündern in der Hölle,4.25
Brecht - Von der Freundlichkeit der,"""Brecht, Bert""",Von der Freundlichkeit der,4.88
"Brendel - O Herr, dein Wort","""Brendel, Johann""","O Herr, dein Wort",12.1
Brentano - Abends am 27. Oktober 1817,"""Brentano, Clemens von""",Abends am 27. Oktober 1817,4.53
Brentano - Abendständchen,"""Brentano, Clemens von""",Abendständchen,4.54
Brentano - Abschied,"""Brentano, Clemens von""",Abschied,4.78
Brentano - Alhambra,"""Brentano, Clemens von""",Alhambra,4.67
Brentano - Alles lieben oder Eines,"""Brentano, Clemens von""",Alles lieben oder Eines,4.67
Brentano - Am Charsamstag 1818,"""Brentano, Clemens von""",Am Charsamstag 1818,8.7
Brentano - Am Sophientag,"""Brentano, Clemens von""",Am Sophientag,4.49
Brentano - An eine schöne Erscheinung am Dreikönigtag,"""Brentano, Clemens von""",An eine schöne Erscheinung am Dreikönigtag,8.45
Brentano - Auf dem Rhein,"""Brentano, Clemens von""",Auf dem Rhein,4.20
"Brentano - Auf mit Gott zum Kampf, ihr Brüder","""Brentano, Clemens von""","Auf mit Gott zum Kampf, ihr Brüder",4.54
Brentano - Aus Köllen war ein Edelknecht,"""Brentano, Clemens von""",Aus Köllen war ein Edelknecht,4.36
Brentano - Claudia,"""Brentano, Clemens von""",Claudia,8.47
Brentano - Der Abend,"""Brentano, Clemens von""",Der Abend,11.2
Brentano - Der Spinnerin Lied,"""Brentano, Clemens von""",Der Spinnerin Lied,4.19
Brentano - Die Apotheose,"""Brentano, Clemens von""",Die Apotheose,11.2
Brentano - Die Erde war gestorben,"""Brentano, Clemens von""",Die Erde war gestorben,4.20
Brentano - Die Gottesmauer,"""Brentano, Clemens von""",Die Gottesmauer,8.26
Brentano - Die Jungfrau und die Blumen,"""Brentano, Clemens von""",Die Jungfrau und die Blumen,11.2
"Brentano - Die Klage, sie wecket","""Brentano, Clemens von""","Die Klage, sie wecket",4.5
Brentano - Die Rose blüht; schloß gleich ein rauher Wind,"""Brentano, Clemens von""",Die Rose blüht; schloß gleich ein rauher Wind,8.45
Brentano - Die Zigeunerin,"""Brentano, Clemens von""",Die Zigeunerin,4.53
Brentano - Ein Ritter an dem Rheine ritt,"""Brentano, Clemens von""",Ein Ritter an dem Rheine ritt,4.34
Brentano - Es ging verirrt im Walde,"""Brentano, Clemens von""",Es ging verirrt im Walde,4.20
Brentano - Es leben die Soldaten,"""Brentano, Clemens von""",Es leben die Soldaten,4.22
Brentano - Es saß der Meister vom Stuhle,"""Brentano, Clemens von""",Es saß der Meister vom Stuhle,4.20
Brentano - Es scheint ein Stern vom Himmel,"""Brentano, Clemens von""",Es scheint ein Stern vom Himmel,4.25
Brentano - Es wandeln zum Glücke,"""Brentano, Clemens von""",Es wandeln zum Glücke,4.5
Brentano - Es war einmal die Liebe,"""Brentano, Clemens von""",Es war einmal die Liebe,6.7
Brentano - Frühes Lied,"""Brentano, Clemens von""",Frühes Lied,4.54
Brentano - Frühes Liedchen,"""Brentano, Clemens von""",Frühes Liedchen,4.53
Brentano - Frühlingsschrei eines Knechtes aus der Tiefe,"""Brentano, Clemens von""",Frühlingsschrei eines Knechtes aus der Tiefe,4.54
Brentano - Frühmorgenlied vom Kirschblütenstrauß,"""Brentano, Clemens von""",Frühmorgenlied vom Kirschblütenstrauß,4.27
"Brentano - Hier, wo neue Liebe mich gefangen","""Brentano, Clemens von""","Hier, wo neue Liebe mich gefangen",4.97
"Brentano - Hör, es klagt die Flöte wieder","""Brentano, Clemens von""","Hör, es klagt die Flöte wieder",4.54
"Brentano - Hör, liebe Seel! wer rufet dir","""Brentano, Clemens von""","Hör, liebe Seel! wer rufet dir",4.36
Brentano - Ich darf mich wohl erfreuen,"""Brentano, Clemens von""",Ich darf mich wohl erfreuen,4.20
Brentano - Ich darf wohl von den Sternen,"""Brentano, Clemens von""",Ich darf wohl von den Sternen,6.38
Brentano - Ich hab das Lämplein angesteckt,"""Brentano, Clemens von""",Ich hab das Lämplein angesteckt,6.15
"Brentano - Ich kenn ein Haus, ein Freudenhaus","""Brentano, Clemens von""","Ich kenn ein Haus, ein Freudenhaus",4.36
Brentano - Ich wohnte unter vielen vielen Leuten,"""Brentano, Clemens von""",Ich wohnte unter vielen vielen Leuten,8.47
Brentano - Ich wollt ein Sträußlein binden,"""Brentano, Clemens von""",Ich wollt ein Sträußlein binden,4.20
Brentano - Ihre Händchen pochten an,"""Brentano, Clemens von""",Ihre Händchen pochten an,4.46
"Brentano - Kantate auf den Tod Ihrer Königlichen Majestät, Louise von Preußen","""Brentano, Clemens von""","Kantate auf den Tod Ihrer Königlichen Majestät, Louise von Preußen",8.47
"Brentano - Kaum hörst du auf, so fang","""Brentano, Clemens von""","Kaum hörst du auf, so fang",4.36
Brentano - Kettenlied eines Sklaven an die Fesselnde,"""Brentano, Clemens von""",Kettenlied eines Sklaven an die Fesselnde zur letzten Stunde des Jahres 1834 geschlossen,6.32
Brentano - Legende von der heiligen Marina,"""Brentano, Clemens von""",Legende von der heiligen Marina,4.106
"Brentano - Liebster Hirte, denkst du nicht","""Brentano, Clemens von""","Liebster Hirte, denkst du nicht",4.45
Brentano - Lore Lay (Zu Bacharach am Rheine),"""Brentano, Clemens von""",Lore Lay (Zu Bacharach am Rheine),4.20
"Brentano - Lureley (Singet leise, leise, leise)","""Brentano, Clemens von""","Lureley (Singet leise, leise, leise)",4.49
"Brentano - O lieber Gott, so mild und lind","""Brentano, Clemens von""","O lieber Gott, so mild und lind",4.36
Brentano - O Mutter halte dein Kindlein,"""Brentano, Clemens von""",O Mutter halte dein Kindlein,4.36
Brentano - O Trost in letzten Stunden,"""Brentano, Clemens von""",O Trost in letzten Stunden,8.10
"Brentano - O Zorn, du Abgrund des Verderbens","""Brentano, Clemens von""","O Zorn, du Abgrund des Verderbens",6.38
Brentano - Romanzen vom Rosenkranz,"""Brentano, Clemens von""",Romanzen vom Rosenkranz,"3.7,4.49,4.54"
Brentano - Sieh den dunklen Schleier der Nacht,"""Brentano, Clemens von""",Sieh den dunklen Schleier der Nacht,8.23
Brentano - Sieh dort auf dem Wiesengrunde,"""Brentano, Clemens von""",Sieh dort auf dem Wiesengrunde,4.52
"Brentano - Sieh mild, o hohe Frau, auf diese Zeilen","""Brentano, Clemens von""","Sieh mild, o hohe Frau, auf diese Zeilen",8.47
Brentano - Soldaten-Katechismus,"""Brentano, Clemens von""",Soldaten-Katechismus,2.5
Brentano - Soldatenlied,"""Brentano, Clemens von""",Soldatenlied,4.22
Brentano - Sonst schiedst du so,"""Brentano, Clemens von""",Sonst schiedst du so,4.21
Brentano - Sprich aus der Ferne,"""Brentano, Clemens von""",Sprich aus der Ferne,"4.1,4.50"
Brentano - Theodor Körner an Viktoria,"""Brentano, Clemens von""",Theodor Körner an Viktoria,6.42
"Brentano - Tief ist das Tal, so tief hinabgesunken","""Brentano, Clemens von""","Tief ist das Tal, so tief hinabgesunken",8.47
Brentano - Tiroler Wetter und Barometter beim Aufstand gegen die Franzosen,"""Brentano, Clemens von""",Tiroler Wetter und Barometter beim Aufstand gegen die Franzosen,4.5
"Brentano - Trippel Trippel trap, trap, trap","""Brentano, Clemens von""","Trippel Trippel trap, trap, trap",4.42
Brentano - Von den Mauern Widerklang,"""Brentano, Clemens von""",Von den Mauern Widerklang,6.17
Brentano - Was reif in diesen Zeilen steht,"""Brentano, Clemens von""",Was reif in diesen Zeilen steht,3.2
Brentano - Weit bin ich einhergezogen,"""Brentano, Clemens von""",Weit bin ich einhergezogen,4.49
Brentano - Wenn der Sturm das Meer umschlinget,"""Brentano, Clemens von""",Wenn der Sturm das Meer umschlinget,4.55
Brentano - Wenn ich ein Bettelmann wär,"""Brentano, Clemens von""",Wenn ich ein Bettelmann wär,4.7
Brentano - Wer euch nichts bringt,"""Brentano, Clemens von""",Wer euch nichts bringt,4.109
Brentano - Wie klinget die Welle!,"""Brentano, Clemens von""",Wie klinget die Welle!,4.5
Brentano - Wie treu scheint Gottes Sonne,"""Brentano, Clemens von""",Wie treu scheint Gottes Sonne,4.20
Brentano - Willst du mir Trost verleihen,"""Brentano, Clemens von""",Willst du mir Trost verleihen,4.24
Brentano - Zweimal hab ich dich gesehen,"""Brentano, Clemens von""",Zweimal hab ich dich gesehen,4.46
Brinckman - Achter in't Holt,"""Brinckman, John""",Achter in't Holt,4.20
Brinckman - Baben up 'n Barg,"""Brinckman, John""",Baben up 'n Barg,5.3
Brinckman - Bigoeschen,"""Brinckman, John""",Bigoeschen,4.20
Brinckman - De oll Eek,"""Brinckman, John""",De oll Eek,5.3
Brinckman - Fastelabendsprärig,"""Brinckman, John""",Fastelabendsprärig,8.31
Brinckman - Förster Knop,"""Brinckman, John""",Förster Knop,8.37
Brinckman - Hei stürw,"""Brinckman, John""",Hei stürw,6.18
Brinckman - Lünk un Gälgoesch,"""Brinckman, John""",Lünk un Gälgoesch,6.18
Brinckman - Stutenollsch,"""Brinckman, John""",Stutenollsch,5.3
Brinckman - Vagel Grip,"""Brinckman, John""",Vagel Grip,8.14
Brinckman - Vör Däu un Dag,"""Brinckman, John""",Vör Däu un Dag,4.59
Brockes - Das Feuer,"""Brockes, Barthold Hinrich""",Das Feuer,8.27
Brockes - Der Regen,"""Brockes, Barthold Hinrich""",Der Regen,8.27
Brockes - Die Berge,"""Brockes, Barthold Hinrich""",Die Berge,8.27
Brockes - Die Erde,"""Brockes, Barthold Hinrich""",Die Erde,8.27
Brockes - Die Luft,"""Brockes, Barthold Hinrich""",Die Luft,8.27
Brockes - Die Sonne,"""Brockes, Barthold Hinrich""",Die Sonne,8.27
Brockes - Die Welt,"""Brockes, Barthold Hinrich""",Die Welt,4.115
Brockes - Die Welt ist allezeit schön,"""Brockes, Barthold Hinrich""",Die Welt ist allezeit schön,2.5
Brockes - Erbauliche Betrachtung schnell vergehender Wolken,"""Brockes, Barthold Hinrich""",Erbauliche Betrachtung schnell vergehender Wolken,6.40
Brockes - Gesang zur Zeit des Ungewitters,"""Brockes, Barthold Hinrich""",Gesang zur Zeit des Ungewitters,4.120
Brockes - Helden-Gedichte,"""Brockes, Barthold Hinrich""",Helden-Gedichte,4.67
Bröger - Alter Unterstand bei Verdun,"""Bröger, Karl""",Alter Unterstand bei Verdun,4.93
Bröger - Feldweihnacht,"""Bröger, Karl""",Feldweihnacht,4.18
Bröger - Fränkisches Land,"""Bröger, Karl""",Fränkisches Land,4.48
Bröger - Kathedrale von Rouen,"""Bröger, Karl""",Kathedrale von Rouen,4.106
Bröger - Klage der Witwe,"""Bröger, Karl""",Klage der Witwe,8.31
Bröger - Lied der Arbeit,"""Bröger, Karl""",Lied der Arbeit,4.88
Bröger - Walzwerk,"""Bröger, Karl""",Walzwerk,4.112
Brückner - Sauflied,"""Brückner, Ernst Theodor Johann""",Sauflied,8.38
Brun - Augusta,"""Brun, Friederike""",Augusta,4.62
Brun - Bei Henriettens Grabe,"""Brun, Friederike""",Bei Henriettens Grabe,4.49
Brun - Ich denke dein,"""Brun, Friederike""",Ich denke dein,4.75
Brun - Klage,"""Brun, Friederike""",Klage,4.93
Brun - Reise von Lyon nach der,"""Brun, Friederike""",Reise von Lyon nach der,4.103
Brun - Ton der Leier,"""Brun, Friederike""",Ton der Leier,4.106
Brun - Wiedersehn,"""Brun, Friederike""",Wiedersehn,4.83
"Büchel - Herr Gott Vater, zu dir ich schrei","""Büchel, Hans""","Herr Gott Vater, zu dir ich schrei",13.2
"Büchel - Merkt auf, ihr Völker g'meine","""Büchel, Hans""","Merkt auf, ihr Völker g'meine",9.1
Buchholtz - Aus der Tiefe meiner Sünden,"""Buchholtz, Andreas Heinrich""",Aus der Tiefe meiner Sünden,6.29
"Buchholtz - Gerechter Gott, der du von","""Buchholtz, Andreas Heinrich""","Gerechter Gott, der du von",4.107
"Buchholtz - Hosianna, unser Hort","""Buchholtz, Andreas Heinrich""","Hosianna, unser Hort",4.42
Buchner - Der schöne Tag bricht an,"""Buchner, August""",Der schöne Tag bricht an,6.5
Buchner - Unser Leben ist ein Meer,"""Buchner, August""",Unser Leben ist ein Meer,4.47
"Büchner, G. - Die Nacht","""Büchner, Georg""",Die Nacht,4.93
"Büchner, G. - Leise hinter düstrem","""Büchner, Georg""",Leise hinter düstrem,4.93
Bührer - Badelied,"""Bührer, Viktor Matthias""",Badelied,6.1
Bürde - Rundgesang für Fröhliche,"""Bürde, Samuel Gottlieb""",Rundgesang für Fröhliche,5.3
Bürger - Adeline,"""Bürger, Gottfried August""",Adeline,6.41
Bürger - An Adoniden,"""Bürger, Gottfried August""",An Adoniden,"4.65,4.67"
Bürger - An Agathe,"""Bürger, Gottfried August""",An Agathe,4.49
Bürger - An Amalchen,"""Bürger, Gottfried August""",An Amalchen,4.36
Bürger - An Amalien,"""Bürger, Gottfried August""",An Amalien,4.93
Bürger - An Demoiselle Wagemann,"""Bürger, Gottfried August""",An Demoiselle Wagemann,4.63
Bürger - An den Traumgott,"""Bürger, Gottfried August""",An den Traumgott,8.11
Bürger - An die Nymphe des Negenborns,"""Bürger, Gottfried August""",An die Nymphe des Negenborns,5.8
Bürger - An ein Maienlüftchen,"""Bürger, Gottfried August""",An ein Maienlüftchen,4.84
Bürger - An Themiren,"""Bürger, Gottfried August""",An Themiren,4.20
Bürger - An..Y..,"""Bürger, Gottfried August""",An..Y..,7.11
Bürger - Auch ein Lied an den lieben Mond,"""Bürger, Gottfried August""",Auch ein Lied an den lieben Mond,4.106
Bürger - Ballade,"""Bürger, Gottfried August""",Ballade,4.34
Bürger - Belling,"""Bürger, Gottfried August""",Belling,8.47
Bürger - Danklied,"""Bürger, Gottfried August""",Danklied,4.58
Bürger - Das Blümchen Wunderhold,"""Bürger, Gottfried August""",Das Blümchen Wunderhold,8.14
Bürger - Das harte Mädchen,"""Bürger, Gottfried August""",Das harte Mädchen,4.36
Bürger - Das Lied vom braven Manne,"""Bürger, Gottfried August""",Das Lied vom braven Manne,6.33
"Bürger - Das Mädel, das ich meine","""Bürger, Gottfried August""","Das Mädel, das ich meine",6.33
Bürger - Das neue Leben,"""Bürger, Gottfried August""",Das neue Leben,6.23
Bürger - Das vergnügte Leben,"""Bürger, Gottfried August""",Das vergnügte Leben,4.103
Bürger - Der Bruder Graurock und die Pilgerin,"""Bürger, Gottfried August""",Der Bruder Graurock und die Pilgerin,5.3
Bürger - Der große Mann,"""Bürger, Gottfried August""",Der große Mann,"3.4,3.4aaa"
Bürger - Der Kaiser und der Abt,"""Bürger, Gottfried August""",Der Kaiser und der Abt,4.70
Bürger - Der Liebesdichter,"""Bürger, Gottfried August""",Der Liebesdichter,4.36
Bürger - Der Raubgraf,"""Bürger, Gottfried August""",Der Raubgraf,6.14
Bürger - Der Schatzgräber,"""Bürger, Gottfried August""",Der Schatzgräber,6.33
Bürger - Des armen Suschens Traum,"""Bürger, Gottfried August""",Des armen Suschens Traum,4.34
Bürger - Des Pfarrers Tochter von Taubenhain,"""Bürger, Gottfried August""",Des Pfarrers Tochter von Taubenhain,5.5
Bürger - Die beiden Liebenden,"""Bürger, Gottfried August""",Die beiden Liebenden,8.34
Bürger - Die Bitte,"""Bürger, Gottfried August""",Die Bitte,6.37
Bürger - Die Entführung oder Ritter Karl von Eichenhorst und Fräulein Gertrude von Hochburg,"""Bürger, Gottfried August""",Die Entführung oder Ritter Karl von Eichenhorst und Fräulein Gertrude von Hochburg,8.17
"Bürger - Die Hexe, die ich meine","""Bürger, Gottfried August""","Die Hexe, die ich meine",6.33
Bürger - Die Kuh,"""Bürger, Gottfried August""",Die Kuh,"4.37,4.37a"
Bürger - Die Tode,"""Bürger, Gottfried August""",Die Tode,4.119
Bürger - Die Weiber von Weinsberg,"""Bürger, Gottfried August""",Die Weiber von Weinsberg,6.15
Bürger - Ein Romanzchen,"""Bürger, Gottfried August""",Ein Romanzchen,4.36
Bürger - Elegie. Als Molly sich losreißen wollte,"""Bürger, Gottfried August""",Elegie. Als Molly sich losreißen wollte,8.26
Bürger - Feldjägerlied,"""Bürger, Gottfried August""",Feldjägerlied,5.3
Bürger - Frau Schnips,"""Bürger, Gottfried August""",Frau Schnips,4.36
Bürger - Gegenliebe,"""Bürger, Gottfried August""",Gegenliebe,4.46
Bürger - Geweihtes Angebinde,"""Bürger, Gottfried August""",Geweihtes Angebinde,4.90
Bürger - Herr Bacchus,"""Bürger, Gottfried August""",Herr Bacchus,4.36
Bürger - Himmel und Erde,"""Bürger, Gottfried August""",Himmel und Erde,5.8
Bürger - Huldigungslied,"""Bürger, Gottfried August""",Huldigungslied,4.49
Bürger - Lenardo und Blandine,"""Bürger, Gottfried August""",Lenardo und Blandine,4.62
Bürger - Lenore,"""Bürger, Gottfried August""",Lenore,8.17
Bürger - Liebeszauber,"""Bürger, Gottfried August""",Liebeszauber,6.22
Bürger - Lied,"""Bürger, Gottfried August""",Lied,4.67
Bürger - Lust am Liebchen,"""Bürger, Gottfried August""",Lust am Liebchen,4.34
Bürger - Männerkeuschheit,"""Bürger, Gottfried August""",Männerkeuschheit,4.58
Bürger - Minnesold,"""Bürger, Gottfried August""",Minnesold,6.27
Bürger - Mollys Abschied,"""Bürger, Gottfried August""",Mollys Abschied,4.93
Bürger - Mollys Wert,"""Bürger, Gottfried August""",Mollys Wert,8.7
Bürger - Neuseeländisches Schlachtlied,"""Bürger, Gottfried August""",Neuseeländisches Schlachtlied,4.62
Bürger - Ode an Seine Königliche Hoheit,"""Bürger, Gottfried August""",Ode an Seine Königliche Hoheit,4.80
Bürger - Ode der fünfzigsten Jubelfeier der Georgia Augusta am 17. Sept. 1787,"""Bürger, Gottfried August""",Ode der fünfzigsten Jubelfeier der Georgia Augusta am 17. Sept. 1787,4.79
Bürger - Resignation,"""Bürger, Gottfried August""",Resignation,4.69
Bürger - Robert,"""Bürger, Gottfried August""",Robert,4.36
Bürger - Sankt Stephan,"""Bürger, Gottfried August""",Sankt Stephan,8.17
Bürger - Schön Suschen,"""Bürger, Gottfried August""",Schön Suschen,8.14
Bürger - Schön wie der Apfelbaum im,"""Bürger, Gottfried August""",Schön wie der Apfelbaum im Mai,8.17
Bürger - Schwanenlied,"""Bürger, Gottfried August""",Schwanenlied,8.7
Bürger - Seufzer eines Ungeliebten,"""Bürger, Gottfried August""",Seufzer eines Ungeliebten,4.67
Bürger - Ständchen,"""Bürger, Gottfried August""",Ständchen,6.15
Bürger - Straflied,"""Bürger, Gottfried August""",Straflied,4.34
Bürger - Stutzertändelei,"""Bürger, Gottfried August""",Stutzertändelei,4.20
Bürger - Trautei,"""Bürger, Gottfried August""",Trautei,8.15
Bürger - Volkers Schwanenlied,"""Bürger, Gottfried August""",Volkers Schwanenlied,4.69
Bürger - Vorgefühl der Gesundheit,"""Bürger, Gottfried August""",Vorgefühl der Gesundheit,8.41
Bürger - Winterlied,"""Bürger, Gottfried August""",Winterlied,6.14
Bürger - Zechlied,"""Bürger, Gottfried August""",Zechlied,8.13
Bürger - Zum Geburtstage,"""Bürger, Gottfried August""",Zum Geburtstage,4.67
Bürger - Zum Geburtstage des Amtmanns,"""Bürger, Gottfried August""",Zum Geburtstage des Amtmanns,4.47
Burmann - Gold und Silber wünscht ich mir,"""Burmann, Gottlieb Wilhelm""",Gold und Silber wünscht ich mir,8.21
Busch - Beneidenswert,"""Busch, Wilhelm""",Beneidenswert,4.67
Busch - Beruhigt,"""Busch, Wilhelm""",Beruhigt,4.54
Busch - Der Geist,"""Busch, Wilhelm""",Der Geist,4.34
Busch - Der Schatz,"""Busch, Wilhelm""",Der Schatz,4.34
Busch - Die ängstliche Nacht,"""Busch, Wilhelm""",Die ängstliche Nacht,2.5
Busch - Die fromme Helene,"""Busch, Wilhelm""",Die fromme Helene,2.5
Busch - Die Mohrenträne,"""Busch, Wilhelm""",Die Mohrenträne,4.54
Busch - Doppelte Freude,"""Busch, Wilhelm""",Doppelte Freude,4.36
Busch - Glaube,"""Busch, Wilhelm""",Glaube,4.54
Busch - Gründliche Heilung,"""Busch, Wilhelm""",Gründliche Heilung,4.20
Busch - Leider,"""Busch, Wilhelm""",Leider,4.67
Busch - Liebesgeschichten des Jeremias,"""Busch, Wilhelm""",Liebesgeschichten des Jeremias,4.20
Busch - Max und Moritz,"""Busch, Wilhelm""",Max und Moritz,"2.3,2.4"
Busch - Niemals,"""Busch, Wilhelm""",Niemals,4.36
Busch - Peinlich berührt,"""Busch, Wilhelm""",Peinlich berührt,4.20
Busch - Reue,"""Busch, Wilhelm""",Reue,4.40
Busch - Romanze,"""Busch, Wilhelm""",Romanze,4.34
Busch - Schreckliche Folgen eines,"""Busch, Wilhelm""",Schreckliche Folgen eines,4.49
Busch - Sehr tadelnswert ist unser,"""Busch, Wilhelm""",Sehr tadelnswert ist unser,4.36
Busch - Sei ein braver Biedermann,"""Busch, Wilhelm""",Sei ein braver Biedermann,4.46
Busch - Trauriges Resultat einer,"""Busch, Wilhelm""",Trauriges Resultat einer,4.49
Busch - Tröstlich,"""Busch, Wilhelm""",Tröstlich,4.34
Busch - Unbillig,"""Busch, Wilhelm""",Unbillig,4.28
Busch - Unfrei,"""Busch, Wilhelm""",Unfrei,4.67
Busch - Vielleicht,"""Busch, Wilhelm""",Vielleicht,4.54
Busch - Wer möchte diesen Erdenball,"""Busch, Wilhelm""",Wer möchte diesen Erdenball,4.36
Busch - Wie St. Korbianus nach,"""Busch, Wilhelm""",Wie St. Korbianus nach,2.14
Busch - Wie üblich,"""Busch, Wilhelm""",Wie üblich,4.54
Busta - Gebet einer Sünderin,"""Busta, Christine""",Gebet einer Sünderin,4.106
Busta - Nachruf,"""Busta, Christine""",Nachruf,4.68
"Büttner - Da Jesus Christus, Gottes Sohn","""Büttner, Wolff""","Da Jesus Christus, Gottes Sohn",5.6
Bythner - Jammer und Elend / Kummer / Angst und Plagen,"""Bythner, Andreas""",Jammer und Elend / Kummer / Angst und Plagen,4.83
"Campe - O Liebesglut, wie soll ich dich","""Campe, Friedrich Adolf""","O Liebesglut, wie soll ich dich",7.7
Canitz - Abendlied in des Verfassers letzter Krankheit,"""Canitz, Friedrich Rudolf von""",Abendlied in des Verfassers letzter Krankheit,8.7
Canitz - Dankschreiben an zwei Fräulein in Schwerin,"""Canitz, Friedrich Rudolf von""",Dankschreiben an zwei Fräulein in Schwerin,8.34
"Canitz - Morgenlied (Seele, du must munter werden)","""Canitz, Friedrich Rudolf von""","Morgenlied (Seele, du must munter werden)",6.12
Canitz - Todesgedanken,"""Canitz, Friedrich Rudolf von""",Todesgedanken,8.17
Canitz - Zufriedenheit im niedrigen Stande,"""Canitz, Friedrich Rudolf von""",Zufriedenheit im niedrigen Stande,8.38
Carossa - Blasser Mond,"""Carossa, Hans""",Blasser Mond,2.8
Carossa - Der alte Brunnen,"""Carossa, Hans""",Der alte Brunnen,4.106
Carossa - Der Morgengang,"""Carossa, Hans""",Der Morgengang,4.103
Carossa - Die Fremde auf meiner Bank,"""Carossa, Hans""",Die Fremde auf meiner Bank,4.103
Carossa - Erwachen aus einer Träumerei,"""Carossa, Hans""",Erwachen aus einer Träumerei,4.68
Carossa - Fahrt,"""Carossa, Hans""",Fahrt,4.34
Carossa - Geheimnisse,"""Carossa, Hans""",Geheimnisse,4.2
Carossa - Gestreift vom Todeswind,"""Carossa, Hans""",Gestreift vom Todeswind,4.38
Carossa - Nach banger Nacht,"""Carossa, Hans""",Nach banger Nacht,4.10
Carossa - Stern über der Lichtung,"""Carossa, Hans""",Stern über der Lichtung,4.103
Celan - Inselhin,"""Celan, Paul""",Inselhin,4.21
Celan - Kermorvan,"""Celan, Paul""",Kermorvan,4.21
"Celan - Selbdritt, selbviert","""Celan, Paul""","Selbdritt, selbviert",2.4
Celan - So bist du denn geworden,"""Celan, Paul""",So bist du denn geworden,4.20
"Celan - So schlafe, mein Aug wird","""Celan, Paul""","So schlafe, mein Aug wird",4.106
Celan - Zu zweien,"""Celan, Paul""",Zu zweien,4.21
Chamisso - Abschied von Simonde Sismondi,"""Chamisso, Adelbert von""",Abschied von Simonde Sismondi,6.30
Chamisso - Bei ihrem Grabe,"""Chamisso, Adelbert von""",Bei ihrem Grabe,4.46
Chamisso - Bisson vor Stampalin,"""Chamisso, Adelbert von""",Bisson vor Stampalin,3.7
Chamisso - Das Burgfräulein von Windeck,"""Chamisso, Adelbert von""",Das Burgfräulein von Windeck,4.21
Chamisso - Das Mädchen zu Cadix,"""Chamisso, Adelbert von""",Das Mädchen zu Cadix,4.56
Chamisso - Das Mordtal,"""Chamisso, Adelbert von""",Das Mordtal,3.7
Chamisso - Das Riesenspielzeug,"""Chamisso, Adelbert von""",Das Riesenspielzeug,4.114
Chamisso - Das Schloß Boncourt,"""Chamisso, Adelbert von""",Das Schloß Boncourt,4.21
Chamisso - Das Urteil des Schemjáka,"""Chamisso, Adelbert von""",Das Urteil des Schemjáka,7.7
Chamisso - Der alte Sänger,"""Chamisso, Adelbert von""",Der alte Sänger,8.0
Chamisso - Der Bettler und sein Hund,"""Chamisso, Adelbert von""",Der Bettler und sein Hund,4.62
Chamisso - Der rechte Barbier,"""Chamisso, Adelbert von""",Der rechte Barbier,7.7
Chamisso - Der Sohn der Witwe,"""Chamisso, Adelbert von""",Der Sohn der Witwe,2.6
Chamisso - Der Waldmann,"""Chamisso, Adelbert von""",Der Waldmann,5.10
Chamisso - Die drei Schwestern,"""Chamisso, Adelbert von""",Die drei Schwestern,6.43
Chamisso - Die drei Sonnen,"""Chamisso, Adelbert von""",Die drei Sonnen,4.21
Chamisso - Die Müllerin,"""Chamisso, Adelbert von""",Die Müllerin,4.21
Chamisso - Die Mutter am Kreuze,"""Chamisso, Adelbert von""",Die Mutter am Kreuze,6.30
Chamisso - Die Mutter und das Kind,"""Chamisso, Adelbert von""",Die Mutter und das Kind,8.7
Chamisso - Die rote Hanne,"""Chamisso, Adelbert von""",Die rote Hanne,8.37
Chamisso - Die Sonne bringt es an den Tag,"""Chamisso, Adelbert von""",Die Sonne bringt es an den Tag,5.10
Chamisso - Die versunkene Burg,"""Chamisso, Adelbert von""",Die versunkene Burg,4.114
Chamisso - Die Weiber von Winsperg,"""Chamisso, Adelbert von""",Die Weiber von Winsperg,4.114
Chamisso - Erwachen,"""Chamisso, Adelbert von""",Erwachen,8.48
Chamisso - Frisch gesungen,"""Chamisso, Adelbert von""",Frisch gesungen,4.21
Chamisso - Frühling,"""Chamisso, Adelbert von""",Frühling,4.35
Chamisso - Frühlingslied,"""Chamisso, Adelbert von""",Frühlingslied,5.6
Chamisso - Herzog Huldreich und Beatrix,"""Chamisso, Adelbert von""",Herzog Huldreich und Beatrix,4.35
Chamisso - Laß ruhn die Toten,"""Chamisso, Adelbert von""",Laß ruhn die Toten,4.21
Chamisso - Lebewohl,"""Chamisso, Adelbert von""",Lebewohl,4.59
Chamisso - Lord Byrons letzte Liebe,"""Chamisso, Adelbert von""",Lord Byrons letzte Liebe,4.93
Chamisso - Minnedienst,"""Chamisso, Adelbert von""",Minnedienst,4.54
Chamisso - Salas y Gomez raget aus den Fluten,"""Chamisso, Adelbert von""",Salas y Gomez raget aus den Fluten,3.7
Chamisso - Tragische Geschichte,"""Chamisso, Adelbert von""",Tragische Geschichte,3.2
Chamisso - Traum und Erwachen,"""Chamisso, Adelbert von""",Traum und Erwachen,8.47
Chamisso - Vetter Anselmo,"""Chamisso, Adelbert von""",Vetter Anselmo,4.58
Chamisso - Winter,"""Chamisso, Adelbert von""",Winter,4.13
Chamisso - Zur Unzeit,"""Chamisso, Adelbert von""",Zur Unzeit,4.21
"Chemnitz - Schleswig-Holstein, meerumschlungen","""Chemnitz, Matthäus Friedrich""","Schleswig-Holstein, meerumschlungen",6.27
"Clajus - Lobe mit Zimbeln, der ob allen Himmeln","""Clajus, Johannes""","Lobe mit Zimbeln, der ob allen Himmeln",4.83
"Claudius, H. - Abend an der Elbe","""Claudius, Hermann""",Abend an der Elbe,4.103
"Claudius, H. - Abendlied","""Claudius, Hermann""",Abendlied,4.20
"Claudius, H. - Achtern Wien","""Claudius, Hermann""",Achtern Wien,6.1
"Claudius, H. - Die Gottesorgel","""Claudius, Hermann""",Die Gottesorgel,2.14
"Claudius, H. - Einfältig Lied","""Claudius, Hermann""",Einfältig Lied,4.20
"Claudius, H. - Fieravend in'n Haven","""Claudius, Hermann""",Fieravend in'n Haven,2.3
"Claudius, H. - Holsteinisches Dorf","""Claudius, Hermann""",Holsteinisches Dorf,4.66
"Claudius, H. - Legende","""Claudius, Hermann""",Legende,2.5
"Claudius, H. - Martje Flor","""Claudius, Hermann""",Martje Flor,2.5
"Claudius, H. - Morgenfrühe","""Claudius, Hermann""",Morgenfrühe,2.3
"Claudius, H. - Nachtleed","""Claudius, Hermann""",Nachtleed,6.42
"Claudius, H. - Oktoberlied","""Claudius, Hermann""",Oktoberlied,4.1
"Claudius, H. - Ole Hüüs","""Claudius, Hermann""",Ole Hüüs,4.59
"Claudius, H. - Seliges Lied","""Claudius, Hermann""",Seliges Lied,3.6
"Claudius, H. - Sneeleed","""Claudius, Hermann""",Sneeleed,8.19
"Claudius, H. - Vollmondnacht","""Claudius, Hermann""",Vollmondnacht,2.2
"Claudius, H. - Wegenleed","""Claudius, Hermann""",Wegenleed,4.42
"Claudius, H. - Winterweg","""Claudius, Hermann""",Winterweg,4.104
"Claudius, M. - Abendlied (Der Mond ist aufgegangen)","""Claudius, Matthias""",Abendlied (Der Mond ist aufgegangen),6.9
"Claudius, M. - Abendlied eines Bauersmanns","""Claudius, Matthias""",Abendlied eines Bauersmanns,4.38
"Claudius, M. - An des Königs Geburtstag","""Claudius, Matthias""",An des Königs Geburtstag,6.15
"Claudius, M. - An meinen Vater","""Claudius, Matthias""",An meinen Vater,4.67
"Claudius, M. - Apostrophe an unsern","""Claudius, Matthias""",Apostrophe an unsern,4.32
"Claudius, M. - Das Wandsbecker Liedchen","""Claudius, Matthias""",Das Wandsbecker Liedchen,4.32
"Claudius, M. - De arte poetica","""Claudius, Matthias""",De arte poetica,4.36
"Claudius, M. - Der Frühling. Am ersten Maimorgen","""Claudius, Matthias""",Der Frühling. Am ersten Maimorgen,4.90
"Claudius, M. - Der glückliche Bauer","""Claudius, Matthias""",Der glückliche Bauer,4.34
"Claudius, M. - Der Säemann säet den Samen","""Claudius, Matthias""",Der Säemann säet den Samen,3.0
"Claudius, M. - Des alten lahmen Invaliden","""Claudius, Matthias""",Des alten lahmen Invaliden,4.38
"Claudius, M. - Die Geschichte von Goliath und David","""Claudius, Matthias""","Die Geschichte von Goliath und David,in Reime bracht",6.14
"Claudius, M. - Die Sternseherin Lise","""Claudius, Matthias""",Die Sternseherin Lise,4.34
"Claudius, M. - Ein Gülden ABC","""Claudius, Matthias""",Ein Gülden ABC,2.5
"Claudius, M. - Ein Lied (Ich bin vergnügt, im Siegeston / Verkünd es mein Gedicht))","""Claudius, Matthias""","Ein Lied (Ich bin vergnügt, im Siegeston / Verkünd es mein Gedicht)",6.14
"Claudius, M. - Ein Lied hinterm Ofen zu singen","""Claudius, Matthias""",Ein Lied hinterm Ofen zu singen,4.36
"Claudius, M. - Ein Lied vom Reifen","""Claudius, Matthias""",Ein Lied vom Reifen,4.34
"Claudius, M. - Ein Wiegenlied bei Mondschein zu singen","""Claudius, Matthias""",Ein Wiegenlied bei Mondschein zu singen,4.9
"Claudius, M. - Frau Rebekka mit den Kindern","""Claudius, Matthias""",Frau Rebekka mit den Kindern,4.36
"Claudius, M. - Fritze","""Claudius, Matthias""",Fritze,4.40
"Claudius, M. - Fritze an Franz","""Claudius, Matthias""",Fritze an Franz,4.34
"Claudius, M. - Füllt noch einmal die Gläser","""Claudius, Matthias""",Füllt noch einmal die Gläser,4.34
"Claudius, M. - Klage um Ali Bey","""Claudius, Matthias""",Klage um Ali Bey,4.32
"Claudius, M. - Kriegslied","""Claudius, Matthias""",Kriegslied,4.76
"Claudius, M. - Krön und Szepter","""Claudius, Matthias""",Krön und Szepter,4.32
"Claudius, M. - Mein Neujahrslied","""Claudius, Matthias""",Mein Neujahrslied,4.36
"Claudius, M. - Nach der Krankheit","""Claudius, Matthias""",Nach der Krankheit,4.76
"Claudius, M. - Pasteten hin, Pasteten her","""Claudius, Matthias""","Pasteten hin, Pasteten her",5.4
"Claudius, M. - Phidile","""Claudius, Matthias""",Phidile,4.36
"Claudius, M. - Rheinweinlied","""Claudius, Matthias""",Rheinweinlied,4.76
"Claudius, M. - Schlußlied","""Claudius, Matthias""",Schlußlied,8.27
"Claudius, M. - Serenata, im Walde zu singen","""Claudius, Matthias""","Serenata, im Walde zu singen",4.34
"Claudius, M. - Täglich zu singen","""Claudius, Matthias""",Täglich zu singen,4.36
"Claudius, M. - Till der Holzhacker","""Claudius, Matthias""",Till der Holzhacker,6.19
"Claudius, M. - Urians Nachricht von der neuen Aufklärung","""Claudius, Matthias""",Urians Nachricht von der neuen Aufklärung,6.38
"Claudius, M. - Urians Reise um die Welt","""Claudius, Matthias""",Urians Reise um die Welt,4.36
"Claudius, M. - Wandsbeck, eine Art von","""Claudius, Matthias""","Wandsbeck, eine Art von",4.36
"Claudius, M. - Wiegenlied für die neugeborne","""Claudius, Matthias""",Wiegenlied für die neugeborne,4.32
Collin - Österreichs Landwehr,"""Collin, Heinrich Joseph von""",Österreichs Landwehr,6.32
Conradi - Der verlorene Sohn,"""Conradi, Hermann""",Der verlorene Sohn,8.31
Conradi - Frühlingslied,"""Conradi, Hermann""",Frühlingslied,5.8
Conradi - Heimkehr,"""Conradi, Hermann""",Heimkehr,4.76
Conradi - Kaum dunkelts,"""Conradi, Hermann""",Kaum dunkelts,5.15
Conradi - Nachtwache,"""Conradi, Hermann""",Nachtwache,4.126
Conradi - Neues Leben,"""Conradi, Hermann""",Neues Leben,5.5
Conradi - Noch einmal,"""Conradi, Hermann""",Noch einmal,5.12
Conradi - Nur ein Mensch,"""Conradi, Hermann""",Nur ein Mensch,4.113
Conradi - Verlassen,"""Conradi, Hermann""",Verlassen,5.4
Conz - Auf Klopstocks Bild,"""Conz, Karl Philipp""",Auf Klopstocks Bild,4.58
Conz - Der fremde Spielmann,"""Conz, Karl Philipp""",Der fremde Spielmann,5.4
Conz - Neckarweinlied,"""Conz, Karl Philipp""",Neckarweinlied,7.7
"Cordes - Lebe wohl, vergiß mein nicht","""Cordes, Johann Friedrich""","Lebe wohl, vergiß mein nicht",4.47
Cornelius - Des Rheines Antwort,"""Cornelius, Wilhelm""",Des Rheines Antwort,4.49
"Cramer, J.A. - Der Herr ist Gott und keiner mehr","""Cramer, Johann Andreas""",Der Herr ist Gott und keiner mehr,7.7
"Cramer, J.A. - Nimmt Gott, dem wir vertrauen","""Cramer, Johann Andreas""","Nimmt Gott, dem wir vertrauen",8.7
"Cramer, J.A. - O Gott, von dem wir alles haben","""Cramer, Johann Andreas""","O Gott, von dem wir alles haben",6.38
"Cramer, K.F. - An Betty","""Cramer, Karl Friedrich""",An Betty,8.26
"Cramer, K.F. - An meines Vaters Geburtstage","""Cramer, Karl Friedrich""",An meines Vaters Geburtstage,4.80
"Cress - O Mensch, gedenk die großen Klag","""Cress, Johannes""","O Mensch, gedenk die großen Klag",5.6
"Creutziger - Herr Christ, der einig Gotts Sohn","""Creutziger, Elisabeth""","Herr Christ, der einig Gotts Sohn","7.2,8.9"
Creuz - An den Schlaf,"""Creuz, Friedrich Carl Casimir von""",An den Schlaf,4.106
Cronegk - Abendandacht,"""Cronegk, Johann Friedrich von""",Abendandacht,8.7
Cronegk - An Chioris,"""Cronegk, Johann Friedrich von""",An Chioris,4.111
Cronegk - An die Muse,"""Cronegk, Johann Friedrich von""",An die Muse,4.111
Cronegk - An eine Freundin,"""Cronegk, Johann Friedrich von""",An eine Freundin,4.111
Cronegk - An Phillis,"""Cronegk, Johann Friedrich von""",An Phillis,8.37
Cronegk - Das glückliche Leben,"""Cronegk, Johann Friedrich von""",Das glückliche Leben,8.37
Cronegk - Das Kind,"""Cronegk, Johann Friedrich von""",Das Kind,6.34
Cronegk - Der fröhliche Dichter,"""Cronegk, Johann Friedrich von""",Der fröhliche Dichter,6.30
Cronegk - Der Herbst,"""Cronegk, Johann Friedrich von""",Der Herbst,4.85
Cronegk - Der Krieg,"""Cronegk, Johann Friedrich von""",Der Krieg,10.9
Cronegk - Der Morgen,"""Cronegk, Johann Friedrich von""",Der Morgen,8.7
Cronegk - Der Philosoph,"""Cronegk, Johann Friedrich von""",Der Philosoph,8.36
Cronegk - Der schlafende Amor,"""Cronegk, Johann Friedrich von""",Der schlafende Amor,6.7
Cronegk - Die Freiheit,"""Cronegk, Johann Friedrich von""",Die Freiheit,4.49
Cronegk - Die verkleidete Liebe,"""Cronegk, Johann Friedrich von""",Die verkleidete Liebe,4.67
Cronegk - Empfindungen einer Schäferin,"""Cronegk, Johann Friedrich von""",Empfindungen einer Schäferin,4.67
Cronegk - Ermunterung zum Lobe Gottes,"""Cronegk, Johann Friedrich von""",Ermunterung zum Lobe Gottes,10.3
Cronegk - Gedanken einer Schäferin,"""Cronegk, Johann Friedrich von""",Gedanken einer Schäferin,8.37
Cronegk - Romanze,"""Cronegk, Johann Friedrich von""",Romanze,8.11
Cronegk - Vertrauen auf Gott,"""Cronegk, Johann Friedrich von""",Vertrauen auf Gott,7.7
Czepko - Alles auf Eines,"""Czepko, Daniel von""",Alles auf Eines,4.45
Czepko - Alte Buhler / gewisse Narren,"""Czepko, Daniel von""",Alte Buhler / gewisse Narren,4.117
Czepko - Auf einen Handschuh,"""Czepko, Daniel von""",Auf einen Handschuh,4.47
Czepko - Aus dem Schatten zum Wesen. An den Schatten,"""Czepko, Daniel von""",Aus dem Schatten zum Wesen. An den Schatten,4.113
Czepko - Bußlied an den Sohn Gottes,"""Czepko, Daniel von""",Bußlied an den Sohn Gottes,4.53
Czepko - Das fünfte Wort,"""Czepko, Daniel von""",Das fünfte Wort,2.4
Czepko - Das sechste Wort,"""Czepko, Daniel von""",Das sechste Wort,6.45
Czepko - Der achtunddreißigste Psalm,"""Czepko, Daniel von""",Der achtunddreißigste Psalm,4.64
Czepko - Der hundertunddreißigste Psalm,"""Czepko, Daniel von""",Der hundertunddreißigste Psalm,4.102
Czepko - Die dich an das Holz gezweckt,"""Czepko, Daniel von""",Die dich an das Holz gezweckt,6.23
Czepko - Ehe ärger als besser,"""Czepko, Daniel von""",Ehe ärger als besser,4.117
Czepko - Erkenntnis offenbart,"""Czepko, Daniel von""",Erkenntnis offenbart,4.42
Czepko - Heilige Stunden,"""Czepko, Daniel von""",Heilige Stunden,8.13
"Czepko - Je heimlicher, je inbrünstiger","""Czepko, Daniel von""","Je heimlicher, je inbrünstiger",4.45
"Czepko - Je inniger, je furchtbarer","""Czepko, Daniel von""","Je inniger, je furchtbarer",4.117
Czepko - Kreuzigung,"""Czepko, Daniel von""",Kreuzigung,4.58
Czepko - Leben aus dem Tod,"""Czepko, Daniel von""",Leben aus dem Tod,4.117
Czepko - Nach der Ursache,"""Czepko, Daniel von""",Nach der Ursache,4.115
Czepko - Nutzen des Unglücks,"""Czepko, Daniel von""",Nutzen des Unglücks,4.120
Czepko - Pierie,"""Czepko, Daniel von""",Pierie,"4.20,4.58,6.6"
Czepko - Rede aus meinem Grabe,"""Czepko, Daniel von""",Rede aus meinem Grabe,6.15
Czepko - Religio der allerschädlichste,"""Czepko, Daniel von""",Religio der allerschädlichste,4.115
Czepko - Seele denk an diesen Tag,"""Czepko, Daniel von""",Seele denk an diesen Tag,6.23
"Czepko - Trostlied (Auf, mein Herze, bleib hier stehen)","""Czepko, Daniel von""","Trostlied (Auf, mein Herze, bleib hier stehen)",6.29
Czepko - Vergessenheit,"""Czepko, Daniel von""",Vergessenheit,4.46
Czepko - Verliebte Gedanken,"""Czepko, Daniel von""",Verliebte Gedanken,4.18
Czepko - Verschonen heißt Strafen,"""Czepko, Daniel von""",Verschonen heißt Strafen,4.47
Czepko - Von dem Äußern zum Innern,"""Czepko, Daniel von""",Von dem Äußern zum Innern,4.115
Czepko - Wallsteinischer Aufruhr,"""Czepko, Daniel von""",Wallsteinischer Aufruhr,4.116
"Czepko - Wie das Gesichte, so die","""Czepko, Daniel von""","Wie das Gesichte, so die",4.17
"Czepko - Zur Lust, nicht zum Nutz","""Czepko, Daniel von""","Zur Lust, nicht zum Nutz",4.118
Dach - Ach wie verkehrt es sich so sehr,"""Dach, Simon""",Ach wie verkehrt es sich so sehr,10.3
Dach - Alles läuft mit mir zum Ende,"""Dach, Simon""",Alles läuft mit mir zum Ende,6.12
Dach - Bleib du nur fest an Gottes Wort,"""Dach, Simon""",Bleib du nur fest an Gottes Wort,10.8
"Dach - Damon, wo hinfort dich Preußen","""Dach, Simon""","Damon, wo hinfort dich Preußen",6.25
"Dach - Dein Zorn will, Herr, mir","""Dach, Simon""","Dein Zorn will, Herr, mir",4.84
Dach - Der Mensch hat nichts so eigen,"""Dach, Simon""",Der Mensch hat nichts so eigen,8.7
Dach - Der Schrecken des Gerichts,"""Dach, Simon""",Der Schrecken des Gerichts,6.4
Dach - Der Tag beginnet zu vergehen,"""Dach, Simon""",Der Tag beginnet zu vergehen,6.37
Dach - Des Herren Güte macht allein,"""Dach, Simon""",Des Herren Güte macht allein,6.34
Dach - Die Lust hat mich gezwungen,"""Dach, Simon""",Die Lust hat mich gezwungen,4.20
Dach - Die Sonne rennt mit Prangen,"""Dach, Simon""",Die Sonne rennt mit Prangen,4.20
"Dach - Du, o getreue Mutter, Erde","""Dach, Simon""","Du, o getreue Mutter, Erde",6.37
Dach - Ei so gebt Gott allerseit,"""Dach, Simon""",Ei so gebt Gott allerseit,7.8
Dach - Ein Mann von gutem Rat,"""Dach, Simon""",Ein Mann von gutem Rat,6.4
Dach - Es vergeht mir alle Lust,"""Dach, Simon""",Es vergeht mir alle Lust,8.13
Dach - Frühlings-Lob- und Danklied (Ei so gebt Gott allerseit),"""Dach, Simon""",Frühlings-Lob- und Danklied (Ei so gebt Gott allerseit),7.8
Dach - Gott herrschet und hält bei uns Haus,"""Dach, Simon""",Gott herrschet und hält bei uns Haus,7.7
"Dach - Halt aus, mein Herz, und sei","""Dach, Simon""","Halt aus, mein Herz, und sei",6.37
"Dach - Herr Gott, meine Seele ringet","""Dach, Simon""","Herr Gott, meine Seele ringet",7.10
"Dach - Herr, es mangelt nicht an dir","""Dach, Simon""","Herr, es mangelt nicht an dir",6.23
Dach - Ich steh in Angst und Pein,"""Dach, Simon""",Ich steh in Angst und Pein,6.4
Dach - Ich will aus voller Seelen,"""Dach, Simon""",Ich will aus voller Seelen,8.6
"Dach - Jesu, Quell gewünschter","""Dach, Simon""","Jesu, Quell gewünschter",6.26
Dach - Klag- und Trostlied,"""Dach, Simon""",Klag- und Trostlied,4.84
"Dach - Komm, Dorinde, laß uns eilen","""Dach, Simon""","Komm, Dorinde, laß uns eilen",6.27
Dach - Lasset uns emsig Gott den,"""Dach, Simon""",Lasset uns emsig Gott den,4.84
Dach - Lesbia mein Leben,"""Dach, Simon""",Lesbia mein Leben,10.1
Dach - Mein Urteil widerrät es mir,"""Dach, Simon""",Mein Urteil widerrät es mir,6.36
Dach - Nachdem die schnöde Missetat,"""Dach, Simon""",Nachdem die schnöde Missetat,5.10
Dach - Nimfe gibt mir selbst den,"""Dach, Simon""",Nimfe gibt mir selbst den,4.42
"Dach - Nimm dich, o meine Seel, in acht","""Dach, Simon""","Nimm dich, o meine Seel, in acht",4.64
"Dach - O Amor, Herzenbinder","""Dach, Simon""","O Amor, Herzenbinder",4.19
Dach - O du vormals grünes Feld,"""Dach, Simon""",O du vormals grünes Feld,8.13
Dach - O wie groß ist doch der Mann,"""Dach, Simon""",O wie groß ist doch der Mann,8.23
"Dach - Sei getrost, o meine Seele","""Dach, Simon""","Sei getrost, o meine Seele",6.27
"Dach - Sei, meine Seel, in dich gestellt","""Dach, Simon""","Sei, meine Seel, in dich gestellt",6.36
Dach - Soll denn mein junges Leben,"""Dach, Simon""",Soll denn mein junges Leben,8.5
Dach - Soll ich das Elend und Beschwer,"""Dach, Simon""",Soll ich das Elend und Beschwer,6.15
"Dach - Soll sich der Mensch, die kleine Welt","""Dach, Simon""","Soll sich der Mensch, die kleine Welt",4.64
Dach - Was dir und jener sagt,"""Dach, Simon""",Was dir und jener sagt,6.4
Dach - Was hat ein frommer Christ doch Not,"""Dach, Simon""",Was hat ein frommer Christ doch Not,8.15
Dach - Was stehn und weinen wir zuhauf,"""Dach, Simon""",Was stehn und weinen wir zuhauf,6.16
Dach - Was von mir dein leichter,"""Dach, Simon""",Was von mir dein leichter,6.23
Dach - Was willst du armes Leben,"""Dach, Simon""",Was willst du armes Leben,6.7
Dach - Wer die Weisheit ihm erkoren,"""Dach, Simon""",Wer die Weisheit ihm erkoren,6.30
Dach - Wer erst den Tanz hat aufgebracht,"""Dach, Simon""",Wer erst den Tanz hat aufgebracht,6.19
Dach - Wer hie zu etwas kommen will,"""Dach, Simon""",Wer hie zu etwas kommen will,8.15
Dach - Will sich das Glück denn stets nur weiden,"""Dach, Simon""",Will sich das Glück denn stets nur weiden,7.11
Dach - Wir sehn jetzt sich erfreuen,"""Dach, Simon""",Wir sehn jetzt sich erfreuen,4.20
Dach - Wo lebt ein Mensch auf Erden,"""Dach, Simon""",Wo lebt ein Mensch auf Erden,8.7
"Dach - Wohl dem, der sich beizeiten","""Dach, Simon""","Wohl dem, der sich beizeiten",7.2
"Dach - Wohl dem, der sich nur läßt","""Dach, Simon""","Wohl dem, der sich nur läßt",6.38
Dachser - Hilf mir Gott in deinem Namen,"""Dachser, Jacob""",Hilf mir Gott in deinem Namen,5.6
Dachstein - An Wasserflüssen Babylon (Psalm 137),"""Dachstein, Wolfgang""",An Wasserflüssen Babylon (Psalm 137),10.3
Dahn - Ahnung,"""Dahn, Felix""",Ahnung,2.14
Dahn - Das Leben um die Liebe,"""Dahn, Felix""",Das Leben um die Liebe,4.101
Dahn - Das Lied vom Kaisersohn und,"""Dahn, Felix""",Das Lied vom Kaisersohn und,8.15
Dahn - Deutsches Lied (Bei der Kriegserklärung Frankreichs 19.7. 1870),"""Dahn, Felix""",Deutsches Lied (Bei der Kriegserklärung Frankreichs 19.7. 1870),8.37
Dahn - Gotentreue,"""Dahn, Felix""",Gotentreue,2.5
Dahn - Gotenzug,"""Dahn, Felix""",Gotenzug,4.50
Dahn - Jung Sigurd,"""Dahn, Felix""",Jung Sigurd,6.15
Dahn - König Harfagr und Gydha,"""Dahn, Felix""",König Harfagr und Gydha,4.34
Dahn - Nemesis,"""Dahn, Felix""",Nemesis,5.12
Dahn - Osterglocken,"""Dahn, Felix""",Osterglocken,6.27
Dahn - Ralf Douglas und Rob Percy,"""Dahn, Felix""",Ralf Douglas und Rob Percy,4.36
Dahn - Skalden-Wert,"""Dahn, Felix""",Skalden-Wert,4.67
Dahn - Zur Körnerfeier am 23. September 1891,"""Dahn, Felix""",Zur Körnerfeier am 23. September 1891,6.18
Däubler - Das Nordlicht,"""Däubler, Theodor""",Das Nordlicht,4.106
Däubler - Der Garten,"""Däubler, Theodor""",Der Garten,4.68
Däubler - Der Nachtwandler,"""Däubler, Theodor""",Der Nachtwandler,6.28
Däubler - Der Wanderer,"""Däubler, Theodor""",Der Wanderer,4.121
Däubler - Die Buche,"""Däubler, Theodor""",Die Buche,4.104
Däubler - Die iranische Rhapsodie,"""Däubler, Theodor""",Die iranische Rhapsodie,4.121
Däubler - Ein Lauschender auf blauer Au,"""Däubler, Theodor""",Ein Lauschender auf blauer Au,8.26
Däubler - Einfall,"""Däubler, Theodor""",Einfall,4.106
Däubler - Geheimnis,"""Däubler, Theodor""",Geheimnis,4.106
Däubler - Gesicht,"""Däubler, Theodor""",Gesicht,4.121
Däubler - Herkunft,"""Däubler, Theodor""",Herkunft,4.118
Däubler - Hesperien,"""Däubler, Theodor""",Hesperien,4.121
Däubler - Hymne an Sizilien,"""Däubler, Theodor""",Hymne an Sizilien,4.119
Däubler - Maremma,"""Däubler, Theodor""",Maremma,4.121
Däubler - Ode an Florenz,"""Däubler, Theodor""",Ode an Florenz,4.106
Däubler - Oft,"""Däubler, Theodor""",Oft,4.72
Däubler - Päan und Dithyrambos,"""Däubler, Theodor""",Päan und Dithyrambos,8.47
Däubler - Pan,"""Däubler, Theodor""",Pan,4.68
Däubler - Prolog (zu >Nordlicht<),"""Däubler, Theodor""",Prolog (zu >Nordlicht<),"4.119,4.121"
Däubler - Regen,"""Däubler, Theodor""",Regen,4.119
Däubler - Rom,"""Däubler, Theodor""",Rom,4.68
Däubler - Sang an Pisa,"""Däubler, Theodor""",Sang an Pisa,"3.0,4.121"
Däubler - Sang an Vicenza,"""Däubler, Theodor""",Sang an Vicenza,4.109
Däubler - Schnee,"""Däubler, Theodor""",Schnee,4.106
Däubler - Späte Nacht,"""Däubler, Theodor""",Späte Nacht,"4.68,4.68a"
Däubler - Verliebter Fluß,"""Däubler, Theodor""",Verliebter Fluß,4.119
Dauthendey - Das Dunkel griff uns um den,"""Dauthendey, Max""",Das Dunkel griff uns um den,"3.4,3.4aaa"
Dauthendey - Das Feuer will gebären,"""Dauthendey, Max""",Das Feuer will gebären,4.23
Dauthendey - Das Heu liegt tot am Wege,"""Dauthendey, Max""",Das Heu liegt tot am Wege,4.24
Dauthendey - Das Lied vom Herdbau der Weltfeindlichkeit,"""Dauthendey, Max""",Das Lied vom Herdbau der Weltfeindlichkeit,2.9
Dauthendey - Der Regen scheint besessen,"""Dauthendey, Max""",Der Regen scheint besessen,4.24
Dauthendey - Der tote Baum,"""Dauthendey, Max""",Der tote Baum,4.64
Dauthendey - Der Vollmond,"""Dauthendey, Max""",Der Vollmond,3.2
Dauthendey - Die deutschen Frauen 1915,"""Dauthendey, Max""",Die deutschen Frauen 1915,4.67
Dauthendey - Die Sonne sank,"""Dauthendey, Max""",Die Sonne sank,4.99
Dauthendey - Die Wolken standen wie,"""Dauthendey, Max""",Die Wolken standen wie,3.8
Dauthendey - Ein Jahr,"""Dauthendey, Max""",Ein Jahr,2.10
Dauthendey - Ein Rudel kleiner Wolken,"""Dauthendey, Max""",Ein Rudel kleiner Wolken,4.24
Dauthendey - Es sind nicht leere Lüfte,"""Dauthendey, Max""",Es sind nicht leere Lüfte,3.6
Dauthendey - Gebet,"""Dauthendey, Max""",Gebet,4.15
Dauthendey - Gezähmt soll sein der,"""Dauthendey, Max""",Gezähmt soll sein der,"3.4,3.4aaa"
"Dauthendey - Höre mich, Geliebte mein","""Dauthendey, Max""","Höre mich, Geliebte mein",4.45
Dauthendey - Ich bin so weit von dir,"""Dauthendey, Max""",Ich bin so weit von dir,4.26
Dauthendey - Ich grübe mir gern in die,"""Dauthendey, Max""",Ich grübe mir gern in die,4.70
Dauthendey - Immer neue Küsse gib,"""Dauthendey, Max""",Immer neue Küsse gib,4.42
Dauthendey - Laßt schönstes Wetter zu mir,"""Dauthendey, Max""",Laßt schönstes Wetter zu mir,4.67
Dauthendey - Mein Schatz mit mir am Wege,"""Dauthendey, Max""",Mein Schatz mit mir am Wege,4.60
Dauthendey - Schwere Wolken ziehen hin,"""Dauthendey, Max""",Schwere Wolken ziehen hin,"3.3,3.3aaa"
Dauthendey - Sind je die Zeiten trauriger,"""Dauthendey, Max""",Sind je die Zeiten trauriger,2.10
Dauthendey - Und ob ihr Tod und Teufel,"""Dauthendey, Max""",Und ob ihr Tod und Teufel,4.64
Dauthendey - Weiter fällt mir mein Traum,"""Dauthendey, Max""",Weiter fällt mir mein Traum,4.59
Dauthendey - Wenn doch die Gedanken mir,"""Dauthendey, Max""",Wenn doch die Gedanken mir,4.15
Dauthendey - Wird die Welt ein altes Wrack,"""Dauthendey, Max""",Wird die Welt ein altes Wrack,4.57
Dehmel - An meine Königin,"""Dehmel, Richard""",An meine Königin,4.103
Dehmel - Ausblick,"""Dehmel, Richard""",Ausblick,5.12
Dehmel - Das richtige Pferd,"""Dehmel, Richard""",Das richtige Pferd,6.19
Dehmel - Der gute Hirte,"""Dehmel, Richard""",Der gute Hirte,6.27
Dehmel - Der Vogel Wandelbar,"""Dehmel, Richard""",Der Vogel Wandelbar,5.7
Dehmel - Die Schaukel,"""Dehmel, Richard""",Die Schaukel,4.36
Dehmel - Die Verwandlungen der Venus,"""Dehmel, Richard""",Die Verwandlungen der Venus,4.54
Dehmel - Durch die Nacht,"""Dehmel, Richard""",Durch die Nacht,4.65
Dehmel - Erwartung,"""Dehmel, Richard""",Erwartung,4.15
Dehmel - Eva und der Tod,"""Dehmel, Richard""",Eva und der Tod,"3.7,3.7x"
Dehmel - Evas Klage,"""Dehmel, Richard""",Evas Klage,4.15
Dehmel - Frecher Bengel,"""Dehmel, Richard""",Frecher Bengel,4.40
Dehmel - Herrliches Pärchen,"""Dehmel, Richard""",Herrliches Pärchen,5.8
Dehmel - Im Fluge,"""Dehmel, Richard""",Im Fluge,4.90
Dehmel - Im Zwielicht,"""Dehmel, Richard""",Im Zwielicht,5.8
Dehmel - Jetzt und immer,"""Dehmel, Richard""",Jetzt und immer,4.59
Dehmel - Klarer Tag,"""Dehmel, Richard""",Klarer Tag,2.5
Dehmel - Landung,"""Dehmel, Richard""",Landung,4.109
Dehmel - Lied Kaspar Hausers,"""Dehmel, Richard""",Lied Kaspar Hausers,4.60
Dehmel - Manche Nacht,"""Dehmel, Richard""",Manche Nacht,4.54
Dehmel - Morgenandacht,"""Dehmel, Richard""",Morgenandacht,4.46
Dehmel - Nächtliche Frage,"""Dehmel, Richard""",Nächtliche Frage,4.9
Dehmel - Nächtliche Scheu,"""Dehmel, Richard""",Nächtliche Scheu,4.30
Dehmel - Nur,"""Dehmel, Richard""",Nur,4.48
Dehmel - Rückkehr,"""Dehmel, Richard""",Rückkehr,4.67
Dehmel - Sommerabend,"""Dehmel, Richard""",Sommerabend,4.103
Dehmel - Und dennoch,"""Dehmel, Richard""",Und dennoch,4.60
Dehmel - Verklärung,"""Dehmel, Richard""",Verklärung,6.27
Dehmel - Vorspiel,"""Dehmel, Richard""",Vorspiel,4.66
Delius - Springers Jahreslauf,"""Delius, Friedrich Christian""",Springers Jahreslauf,4.42
Denicke - Da Jesus an dem Kreuzesstamm,"""Denicke, David""",Da Jesus an dem Kreuzesstamm,5.6
"Denicke - Gott Vater, Sohn und Geist","""Denicke, David""","Gott Vater, Sohn und Geist",4.120
Denicke - Ich glaub an einen Gott allein,"""Denicke, David""",Ich glaub an einen Gott allein,13.1
"Denicke - Lehr mich, o Herr, du treuer Gott","""Denicke, David""","Lehr mich, o Herr, du treuer Gott",13.1
Denis - An den Oberbarden in Leipzig,"""Denis, Michael""",An den Oberbarden in Leipzig,4.41
Denis - An den Obersten der Barden,"""Denis, Michael""",An den Obersten der Barden,4.80
Denis - An einen Bardenfreund,"""Denis, Michael""",An einen Bardenfreund,4.111
Denis - Auf das Haupt des Starken bei den Markmännern,"""Denis, Michael""",Auf das Haupt des Starken bei den Markmännern,4.79
Denis - Sineds Vaterlandslieder 2,"""Denis, Michael""",Sineds Vaterlandslieder 2,6.30
Denis - Theresia die Gattin,"""Denis, Michael""",Theresia die Gattin,4.41
Denis - Theresia die Kriegerin,"""Denis, Michael""",Theresia die Kriegerin,4.41
Denis - Theresia die Starkmütige,"""Denis, Michael""",Theresia die Starkmütige,4.76
Denis - Theresia die Weise,"""Denis, Michael""",Theresia die Weise,4.111
Dessler - Bestrahle mich mit deiner,"""Deßler, Wolfgang Christoph""",Bestrahle mich mit deiner,8.38
"Dessler - Mein Jesu, dem die Seraphinen","""Deßler, Wolfgang Christoph""","Mein Jesu, dem die Seraphinen",8.36
"Dessler - Mir winkt die Welt, ich mag nicht kommen","""Deßler, Wolfgang Christoph""","Mir winkt die Welt, ich mag nicht kommen",8.35
Dessler - Öffne mir die Perlen-Pforten,"""Deßler, Wolfgang Christoph""",Öffne mir die Perlen-Pforten,10.5
"Dessler - Wie wohl ist mir, o Freund der Seelen","""Deßler, Wolfgang Christoph""","Wie wohl ist mir, o Freund der Seelen",10.9
Dieckelmann - Dat Watt,"""Dieckelmann, Heinrich""",Dat Watt,5.3
"Dietrich - Bedenk, o Mensch, wie große Gnad","""Dietrich, Veit""","Bedenk, o Mensch, wie große Gnad",12.4
"Dilherr - Gehab dich wohl, du schnöde Welt","""Dilherr, Johann Michael""","Gehab dich wohl, du schnöde Welt",4.36
Dilherr - Nun lasset Gottes Güte,"""Dilherr, Johann Michael""",Nun lasset Gottes Güte,4.23
Dinglstedt - An Sir Robert Peel,"""Dingelstedt, Franz""",An Sir Robert Peel,4.49
Dinglstedt - Blau-Weiß-Rot,"""Dingelstedt, Franz""",Blau-Weiß-Rot,8.34
Dinglstedt - Dämmerstunden,"""Dingelstedt, Franz""",Dämmerstunden,4.108
Dinglstedt - Dem Kronprinzen von Württemberg,"""Dingelstedt, Franz""",Dem Kronprinzen von Württemberg,8.46
Dinglstedt - Die Flüchtlinge,"""Dingelstedt, Franz""",Die Flüchtlinge,8.15
Dinglstedt - Die Spinne,"""Dingelstedt, Franz""",Die Spinne,6.3
Dinglstedt - Erste Liebe,"""Dingelstedt, Franz""",Erste Liebe,4.34
Dinglstedt - Fortschritt,"""Dingelstedt, Franz""",Fortschritt,4.109
Dinglstedt - Herr Michel und der Vogel Strauß,"""Dingelstedt, Franz""",Herr Michel und der Vogel Strauß,4.36
Dinglstedt - Osterwort,"""Dingelstedt, Franz""",Osterwort,4.124
Dinglstedt - Père Lachaise,"""Dingelstedt, Franz""",Père Lachaise,8.46
Dinglstedt - Place de la Concorde,"""Dingelstedt, Franz""",Place de la Concorde,4.97
Dinglstedt - Poets-Corner Westminster,"""Dingelstedt, Franz""",Poets-Corner Westminster,8.37
Dinglstedt - Reveille,"""Dingelstedt, Franz""",Reveille,4.124
Dinglstedt - Rheinfahrt,"""Dingelstedt, Franz""",Rheinfahrt,4.124
Dinglstedt - Scheide-Wege,"""Dingelstedt, Franz""",Scheide-Wege,8.48
Dinglstedt - Sonne rief der Rose,"""Dingelstedt, Franz""",Sonne rief der Rose,4.13
Dinglstedt - Spanische Romanze,"""Dingelstedt, Franz""",Spanische Romanze,4.56
Dinglstedt - Ständchen dem Ständehause,"""Dingelstedt, Franz""",Ständchen dem Ständehause,4.123
Dinglstedt - Verständlich für viele,"""Dingelstedt, Franz""",Verständlich für viele,8.37
Dinglstedt - Vision,"""Dingelstedt, Franz""",Vision,4.109
Dinglstedt - Vom Jahrmarkt,"""Dingelstedt, Franz""",Vom Jahrmarkt,8.14
Dinglstedt - Vor Schwanthalers Goethe,"""Dingelstedt, Franz""",Vor Schwanthalers Goethe,6.40
Dinglstedt - Wenn du die Leidenschaft,"""Dingelstedt, Franz""",Wenn du die Leidenschaft,2.10
Dreves - Müde kehrt ein Wandersmann,"""Dreves, Leberecht""",Müde kehrt ein Wandersmann,4.88
"Dreves - Waldandacht (Frühmorgens, wenn die Hähne krähn)","""Dreves, Leberecht""","Waldandacht (Frühmorgens, wenn die Hähne krähn)",4.59
"Dreves - Warum weinst du, holde Gärtnersfrau","""Dreves, Leberecht""","Warum weinst du, holde Gärtnersfrau",4.88
Drollinger - An den Herrn Professor Haller über das Absterben seiner ersten Frau Eheliebsten,"""Drollinger, Carl Friedrich""",An den Herrn Professor Haller über das Absterben seiner ersten Frau Eheliebsten,6.40
Drollinger - Auf die Musik,"""Drollinger, Carl Friedrich""",Auf die Musik,10.9
Drollinger - Der dreißigste Psalm,"""Drollinger, Carl Friedrich""",Der dreißigste Psalm,8.37
Drollinger - Grablied eines Rattenfängers,"""Drollinger, Carl Friedrich""",Grablied eines Rattenfängers,6.19
"Drollinger - Schöpfer, der du alles kennest","""Drollinger, Carl Friedrich""","Schöpfer, der du alles kennest",8.27
Drollinger - Trauer-Ode auf das Absterben [...] Binders,"""Drollinger, Carl Friedrich""",Trauer-Ode auf das Absterben [...] Binders,8.36
Drollinger - Trauerode an Herrn Bürgermeister Falkner,"""Drollinger, Carl Friedrich""",Trauerode an Herrn Bürgermeister Falkner,6.34
Drollinger - Trauerode auf das Absterben der Frau Bürgermeisterin Wettsteinin zu Basel,"""Drollinger, Carl Friedrich""",Trauerode auf das Absterben der Frau Bürgermeisterin Wettsteinin zu Basel,6.39
Drollinger - Über das Doktorat Herrn Johann Rudolf Iselins,"""Drollinger, Carl Friedrich""",Über das Doktorat Herrn Johann Rudolf Iselins,6.39
Drollinger - Über die göttliche Vorsehung,"""Drollinger, Carl Friedrich""",Über die göttliche Vorsehung,10.9
Drollinger - Über die Unsterblichkeit der Seele,"""Drollinger, Carl Friedrich""",Über die Unsterblichkeit der Seele,10.9
Droste-Hülshoff - Am Dienstag in der Karwoche,"""Droste-Hülshoff, Annette von""",Am Dienstag in der Karwoche,8.10
Droste-Hülshoff - Am dritten Sonntage nach hl. drei Könige,"""Droste-Hülshoff, Annette von""",Am dritten Sonntage nach hl. drei Könige,4.104
Droste-Hülshoff - Am elften Sonntage nach Pfingsten,"""Droste-Hülshoff, Annette von""",Am elften Sonntage nach Pfingsten,6.44
Droste-Hülshoff - Am ersten Sonntage nach Pfingsten (Dreifaltigkeit),"""Droste-Hülshoff, Annette von""",Am ersten Sonntage nach Pfingsten (Dreifaltigkeit),8.35
Droste-Hülshoff - Am Feste Mariä Verkündigung,"""Droste-Hülshoff, Annette von""",Am Feste Mariä Verkündigung,12.0
Droste-Hülshoff - Am Grünendonnerstage,"""Droste-Hülshoff, Annette von""",Am Grünendonnerstage,6.7
Droste-Hülshoff - Am Neujahrstage,"""Droste-Hülshoff, Annette von""",Am Neujahrstage,6.46
Droste-Hülshoff - Am Ostermontage,"""Droste-Hülshoff, Annette von""",Am Ostermontage,8.23
Droste-Hülshoff - Am Palmsonntage,"""Droste-Hülshoff, Annette von""",Am Palmsonntage,8.6
Droste-Hülshoff - Am siebenzehnten Sonntag nach Pfingsten,"""Droste-Hülshoff, Annette von""",Am siebenzehnten Sonntag nach Pfingsten,7.7
Droste-Hülshoff - Am Sonntag vor Pfingsten,"""Droste-Hülshoff, Annette von""",Am Sonntag vor Pfingsten,5.11
Droste-Hülshoff - Am Turme,"""Droste-Hülshoff, Annette von""",Am Turme,8.16
Droste-Hülshoff - Am vierten Sonntage in der Fasten (Josefsfest),"""Droste-Hülshoff, Annette von""",Am vierten Sonntage in der Fasten (Josefsfest),6.7
Droste-Hülshoff - Am vierten Sonntage nach Pfingsten,"""Droste-Hülshoff, Annette von""",Am vierten Sonntage nach Pfingsten,5.15
Droste-Hülshoff - Am Weihnachtstage,"""Droste-Hülshoff, Annette von""",Am Weihnachtstage,6.46
Droste-Hülshoff - Am zweiten Sonntage in der Fasten,"""Droste-Hülshoff, Annette von""",Am zweiten Sonntage in der Fasten,8.23
Droste-Hülshoff - Am zweiten Weihnachtstage (Stephanus),"""Droste-Hülshoff, Annette von""",Am zweiten Weihnachtstage (Stephanus),8.32
Droste-Hülshoff - An die Mutter,"""Droste-Hülshoff, Annette von""",An die Mutter,4.67
Droste-Hülshoff - An die Schriftstellerinnen in Deutschland und Frankreich,"""Droste-Hülshoff, Annette von""",An die Schriftstellerinnen in Deutschland und Frankreich,8.48
Droste-Hülshoff - An Elise Rüdiger (Das war gewiß),"""Droste-Hülshoff, Annette von""",An Elise Rüdiger (Das war gewiß),8.34
"Droste-Hülshoff - An Elise Rüdiger (Du weißt es lange wohl, wie wert du mir)","""Droste-Hülshoff, Annette von""","An Elise Rüdiger (Du weißt es lange wohl, wie wert du mir)",8.44
"Droste-Hülshoff - An Levin Schücking (Kein Wort, und wär es scharf)","""Droste-Hülshoff, Annette von""","An Levin Schücking (Kein Wort, und wär es scharf)",6.45
Droste-Hülshoff - An Levin Schücking (Zum zweiten Male will ein Wort),"""Droste-Hülshoff, Annette von""",An Levin Schücking (Zum zweiten Male will ein Wort),8.34
"Droste-Hülshoff - An meinen verehrten Freund, den Freiherrn v. Madroux","""Droste-Hülshoff, Annette von""","An meinen verehrten Freund, den Freiherrn v. Madroux",8.34
Droste-Hülshoff - Auch ein Beruf,"""Droste-Hülshoff, Annette von""",Auch ein Beruf,7.11
Droste-Hülshoff - Carpe diem,"""Droste-Hülshoff, Annette von""",Carpe diem,6.43
Droste-Hülshoff - Das Bild,"""Droste-Hülshoff, Annette von""",Das Bild,7.11
Droste-Hülshoff - Das erste Gedicht,"""Droste-Hülshoff, Annette von""",Das erste Gedicht,8.7
Droste-Hülshoff - Das Haus in der Heide,"""Droste-Hülshoff, Annette von""",Das Haus in der Heide,4.36
"Droste-Hülshoff - Das Ich, der Mittelpunkt der Welt","""Droste-Hülshoff, Annette von""","Das Ich, der Mittelpunkt der Welt",8.44
Droste-Hülshoff - Das kananäische Weib,"""Droste-Hülshoff, Annette von""",Das kananäische Weib,8.41
Droste-Hülshoff - Das öde Haus,"""Droste-Hülshoff, Annette von""",Das öde Haus,8.33
Droste-Hülshoff - Das vierzehnjährige Herz,"""Droste-Hülshoff, Annette von""",Das vierzehnjährige Herz,8.16
Droste-Hülshoff - Das Wort,"""Droste-Hülshoff, Annette von""",Das Wort,4.65
Droste-Hülshoff - Der Geierpfiff,"""Droste-Hülshoff, Annette von""",Der Geierpfiff,8.32
Droste-Hülshoff - Der Graf von Thal,"""Droste-Hülshoff, Annette von""",Der Graf von Thal,4.16
Droste-Hülshoff - Der Graue,"""Droste-Hülshoff, Annette von""",Der Graue,8.31
Droste-Hülshoff - Der Hünenstein,"""Droste-Hülshoff, Annette von""",Der Hünenstein,6.43
Droste-Hülshoff - Der Prediger,"""Droste-Hülshoff, Annette von""",Der Prediger,6.46
Droste-Hülshoff - Der Schloßelf,"""Droste-Hülshoff, Annette von""",Der Schloßelf,8.32
Droste-Hülshoff - Der Teetisch,"""Droste-Hülshoff, Annette von""",Der Teetisch,4.54
Droste-Hülshoff - Der Traum,"""Droste-Hülshoff, Annette von""",Der Traum,8.34
Droste-Hülshoff - Des alten Pfarrers Woche - Mittwoch,"""Droste-Hülshoff, Annette von""",Des alten Pfarrers Woche - Mittwoch,8.6
Droste-Hülshoff - Dichters Naturgefühl,"""Droste-Hülshoff, Annette von""",Dichters Naturgefühl,8.35
Droste-Hülshoff - Die Bank,"""Droste-Hülshoff, Annette von""",Die Bank,8.34
Droste-Hülshoff - Die beschränkte Frau,"""Droste-Hülshoff, Annette von""",Die beschränkte Frau,8.34
Droste-Hülshoff - Die beste Politik,"""Droste-Hülshoff, Annette von""",Die beste Politik,8.35
Droste-Hülshoff - Die Schmiede,"""Droste-Hülshoff, Annette von""",Die Schmiede,4.36
Droste-Hülshoff - Die Stiftung Cappenbergs,"""Droste-Hülshoff, Annette von""",Die Stiftung Cappenbergs,8.35
Droste-Hülshoff - Die Stubenburschen,"""Droste-Hülshoff, Annette von""",Die Stubenburschen,8.15
Droste-Hülshoff - Die tote Lerche,"""Droste-Hülshoff, Annette von""",Die tote Lerche,8.37
Droste-Hülshoff - Die Unbesungenen,"""Droste-Hülshoff, Annette von""",Die Unbesungenen,10.8
Droste-Hülshoff - Die Vergeltung,"""Droste-Hülshoff, Annette von""",Die Vergeltung,8.37
Droste-Hülshoff - Die Vogelhütte 1,"""Droste-Hülshoff, Annette von""",Die Vogelhütte 1,2.17
Droste-Hülshoff - Die Vogelhütte 2,"""Droste-Hülshoff, Annette von""",Die Vogelhütte 2,4.87
Droste-Hülshoff - Doppeltgänger,"""Droste-Hülshoff, Annette von""",Doppeltgänger,8.43
Droste-Hülshoff - Durchwachte Nacht,"""Droste-Hülshoff, Annette von""",Durchwachte Nacht,8.43
Droste-Hülshoff - Ein braver Mann,"""Droste-Hülshoff, Annette von""",Ein braver Mann,8.33
Droste-Hülshoff - Ein Sommertagstraum,"""Droste-Hülshoff, Annette von""",Ein Sommertagstraum,8.35
Droste-Hülshoff - Einer wie viele und viele wie einer,"""Droste-Hülshoff, Annette von""",Einer wie viele und viele wie einer,8.31
Droste-Hülshoff - Glaube,"""Droste-Hülshoff, Annette von""",Glaube,8.35
Droste-Hülshoff - Im Grase,"""Droste-Hülshoff, Annette von""",Im Grase,8.20
Droste-Hülshoff - Im Moose,"""Droste-Hülshoff, Annette von""",Im Moose,6.43
Droste-Hülshoff - Katharine Schücking,"""Droste-Hülshoff, Annette von""",Katharine Schücking,8.44
Droste-Hülshoff - Mein Beruf,"""Droste-Hülshoff, Annette von""",Mein Beruf,8.34
Droste-Hülshoff - Meine Toten,"""Droste-Hülshoff, Annette von""",Meine Toten,6.34
Droste-Hülshoff - Neujahrsnacht,"""Droste-Hülshoff, Annette von""",Neujahrsnacht,8.37
"Droste-Hülshoff - O frage nicht, was mich so","""Droste-Hülshoff, Annette von""","O frage nicht, was mich so",4.103
Droste-Hülshoff - Schloß Berg,"""Droste-Hülshoff, Annette von""",Schloß Berg,7.11
Droste-Hülshoff - Silvesterabend,"""Droste-Hülshoff, Annette von""",Silvesterabend,8.8
Droste-Hülshoff - Spätes Erwachen,"""Droste-Hülshoff, Annette von""",Spätes Erwachen,4.67
Droste-Hülshoff - Ungastlich oder nicht,"""Droste-Hülshoff, Annette von""",Ungastlich oder nicht,8.34
Droste-Hülshoff - Unter der Linde,"""Droste-Hülshoff, Annette von""",Unter der Linde,8.7
Droste-Hülshoff - Vanitas Vanitatum,"""Droste-Hülshoff, Annette von""",Vanitas Vanitatum,8.7
Droste-Hülshoff - Was bleibt,"""Droste-Hülshoff, Annette von""",Was bleibt,8.34
Droste-Hülshoff - Widmungsgedicht zum >Walther<,"""Droste-Hülshoff, Annette von""",Widmungsgedicht zum >Walther<,8.47
Eber - Helft mir Gotts Güte preisen,"""Eber, Paul""",Helft mir Gotts Güte preisen,8.6
"Eber - Herr Jesu Christ, wahr Mensch und Gott","""Eber, Paul""","Herr Jesu Christ, wahr Mensch und Gott",6.33
"Eberhard - Die Erde, wie dunkel","""Eberhard, August Gottlob""","Die Erde, wie dunkel",8.1
"Ebert - Nun freut euch, ihr Christenleut","""Ebert, Jacob""","Nun freut euch, ihr Christenleut",7.8
Ebner-Eschenbach - Ein kleines Lied,"""Ebner-Eschenbach, Marie""",Ein kleines Lied,3.2
Eckermann - Land Weimar,"""Eckermann, Johann Peter""",Land Weimar,4.108
Ehrenstein - Der Berserker schreit,"""Ehrenstein, Albert""",Der Berserker schreit,4.20
Eich - Aurora,"""Eich, Günter""",Aurora,4.20
Eich - Blick nach Remagen,"""Eich, Günter""",Blick nach Remagen,4.14
Eich - Die Flüsse entlang,"""Eich, Günter""",Die Flüsse entlang,4.41
Eich - Die Pfarrersköchin,"""Eich, Günter""",Die Pfarrersköchin,4.66
Eich - Die Spinnenkammer,"""Eich, Günter""",Die Spinnenkammer,4.21
Eich - Die Totentrompete,"""Eich, Günter""",Die Totentrompete,4.21
Eich - Frühlingsbeginn,"""Eich, Günter""",Frühlingsbeginn,4.93
Eich - Ginster,"""Eich, Günter""",Ginster,4.67
"Eich - Halber Mond, vornüber","""Eich, Günter""","Halber Mond, vornüber",4.13
Eich - Kurz vor dem Regen,"""Eich, Günter""",Kurz vor dem Regen,4.68
Eich - Niederschönhausen,"""Eich, Günter""",Niederschönhausen,4.24
Eich - Oktober durch die Holledau,"""Eich, Günter""",Oktober durch die Holledau,4.6
Eich - Puy de Dome,"""Eich, Günter""",Puy de Dome,4.11
Eich - Weg durch die Dünen,"""Eich, Günter""",Weg durch die Dünen,4.40
Eich - Winterliche Fahrt,"""Eich, Günter""",Winterliche Fahrt,4.54
Eichendorff - Abend,"""Eichendorff, Joseph von""",Abend,4.21
Eichendorff - Abendlandschaft,"""Eichendorff, Joseph von""",Abendlandschaft,4.20
"Eichendorff - Abschied. Im Walde bei Lubowitz (O Täler weit, o Höhen)","""Eichendorff, Joseph von""","Abschied. Im Walde bei Lubowitz (O Täler weit, o Höhen)",8.7
Eichendorff - An die Lützowschen Jäger,"""Eichendorff, Joseph von""",An die Lützowschen Jäger,4.32
Eichendorff - Auf der Feldwacht,"""Eichendorff, Joseph von""",Auf der Feldwacht,4.49
"Eichendorff - Auf meines Kindes Tod 10 (Mein liebes Kind, ade!)","""Eichendorff, Joseph von""","Auf meines Kindes Tod 10 (Mein liebes Kind, ade!)",4.18
Eichendorff - Bei Halle,"""Eichendorff, Joseph von""",Bei Halle,4.21
Eichendorff - Das Gebet,"""Eichendorff, Joseph von""",Das Gebet,8.37
Eichendorff - Das kranke Kind,"""Eichendorff, Joseph von""",Das kranke Kind,4.20
Eichendorff - Das Ständchen,"""Eichendorff, Joseph von""",Das Ständchen,4.49
Eichendorff - Das zerbrochene Ringlein,"""Eichendorff, Joseph von""",Das zerbrochene Ringlein,4.20
Eichendorff - Der alte Garten,"""Eichendorff, Joseph von""",Der alte Garten,4.34
"Eichendorff - Der Einsiedler (Komm Trost der Welt, du stille Nacht)","""Eichendorff, Joseph von""","Der Einsiedler (Komm Trost der Welt, du stille Nacht)",6.19
Eichendorff - Der Freiwerber,"""Eichendorff, Joseph von""",Der Freiwerber,4.59
Eichendorff - Der frohe Wandersmann (Wem Gott will rechte Gunst erweisen ...),"""Eichendorff, Joseph von""",Der frohe Wandersmann (Wem Gott will rechte Gunst erweisen ...),"4.67,4.67a"
Eichendorff - Der Gärtner,"""Eichendorff, Joseph von""",Der Gärtner,5.2
Eichendorff - Der Kämpe,"""Eichendorff, Joseph von""",Der Kämpe,4.49
Eichendorff - Der Kehraus,"""Eichendorff, Joseph von""",Der Kehraus,6.1
Eichendorff - Der Kühne,"""Eichendorff, Joseph von""",Der Kühne,4.21
Eichendorff - Der Morgen,"""Eichendorff, Joseph von""",Der Morgen,4.45
Eichendorff - Der Schalk,"""Eichendorff, Joseph von""",Der Schalk,7.10
Eichendorff - Der Schatzgräber,"""Eichendorff, Joseph von""",Der Schatzgräber,4.20
Eichendorff - Der stille Grund,"""Eichendorff, Joseph von""",Der stille Grund,4.20
Eichendorff - Der Unbekannte,"""Eichendorff, Joseph von""",Der Unbekannte,6.45
Eichendorff - Der verliebte Reisende 2,"""Eichendorff, Joseph von""",Der verliebte Reisende 2,4.21
"Eichendorff - Der verliebte Reisende 3, 4","""Eichendorff, Joseph von""","Der verliebte Reisende 3, 4",4.49
"Eichendorff - Der wandernde Musikant 1, 2, 4","""Eichendorff, Joseph von""","Der wandernde Musikant 1, 2, 4",4.49
Eichendorff - Dichterfrühling,"""Eichendorff, Joseph von""",Dichterfrühling,10.6
Eichendorff - Die Hochzeitssänger,"""Eichendorff, Joseph von""",Die Hochzeitssänger,8.26
Eichendorff - Die Musikantin,"""Eichendorff, Joseph von""",Die Musikantin,4.52
Eichendorff - Die Nachtblume,"""Eichendorff, Joseph von""",Die Nachtblume,4.46
Eichendorff - Die Räuberbrüder,"""Eichendorff, Joseph von""",Die Räuberbrüder,2.5
Eichendorff - Die Riesen,"""Eichendorff, Joseph von""",Die Riesen,4.20
Eichendorff - Die Stille,"""Eichendorff, Joseph von""",Die Stille,4.21
Eichendorff - Durch Feld und Buchenhallen,"""Eichendorff, Joseph von""",Durch Feld und Buchenhallen,4.20
Eichendorff - Frische Fahrt,"""Eichendorff, Joseph von""",Frische Fahrt,8.26
Eichendorff - Frühe,"""Eichendorff, Joseph von""",Frühe,4.36
"Eichendorff - Gebet (Gott, inbrünstig möcht ich beten)","""Eichendorff, Joseph von""","Gebet (Gott, inbrünstig möcht ich beten)",6.30
"Eichendorff - Gebet (Was soll ich, auf Gott nur bauend)","""Eichendorff, Joseph von""","Gebet (Was soll ich, auf Gott nur bauend)",5.9
Eichendorff - Götterdämmerung 1,"""Eichendorff, Joseph von""",Götterdämmerung 1,4.5
Eichendorff - Heidelberg,"""Eichendorff, Joseph von""",Heidelberg,6.45
Eichendorff - Heimweh,"""Eichendorff, Joseph von""",Heimweh,4.21
Eichendorff - Ich reise übers grüne Land,"""Eichendorff, Joseph von""",Ich reise übers grüne Land,4.36
Eichendorff - Im Abendrot,"""Eichendorff, Joseph von""",Im Abendrot,4.20
Eichendorff - In Danzig,"""Eichendorff, Joseph von""",In Danzig,4.49
Eichendorff - In der Fremde (Ich hör die Bächlein rauschen),"""Eichendorff, Joseph von""",In der Fremde (Ich hör die Bächlein rauschen),4.20
Eichendorff - Jagdlied (Wenn die Bergesbäche schäumen),"""Eichendorff, Joseph von""",Jagdlied (Wenn die Bergesbäche schäumen),5.8
Eichendorff - Jäger und Jägerin,"""Eichendorff, Joseph von""",Jäger und Jägerin,4.59
Eichendorff - Letzte Heimkehr,"""Eichendorff, Joseph von""",Letzte Heimkehr,6.15
Eichendorff - Lockung,"""Eichendorff, Joseph von""",Lockung,8.26
Eichendorff - Marienlied (Wenn ins Land die Wetter hängen),"""Eichendorff, Joseph von""",Marienlied (Wenn ins Land die Wetter hängen),8.26
Eichendorff - Mittag,"""Eichendorff, Joseph von""",Mittag,4.4
Eichendorff - Mondnacht,"""Eichendorff, Joseph von""",Mondnacht,4.20
Eichendorff - Nachklänge 4,"""Eichendorff, Joseph von""",Nachklänge,8.7
Eichendorff - Nachtfeier,"""Eichendorff, Joseph von""",Nachtfeier,10.6
Eichendorff - Nachtlied,"""Eichendorff, Joseph von""",Nachtlied,4.58
Eichendorff - Nachts (Ich stehe in Waldesschatten),"""Eichendorff, Joseph von""",Nachts (Ich stehe in Waldesschatten),4.21
Eichendorff - Rückkehr (Mit meinem Saitenspiele),"""Eichendorff, Joseph von""",Rückkehr (Mit meinem Saitenspiele),4.20
Eichendorff - Schöne Fremde (Es rauschen die Wipfel und schauern),"""Eichendorff, Joseph von""",Schöne Fremde (Es rauschen die Wipfel und schauern),4.21
Eichendorff - Sehnsucht (Es schienen so golden die Sterne),"""Eichendorff, Joseph von""",Sehnsucht (Es schienen so golden die Sterne),"8.7,8.7ac_ff"
Eichendorff - Sehnsucht (Vöglein in den sonngen Tagen),"""Eichendorff, Joseph von""",Sehnsucht (Vöglein in den sonngen Tagen),4.55
Eichendorff - Sommerschwüle 1,"""Eichendorff, Joseph von""",Sommerschwüle 1,8.47
Eichendorff - Sonntag (Die Nacht war kaum verblühet),"""Eichendorff, Joseph von""",Sonntag (Die Nacht war kaum verblühet),4.19
Eichendorff - Sterbeglocken,"""Eichendorff, Joseph von""",Sterbeglocken,4.20
Eichendorff - Täuschung (Ich ruhte aus vom Wandern),"""Eichendorff, Joseph von""",Täuschung (Ich ruhte aus vom Wandern),4.20
Eichendorff - Über gelb und rote Streifen,"""Eichendorff, Joseph von""",Über gelb und rote Streifen,6.29
Eichendorff - Vom Grund bis zu den Gipfeln,"""Eichendorff, Joseph von""",Vom Grund bis zu den Gipfeln,4.20
Eichendorff - Vor der Stadt,"""Eichendorff, Joseph von""",Vor der Stadt,4.36
Eichendorff - Waffenstillstand der Nacht,"""Eichendorff, Joseph von""",Waffenstillstand der Nacht,6.41
Eichendorff - Waldgespräch,"""Eichendorff, Joseph von""",Waldgespräch,4.58
Eichendorff - Winternacht,"""Eichendorff, Joseph von""",Winternacht,4.36
Eichendorff - Zauberblick,"""Eichendorff, Joseph von""",Zauberblick,4.20
Eichendorff - Zum Abschied meiner Tochter,"""Eichendorff, Joseph von""",Zum Abschied meiner Tochter,6.8
Eichendorff - Zweifel,"""Eichendorff, Joseph von""",Zweifel,6.28
Eichendorff - Zwielicht (Dämmrung will die Flügel spreiten),"""Eichendorff, Joseph von""",Zwielicht (Dämmrung will die Flügel spreiten),4.55
Eichrodt - Reichs-Choral,"""Eichrodt, Ludwig""",Reichs-Choral,5.13
Eildermann - Miesen Dag,"""Eildermann, Robert""",Miesen Dag,4.36
Eltester - An Doretten,"""Eltester, Otto Christoph""",An Doretten,6.34
Eltester - Auf die scheelen Augen,"""Eltester, Otto Christoph""",Auf die scheelen Augen,4.113
Eltester - Erklärung des Feuerwerks,"""Eltester, Otto Christoph""",Erklärung des Feuerwerks / welches seiner Churprinzlichen Durchlaucht zu Brandenburg an der hohem Geburtstage [...] vorgestellet war,4.115
Eltester - Ich klagte neulich dir,"""Eltester, Otto Christoph""",Ich klagte neulich dir,4.117
"Eltester - Liebes-Gespräch (Komm Chloris, komm, wie bleibst du bei den Flüssen)","""Eltester, Otto Christoph""","Liebes-Gespräch (Komm Chloris, komm, wie bleibst du bei den Flüssen)",8.46
"Eltester - Man sagt, Celinde sei","""Eltester, Otto Christoph""","Man sagt, Celinde sei",4.118
Eltester - Sie suchte ein korallinen,"""Eltester, Otto Christoph""",Sie suchte ein korallinen,4.119
Engel - Das Trauern ist vergangen,"""Engel, Heinrich""",Das Trauern ist vergangen,9.1
Engelke - Nicht mehr,"""Engelke, Gerrit""",Nicht mehr,4.110
Engelschall - Lied eines Bergmanns in der,"""Engelschall, Josef Friedrich""",Lied eines Bergmanns in der,4.34
Engelschall - Trinklied eines Türken,"""Engelschall, Josef Friedrich""",Trinklied eines Türken,6.30
Erhardt - Am Kamin,"""Erhardt, Heinz""",Am Kamin,4.72
Erhardt - An meine Brille,"""Erhardt, Heinz""",An meine Brille,4.20
Erhardt - Der Schatz,"""Erhardt, Heinz""",Der Schatz,4.20
Erhardt - Kreuz und quer,"""Erhardt, Heinz""",Kreuz und quer,6.19
Erhardt - Schicksal,"""Erhardt, Heinz""",Schicksal,4.36
Ernst - Das Recht,"""Ernst, Paul""",Das Recht,8.47
Ernst - Der Glaube,"""Ernst, Paul""",Der Glaube,8.47
Ernst - Der Tod,"""Ernst, Paul""",Der Tod,8.47
Ernst - Verzweiflung und Gebet,"""Ernst, Paul""",Verzweiflung und Gebet,4.100
Eschenburg - Der Gleichsinn,"""Eschenburg, Johann Joachim""",Der Gleichsinn,8.19
Eschenburg - Elegie an Dorinde,"""Eschenburg, Johann Joachim""",Elegie an Dorinde,8.41
Ettlinger - Das Lied vom Barbierkorb,"""Ettlinger, Karl""",Das Lied vom Barbierkorb,6.46
Ettlinger - Der Berliner,"""Ettlinger, Karl""",Der Berliner,4.67
Ettlinger - Der Sachsehäuser Berg,"""Ettlinger, Karl""",Der Sachsehäuser Berg,6.40
Ettlinger - Friehlingslied,"""Ettlinger, Karl""",Friehlingslied,6.19
Ettlinger - München,"""Ettlinger, Karl""",München,4.67
Ettlinger - Was soll mer mache,"""Ettlinger, Karl""",Was soll mer mache,4.36
Ettlinger - Wirtshausstudien,"""Ettlinger, Karl""",Wirtshausstudien,6.19
"Fabricius, F. - Mein Gott, der du mich herzlich liebest","""Fabricius, Friedrich""","Mein Gott, der du mich herzlich liebest",6.38
"Fabricius, Ja. - Verzage nicht, du Häuflein klein","""Fabricius, Jakob""","Verzage nicht, du Häuflein klein",6.19
"Fabricius, Jo. - Wenn wir in höchsten Nöten sein","""Fabricius, Johann""",Wenn wir in höchsten Nöten sein,8.30
Falk - Die drei Knaben im Walde,"""Falk, Johann Daniel""",Die drei Knaben im Walde,6.19
Falke - Am Himmelstor,"""Falke, Gustav""",Am Himmelstor,4.99
Falke - An den masurischen Seen,"""Falke, Gustav""",An den masurischen Seen,4.34
Falke - An die Jugend,"""Falke, Gustav""",An die Jugend,4.47
Falke - Auf der Terrasse,"""Falke, Gustav""",Auf der Terrasse,8.42
Falke - Das Herz,"""Falke, Gustav""",Das Herz,8.37
Falke - Das Mohnfeld,"""Falke, Gustav""",Das Mohnfeld,4.59
Falke - Das Wunder,"""Falke, Gustav""",Das Wunder,8.14
Falke - Der Freier,"""Falke, Gustav""",Der Freier,4.59
Falke - Der Rittmeister,"""Falke, Gustav""",Der Rittmeister,6.18
Falke - Der Schutzengel,"""Falke, Gustav""",Der Schutzengel,8.17
Falke - Der törichte Jäger,"""Falke, Gustav""",Der törichte Jäger,6.40
Falke - Der Tote,"""Falke, Gustav""",Der Tote,8.34
Falke - Der Zitronenbaum,"""Falke, Gustav""",Der Zitronenbaum,4.97
Falke - Die Lilie,"""Falke, Gustav""",Die Lilie,4.60
Falke - Die Schnitterin,"""Falke, Gustav""",Die Schnitterin,4.36
Falke - Die Sühneglocke,"""Falke, Gustav""",Die Sühneglocke,8.15
Falke - Die Wahrsagerin,"""Falke, Gustav""",Die Wahrsagerin,8.21
Falke - DieDanaide,"""Falke, Gustav""",DieDanaide,4.93
Falke - Ebbe,"""Falke, Gustav""",Ebbe,4.65
Falke - Ein Tageslauf,"""Falke, Gustav""",Ein Tageslauf,2.7
Falke - Elfen,"""Falke, Gustav""",Elfen,4.42
Falke - Erinnerung.,"""Falke, Gustav""",Erinnerung.,4.64
Falke - Frühlingsbotschaft,"""Falke, Gustav""",Frühlingsbotschaft,4.31
"Falke - Gebet (Herr, laß mich hungern dann und wann)","""Falke, Gustav""","Gebet (Herr, laß mich hungern dann und wann)",4.36
Falke - Geh,"""Falke, Gustav""",Geh,2.8
Falke - Glocken,"""Falke, Gustav""",Glocken,4.46
Falke - Gute Nacht,"""Falke, Gustav""",Gute Nacht,4.39
Falke - Idyll,"""Falke, Gustav""",Idyll,2.5
Falke - Jesus im Olymp,"""Falke, Gustav""",Jesus im Olymp,4.102
Falke - Liebeslied,"""Falke, Gustav""",Liebeslied,4.36
Falke - Lütt Greten,"""Falke, Gustav""",Lütt Greten,2.9
Falke - Mancherlei Nutzen,"""Falke, Gustav""",Mancherlei Nutzen,2.4
Falke - Mittag,"""Falke, Gustav""",Mittag,4.67
Falke - Morgengang,"""Falke, Gustav""",Morgengang,4.65
Falke - Nachtwandler,"""Falke, Gustav""",Nachtwandler,6.27
Falke - Neue Liebe,"""Falke, Gustav""",Neue Liebe,4.49
Falke - Sicilianen,"""Falke, Gustav""",Sicilianen,8.48
Falke - Skai,"""Falke, Gustav""",Skai,6.30
Falke - Thule,"""Falke, Gustav""",Thule,8.47
Falke - Tod im Herbst,"""Falke, Gustav""",Tod im Herbst,4.88
Falke - Toter Winkel,"""Falke, Gustav""",Toter Winkel,4.49
Falke - Trennung,"""Falke, Gustav""",Trennung,4.59
Falke - Um Mitternacht,"""Falke, Gustav""",Um Mitternacht,4.42
Falke - Von weißen Rosen,"""Falke, Gustav""",Von weißen Rosen,6.33
Falke - Zukunft,"""Falke, Gustav""",Zukunft,2.4
Falke - Zum Jahreswechsel 1914-15,"""Falke, Gustav""",Zum Jahreswechsel 1914-15,6.18
Falke - Zwei Pärchen,"""Falke, Gustav""",Zwei Pärchen,4.34
Finckelthaus - Dorilis,"""Finckelthaus, Gottfried""",Dorilis,6.27
Fink - Hier auf dem friedlichen Moose,"""Fink, Gottfried Friedrich Wilhelm""",Hier auf dem friedlichen Moose,4.21
Fischart - Der Erdkreis ist des Herren ja,"""Fischart, Johann""",Der Erdkreis ist des Herren ja,6.34
Fischart - Gelobet sei der Herr mein Gott,"""Fischart, Johann""",Gelobet sei der Herr mein Gott,4.58
"Fischart - Gelobt sei Gott, der uns erwählet","""Fischart, Johann""","Gelobt sei Gott, der uns erwählet",4.67
Fischart - Gleich wie ein Hirsch nach Wasser schreit (Psalm 42),"""Fischart, Johann""",Gleich wie ein Hirsch nach Wasser schreit (Psalm 42),6.16
"Fischart - Gott, hilf mir um deins Namens Ehr","""Fischart, Johann""","Gott, hilf mir um deins Namens Ehr",5.6
"Fischart - Himmlischer Vater, groß von Taten","""Fischart, Johann""","Himmlischer Vater, groß von Taten",4.67
"Fischart - Hört ihr, die Christ ein' Heiland schätzt","""Fischart, Johann""","Hört ihr, die Christ ein' Heiland schätzt",10.7
Fischart - Laßt eur Klagen sein und Sehnen,"""Fischart, Johann""",Laßt eur Klagen sein und Sehnen,4.71
"Fischart - O Herre, erhöre mein Gebete","""Fischart, Johann""","O Herre, erhöre mein Gebete",4.67
"Fischart - Was ärgert dich, ungläubig Schar","""Fischart, Johann""","Was ärgert dich, ungläubig Schar",12.4
Fischart - Welcher hie selig werden will,"""Fischart, Johann""",Welcher hie selig werden will,8.15
Flaischlen - Laub am Boden,"""Flaischlen, Cäsar""",Laub am Boden,4.32
Fleming - Ach einig dies war übrig noch,"""Fleming, Paul""",Ach einig dies war übrig noch,8.15
Fleming - Als Herr Görge Ernst Kademann,"""Fleming, Paul""",Als Herr Görge Ernst Kademann,6.25
Fleming - Amor (Des kleinen Schützen heiße Bolzen),"""Fleming, Paul""",Amor (Des kleinen Schützen heiße Bolzen),6.37
"Fleming - An Anna aus der Ferne (Aurora, schlummre noch an deines Liebsten Brust)","""Fleming, Paul""","An Anna aus der Ferne (Aurora, schlummre noch an deines Liebsten Brust)",6.49
"Fleming - An Anna, die Spröde","""Fleming, Paul""","An Anna, die Spröde",8.37
Fleming - An die baltischen Sirenen,"""Fleming, Paul""",An die baltischen Sirenen (Auf alle meine Lust und Freud),8.17
Fleming - An die Holsteinischen Herren Abgesandten,"""Fleming, Paul""",An die Holsteinischen Herren Abgesandten,"6.24,6.29"
"Fleming - An eine Jungfrau, auf dero","""Fleming, Paul""","An eine Jungfrau, auf dero",4.42
Fleming - An einen guten Freund,"""Fleming, Paul""",An einen guten Freund,6.29
Fleming - An Herrn Martin Christensen,"""Fleming, Paul""",An Herrn Martin Christensen,6.23
Fleming - An seine Boten,"""Fleming, Paul""",An seine Boten,6.23
Fleming - An seinen Vertrautesten,"""Fleming, Paul""",An seinen Vertrautesten,6.4
Fleming - Anemone (Auserwählte nach der einen),"""Fleming, Paul""",Anemone (Auserwählte nach der einen),6.29
"Fleming - Anemone, meine Wonne","""Fleming, Paul""","Anemone, meine Wonne",6.27
Fleming - Auf den Tod eines Kindes,"""Fleming, Paul""",Auf den Tod eines Kindes,6.24
Fleming - Auf der edlen J. Marien,"""Fleming, Paul""",Auf der edlen J. Marien,6.25
Fleming - Auf der Kaspischen See,"""Fleming, Paul""",Auf der Kaspischen See,6.51
Fleming - Auf des [...] Fräulein Agnesen von Schönburg [...] Beisetzung,"""Fleming, Paul""",Auf des [...] Fräulein Agnesen von Schönburg [...] Beisetzung,6.7
Fleming - Auf eine adeliche Hochzeit,"""Fleming, Paul""",Auf eine adeliche Hochzeit,6.30
Fleming - Auf einer abwesenden Jungfrauen Namenstag,"""Fleming, Paul""",Auf einer abwesenden Jungfrauen Namenstag,6.40
Fleming - Auf einer Jungfrauen in Holstein ihren Tag,"""Fleming, Paul""",Auf einer Jungfrauen in Holstein ihren Tag,6.23
Fleming - Auf eines guten Freundes Geburtstag,"""Fleming, Paul""",Auf eines guten Freundes Geburtstag,6.26
Fleming - Auf eines seiner Liebsten ihren Geburtstag,"""Fleming, Paul""","Auf eines seiner Liebsten ihren Geburtstag, in Persien geschrieben",6.24
Fleming - Auf Frau Helenen Ilgens [...] Ableben,"""Fleming, Paul""",Auf Frau Helenen Ilgens [...] Ableben,6.30
Fleming - Auf Herrn [...] Dörings [...] Hochzeit,"""Fleming, Paul""",Auf Herrn [...] Dörings [...] Hochzeit,6.37
Fleming - Auf Herrn Christof Schürers,"""Fleming, Paul""",Auf Herrn Christof Schürers,6.23
Fleming - Auf Herrn Godfried Simmerling seinen Geburtstag,"""Fleming, Paul""",Auf Herrn Godfried Simmerling seinen Geburtstag,8.27
Fleming - Auf Herrn Johan Weinmanns Hochzeit,"""Fleming, Paul""",Auf Herrn Johan Weinmanns Hochzeit,6.29
Fleming - Auf Herrn Johann Behrs Leichbestattung,"""Fleming, Paul""",Auf Herrn Johann Behrs Leichbestattung,8.14
Fleming - Auf Herrn Martin Münsterbergers [...] Absterben,"""Fleming, Paul""",Auf Herrn Martin Münsterbergers [...] Absterben,6.24
Fleming - Auf Herrn Martin Schörkels [...] Hochzeit,"""Fleming, Paul""",Auf Herrn Martin Schörkels [...] Hochzeit,6.30
Fleming - Auf Herrn Peter Kuchens,"""Fleming, Paul""",Auf Herrn Peter Kuchens,6.34
Fleming - Aus dem Pastor Fido (Dieses feurige Beginnen),"""Fleming, Paul""",Aus dem Pastor Fido (Dieses feurige Beginnen),6.29
Fleming - Danklied,"""Fleming, Paul""",Danklied,6.30
"Fleming - Das getreue Elsgen (Es ist unverwandt, mein Herz)","""Fleming, Paul""","Das getreue Elsgen (Es ist unverwandt, mein Herz)",6.26
"Fleming - Die verletzte Charitinne (Wohl dem, der Gnad um Recht kann finden)","""Fleming, Paul""","Die verletzte Charitinne (Wohl dem, der Gnad um Recht kann finden)",6.39
Fleming - Die verletzte Schäferin,"""Fleming, Paul""",Die verletzte Schäferin,4.45
"Fleming - Eile zum Lieben (Liebste, die du's wahrlich bist)","""Fleming, Paul""","Eile zum Lieben (Liebste, die du's wahrlich bist)",6.24
Fleming - Elsgens treues Herze (Ein getreues Herze wisse),"""Fleming, Paul""",Elsgens treues Herze (Ein getreues Herze wisse),6.29
Fleming - Für eine Jungfrau,"""Fleming, Paul""",Für eine Jungfrau,6.7
Fleming - Hier ist nichts denn finstre Nacht,"""Fleming, Paul""",Hier ist nichts denn finstre Nacht,6.24
Fleming - Hirtenlied auf eines Freundes in der Moskow gehaltener Hochzeit,"""Fleming, Paul""",Hirtenlied auf eines Freundes in der Moskow gehaltener Hochzeit,6.29
Fleming - Ich habe mich mit mir nun,"""Fleming, Paul""",Ich habe mich mit mir nun,4.84
Fleming - In allen meinen Taten,"""Fleming, Paul""",In allen meinen Taten,"6.7,6.9"
Fleming - Ist mein Glücke gleich,"""Fleming, Paul""",Ist mein Glücke gleich,6.27
Fleming - Muß denn Amaryllens Weinen,"""Fleming, Paul""",Muß denn Amaryllens Weinen,6.25
"Fleming - Palinode (Ich bin tot, mein Tod der lebt)","""Fleming, Paul""","Palinode (Ich bin tot, mein Tod der lebt)",6.24
Fleming - Pein der Liebe (Ist dieses nun das süße Wesen),"""Fleming, Paul""",Pein der Liebe (Ist dieses nun das süße Wesen),6.37
Fleming - Philyrille (Mein gestirntes Paradies),"""Fleming, Paul""",Philyrille (Mein gestirntes Paradies),6.24
Fleming - Unter eines andern seinem Namen,"""Fleming, Paul""",Unter eines andern seinem Namen,6.14
Fleming - Wie er wolle geküsset sein,"""Fleming, Paul""",Wie er wolle geküsset sein,4.45
"Fleming - Will sie nicht, so mag sie's lassen","""Fleming, Paul""","Will sie nicht, so mag sie's lassen",6.25
"Fleming - Willst du erst jetzt, o Seele","""Fleming, Paul""","Willst du erst jetzt, o Seele",4.107
Flex - Dämmerstunde im Felde,"""Flex, Walter""",Dämmerstunde im Felde,4.67
Flex - Das Volk in Eisen,"""Flex, Walter""",Das Volk in Eisen,8.15
Flex - Deutsche Wiedergeburt,"""Flex, Walter""",Deutsche Wiedergeburt,6.11
Flex - Feinde ringsum,"""Flex, Walter""",Feinde ringsum,8.12
Flex - Fliegerbegräbnis,"""Flex, Walter""",Fliegerbegräbnis,4.106
Flex - Kriegers Nachtlied,"""Flex, Walter""",Kriegers Nachtlied,4.9
Flex - Rast an der Straße,"""Flex, Walter""",Rast an der Straße,4.92
Flex - Wandervogels Kriegslied,"""Flex, Walter""",Wandervogels Kriegslied,4.36
"Flittner - Ach, was soll ich Sünder machen (Meinen Jesum laß ich nicht)","""Flittner, Johann""","Ach, was soll ich Sünder machen (Meinen Jesum laß ich nicht)",6.25
"Flittner - Jesu, Schönster meiner Seelen","""Flittner, Johann""","Jesu, Schönster meiner Seelen",4.51
Flittner - Menschen Hilf ist nichtig,"""Flittner, Johann""",Menschen Hilf ist nichtig,10.1
Follen - Bursch und Klister,"""Follen, Adolf Ludwig""",Bursch und Klister,4.122
Fontane - An Chevalier,"""Fontane, Theodor""",An Chevalier,4.123
Fontane - An den Märzminister Graf Schwerin-Putzer,"""Fontane, Theodor""",An den Märzminister Graf Schwerin-Putzer,8.7
Fontane - An Emilie,"""Fontane, Theodor""",An Emilie,"4.67,6.19,6.35"
Fontane - An Georg Herwegh,"""Fontane, Theodor""",An Georg Herwegh,8.37
Fontane - An Hermann Kriege,"""Fontane, Theodor""",An Hermann Kriege,8.46
Fontane - An Immermann,"""Fontane, Theodor""",An Immermann,6.40
Fontane - Archibald Douglas,"""Fontane, Theodor""",Archibald Douglas,4.34
Fontane - Auf dem Brightoner Kirchhof,"""Fontane, Theodor""",Auf dem Brightoner Kirchhof,4.21
Fontane - Berlin 1850,"""Fontane, Theodor""",Berlin 1850,8.26
Fontane - Berliner Republikaner,"""Fontane, Theodor""",Berliner Republikaner,6.19
Fontane - Bertrams Totengesang,"""Fontane, Theodor""",Bertrams Totengesang,4.34
Fontane - Chevy-Chase oder die Jagd,"""Fontane, Theodor""",Chevy-Chase oder die Jagd,4.36
Fontane - Das Amphitheater,"""Fontane, Theodor""",Das Amphitheater,8.21
Fontane - Den 7. November 1854. Zu Wittes Hochzeit,"""Fontane, Theodor""",Den 7. November 1854. Zu Wittes Hochzeit,7.7
Fontane - Der alte Derffling,"""Fontane, Theodor""",Der alte Derffling,8.7
Fontane - Der alte Zieten,"""Fontane, Theodor""",Der alte Zieten,8.7
Fontane - Der irrende Bothwell,"""Fontane, Theodor""",Der irrende Bothwell,6.19
Fontane - Der letzte York,"""Fontane, Theodor""",Der letzte York,4.126
Fontane - Der schwarze Korsar,"""Fontane, Theodor""",Der schwarze Korsar,4.62
Fontane - Der Tower-Brand,"""Fontane, Theodor""",Der Tower-Brand,4.123
Fontane - Der Wenersee,"""Fontane, Theodor""",Der Wenersee,4.123
Fontane - Der Wettersee,"""Fontane, Theodor""",Der Wettersee,4.62
Fontane - Die Blumen des Waldes,"""Fontane, Theodor""",Die Blumen des Waldes,4.68
Fontane - Die Brück' am Tay,"""Fontane, Theodor""",Die Brück' am Tay,8.30
Fontane - Die Fahne Schwerins,"""Fontane, Theodor""",Die Fahne Schwerins,8.7
Fontane - Die Schlacht am Cremmer,"""Fontane, Theodor""",Die Schlacht am Cremmer,4.36
Fontane - Die zehn Gebote. Aus dem russischen Katechismus,"""Fontane, Theodor""",Die zehn Gebote. Aus dem russischen Katechismus,6.30
Fontane - Es kann die Ehre dieser Welt,"""Fontane, Theodor""",Es kann die Ehre dieser Welt,4.36
Fontane - Es soll der Dichter mit dem König gehn,"""Fontane, Theodor""",Es soll der Dichter mit dem König gehn,6.46
Fontane - Frühlingsklage,"""Fontane, Theodor""",Frühlingsklage,4.47
Fontane - Gorm Grymme,"""Fontane, Theodor""",Gorm Grymme,8.14
Fontane - Graf Hohenstein,"""Fontane, Theodor""",Graf Hohenstein,8.15
Fontane - Guter Rat,"""Fontane, Theodor""",Guter Rat,4.20
Fontane - Hannefried,"""Fontane, Theodor""",Hannefried,7.7
Fontane - Herbstgefühl,"""Fontane, Theodor""",Herbstgefühl,5.8
Fontane - Herbstmorgen,"""Fontane, Theodor""",Herbstmorgen,4.72
Fontane - Herr von Ribbeck auf Ribbeck im Havelland,"""Fontane, Theodor""",Herr von Ribbeck auf Ribbeck im Havelland,10.0
Fontane - Hinaus!,"""Fontane, Theodor""",Hinaus!,5.16
Fontane - In Adalbert v. Chamissos,"""Fontane, Theodor""",In Adalbert v. Chamissos,4.66
Fontane - Jan Bart,"""Fontane, Theodor""",Jan Bart,4.58
Fontane - Keith,"""Fontane, Theodor""",Keith,8.7
Fontane - König Aar,"""Fontane, Theodor""",König Aar,4.46
"Fontane - Liebchen, komm","""Fontane, Theodor""","Liebchen, komm",4.95
Fontane - Lied des Blinden,"""Fontane, Theodor""",Lied des Blinden,4.21
Fontane - Lied eines Ausgewanderten,"""Fontane, Theodor""",Lied eines Ausgewanderten,4.67
Fontane - Lord Athol,"""Fontane, Theodor""",Lord Athol,4.20
Fontane - Mittag,"""Fontane, Theodor""",Mittag,4.67
Fontane - Nach dem Sturm,"""Fontane, Theodor""",Nach dem Sturm,4.64
Fontane - Nah und fern,"""Fontane, Theodor""",Nah und fern,4.54
Fontane - Preußisches Volkslied,"""Fontane, Theodor""",Preußisches Volkslied,8.28
Fontane - Prinz Louis Ferdinand,"""Fontane, Theodor""",Prinz Louis Ferdinand,8.7
Fontane - Rangstreitigkeiten,"""Fontane, Theodor""",Rangstreitigkeiten,4.20
"Fontane - Reden ist Silber, Schweigen ist Gold","""Fontane, Theodor""","Reden ist Silber, Schweigen ist Gold",8.32
Fontane - Robin Hood,"""Fontane, Theodor""",Robin Hood,4.35
Fontane - Rückblick,"""Fontane, Theodor""",Rückblick,2.5
Fontane - Rußland,"""Fontane, Theodor""",Rußland,8.46
Fontane - Schill,"""Fontane, Theodor""",Schill,4.114
Fontane - Schloß Eger,"""Fontane, Theodor""",Schloß Eger,8.2
Fontane - Schön-Anne,"""Fontane, Theodor""",Schön-Anne,7.7
Fontane - SimsonsTod,"""Fontane, Theodor""",SimsonsTod,4.113
"Fontane - Sprüche 1-3, 5-11","""Fontane, Theodor""","Sprüche 1-3, 5-11",4.67
Fontane - Toast auf Kaiser Wilhelm,"""Fontane, Theodor""",Toast auf Kaiser Wilhelm,8.45
Fontane - Treu-Lischen,"""Fontane, Theodor""",Treu-Lischen,4.39
Fontane - Trost,"""Fontane, Theodor""",Trost,4.49
Fontane - Umsonst,"""Fontane, Theodor""",Umsonst,6.30
Fontane - Unsre Zeit,"""Fontane, Theodor""",Unsre Zeit,8.37
Fontane - Vergeltung,"""Fontane, Theodor""",Vergeltung,4.123
Fontane - Von der schönen Rosamunde,"""Fontane, Theodor""",Von der schönen Rosamunde,7.7
Fontane - Winterabend,"""Fontane, Theodor""",Winterabend,8.37
Fontane - Zum Schillerfest des >Tunnel<,"""Fontane, Theodor""",Zum Schillerfest des >Tunnel<,3.7
Fontane - Zwei Liberale 2,"""Fontane, Theodor""",Zwei Liberale 2,12.5
Fouqué - An Theodor Körner,"""Fouqué, Friedrich de la Motte""",An Theodor Körner,4.52
Fouqué - Bergmannslied,"""Fouqué, Friedrich de la Motte""",Bergmannslied,4.76
Fouqué - Brandenburgisches Erntelied,"""Fouqué, Friedrich de la Motte""",Brandenburgisches Erntelied,4.9
Fouqué - In Adelbert v. Chamissos Stammbuch,"""Fouqué, Friedrich de la Motte""",In Adelbert v. Chamissos Stammbuch,4.66
Fouqué - Kriegslied für die freiwilligen Jäger,"""Fouqué, Friedrich de la Motte""",Kriegslied für die freiwilligen Jäger,8.7
Fouqué - Lebensmut,"""Fouqué, Friedrich de la Motte""",Lebensmut,8.1
Fouqué - Nach der Schlacht bei Lützen,"""Fouqué, Friedrich de la Motte""",Nach der Schlacht bei Lützen,6.15
Fouqué - Nach der Schlacht von Kulm,"""Fouqué, Friedrich de la Motte""",Nach der Schlacht von Kulm,4.29
Francisci - Die Liebe leidet nicht Gesellen,"""Francisci, Erasmus""",Die Liebe leidet nicht Gesellen,6.38
Francisci - Du bist ja ganz mein eigen,"""Francisci, Erasmus""",Du bist ja ganz mein eigen,7.2
"Francisci - Großer Gott, der mich erschaffen","""Francisci, Erasmus""","Großer Gott, der mich erschaffen",10.5
"Francisci - Herr, du wollest lehren","""Francisci, Erasmus""","Herr, du wollest lehren",10.1
Francisci - Ich bin befleckt / und angesteckt,"""Francisci, Erasmus""",Ich bin befleckt / und angesteckt,6.2
Francisci - Ich will mit getrostem Mut,"""Francisci, Erasmus""",Ich will mit getrostem Mut,8.13
"Francisci - Mein betrübter Geist, was klaget","""Francisci, Erasmus""","Mein betrübter Geist, was klaget",6.12
Francisci - Mir vergeht zu leben / Länger alle Lust,"""Francisci, Erasmus""",Mir vergeht zu leben / Länger alle Lust,8.2
"Francisci - O Ewigkeit, du Freudenwort","""Francisci, Erasmus""","O Ewigkeit, du Freudenwort",8.18
"Francisci - Wie tröstlich ist es, daß ein Christ","""Francisci, Erasmus""","Wie tröstlich ist es, daß ein Christ",6.33
"Franck, J. - Bereite dich, mein Herz","""Franck, Johann""","Bereite dich, mein Herz",4.107
"Franck, J. - Bußlied (O Angst und Leid! / O Traurigkeit)","""Franck, Johann""",Bußlied (O Angst und Leid! / O Traurigkeit),5.1
"Franck, J. - Des Herren Huld gefällt mir","""Franck, Johann""",Des Herren Huld gefällt mir,4.104
"Franck, J. - Du, o schönes Weltgebäude","""Franck, Johann""","Du, o schönes Weltgebäude",8.27
"Franck, J. - Herr Gott, dich loben wir","""Franck, Johann""","Herr Gott, dich loben wir",8.4
"Franck, J. - Herr, gieß deines Zornes","""Franck, Johann""","Herr, gieß deines Zornes",6.26
"Franck, J. - Herr, ich habe mißgehandelt","""Franck, Johann""","Herr, ich habe mißgehandelt",6.29
"Franck, J. - Herr, laß deines Eifers Plagen (Psalm 38)","""Franck, Johann""","Herr, laß deines Eifers Plagen (Psalm 38)",6.12
"Franck, J. - Jesu, meine Freude","""Franck, Johann""","Jesu, meine Freude",10.1
"Franck, J. - Laßt uns dem Herren sämtlich danken","""Franck, Johann""",Laßt uns dem Herren sämtlich danken,8.37
"Franck, J. - Lobet unsern Gott aufs beste","""Franck, Johann""",Lobet unsern Gott aufs beste,8.9
"Franck, J. - Mein Herz, du sollst den Herren billig preisen","""Franck, Johann""","Mein Herz, du sollst den Herren billig preisen",6.46
"Franck, J. - Nach dir, o Herr, verlanget mich","""Franck, Johann""","Nach dir, o Herr, verlanget mich",6.34
"Franck, J. - O Gott, der du in Liebesbrunst","""Franck, Johann""","O Gott, der du in Liebesbrunst",10.3
"Franck, M. - Alles was in dieser Welt","""Franck, Michael""",Alles was in dieser Welt,6.24
"Franck, M. - Eröffnet euch, ihr Tränenquellen","""Franck, Michael""","Eröffnet euch, ihr Tränenquellen",8.37
"Franck, M. - Mensch, willst du in der Welt","""Franck, Michael""","Mensch, willst du in der Welt",4.119
"Franck, M. - Wie lange willst du, Gott, meiner so gänzlich vergessen","""Franck, Michael""","Wie lange willst du, Gott, meiner so gänzlich vergessen",5.13
"Franck, S. - Fahr hin, o Welt mit deinen","""Franck, Sebastian""","Fahr hin, o Welt mit deinen",6.38
"Franck, S. - Gott, der du bleibest, wie du bist","""Franck, Sebastian""","Gott, der du bleibest, wie du bist",10.2
"Franck, S. - Jesu, meine Wonne","""Franck, Sebastian""","Jesu, meine Wonne",10.1
Frank - Wanderlied,"""Frank, Heinrich""",Wanderlied,8.13
Franke - Absage an die Eitelkeit,"""Franke, Hans""",Absage an die Eitelkeit,4.7
Franke - Die Toten,"""Franke, Hans""",Die Toten,3.2
Franke - März,"""Franke, Hans""",März,4.61
Franke - Nebel,"""Franke, Hans""",Nebel,2.6
Franke - Verwandlung,"""Franke, Hans""",Verwandlung,2.6
"Franz - Großer Gott, wir loben dich","""Franz, Ignaz""","Großer Gott, wir loben dich",6.23
Freiligrath - Afrikanische Huldigung,"""Freiligrath, Ferdinand""",Afrikanische Huldigung,6.50
Freiligrath - Am Baum der Menschheit drängt sich Blüt' an Blüte,"""Freiligrath, Ferdinand""",Am Baum der Menschheit drängt sich Blüt' an Blüte,8.46
Freiligrath - Am Kongo,"""Freiligrath, Ferdinand""",Am Kongo,6.50
Freiligrath - An ein schönes Kind,"""Freiligrath, Ferdinand""",An ein schönes Kind,4.64
Freiligrath - An Hoffmann von Fallersleben,"""Freiligrath, Ferdinand""",An Hoffmann von Fallersleben,8.13
Freiligrath - Auf dem Drachenfels,"""Freiligrath, Ferdinand""",Auf dem Drachenfels,8.34
Freiligrath - Banditenbegräbnis,"""Freiligrath, Ferdinand""",Banditenbegräbnis,8.7
Freiligrath - Barbarossas erstes Erwachen,"""Freiligrath, Ferdinand""",Barbarossas erstes Erwachen,8.7
Freiligrath - Berlin,"""Freiligrath, Ferdinand""",Berlin,8.15
Freiligrath - Das Fensterkreuz,"""Freiligrath, Ferdinand""",Das Fensterkreuz,4.126
Freiligrath - Das Hospitalschiff,"""Freiligrath, Ferdinand""",Das Hospitalschiff,4.88
Freiligrath - Der Adler auf dem Mäuseturm,"""Freiligrath, Ferdinand""",Der Adler auf dem Mäuseturm,8.34
Freiligrath - Der ausgewanderte Dichter,"""Freiligrath, Ferdinand""",Der ausgewanderte Dichter,4.109
Freiligrath - Der Biwak,"""Freiligrath, Ferdinand""",Der Biwak,4.20
Freiligrath - Der Königsstuhl bei Rhense,"""Freiligrath, Ferdinand""",Der Königsstuhl bei Rhense,4.49
Freiligrath - Der Mohrenfürst,"""Freiligrath, Ferdinand""",Der Mohrenfürst,4.58
Freiligrath - Der Reiter,"""Freiligrath, Ferdinand""",Der Reiter,6.43
Freiligrath - Der Scheik am Sinai,"""Freiligrath, Ferdinand""",Der Scheik am Sinai,6.50
Freiligrath - Der Schwertfeger von Damaskus,"""Freiligrath, Ferdinand""",Der Schwertfeger von Damaskus,6.50
Freiligrath - Des Kaisers Segen,"""Freiligrath, Ferdinand""",Des Kaisers Segen,4.36
Freiligrath - Die »Amphitrite«,"""Freiligrath, Ferdinand""",Die »Amphitrite«,4.17
Freiligrath - Die Auswanderer,"""Freiligrath, Ferdinand""",Die Auswanderer,4.67
Freiligrath - Die irische Witwe,"""Freiligrath, Ferdinand""",Die irische Witwe,3.7
Freiligrath - Die Nacht im Hafen 1,"""Freiligrath, Ferdinand""",Die Nacht im Hafen 1,5.12
Freiligrath - Die Rose,"""Freiligrath, Ferdinand""",Die Rose,8.44
Freiligrath - Die Schiffe,"""Freiligrath, Ferdinand""",Die Schiffe,4.125
Freiligrath - Die Trompete von Gravelotte,"""Freiligrath, Ferdinand""",Die Trompete von Gravelotte,4.36
Freiligrath - Die Trompete von Vionville (Sie haben Tod und Verderben gespien),"""Freiligrath, Ferdinand""",Die Trompete von Vionville (Sie haben Tod und Verderben gespien),4.37
Freiligrath - Dorfgeschichten,"""Freiligrath, Ferdinand""",Dorfgeschichten,6.48
Freiligrath - Du hast genannt mich einen,"""Freiligrath, Ferdinand""",Du hast genannt mich einen,4.106
Freiligrath - Ein Patriot,"""Freiligrath, Ferdinand""",Ein Patriot,8.46
Freiligrath - Ein Umkehren,"""Freiligrath, Ferdinand""",Ein Umkehren,10.9
Freiligrath - Februar 1870,"""Freiligrath, Ferdinand""",Februar 1870,4.22
Freiligrath - Fieber,"""Freiligrath, Ferdinand""",Fieber,8.37
Freiligrath - Freistuhl zu Dortmund,"""Freiligrath, Ferdinand""",Freistuhl zu Dortmund,6.43
Freiligrath - Geisterschau,"""Freiligrath, Ferdinand""",Geisterschau,4.46
Freiligrath - Gladiator,"""Freiligrath, Ferdinand""",Gladiator,4.64
Freiligrath - Hamlet,"""Freiligrath, Ferdinand""",Hamlet,8.32
"Freiligrath - Heiligenschrein, Vögel und Wandersmann","""Freiligrath, Ferdinand""","Heiligenschrein, Vögel und Wandersmann",5.9
Freiligrath - Heinrich der Seefahrer,"""Freiligrath, Ferdinand""",Heinrich der Seefahrer,4.46
Freiligrath - Hochzeitslied,"""Freiligrath, Ferdinand""",Hochzeitslied,4.76
Freiligrath - Im Himmel,"""Freiligrath, Ferdinand""",Im Himmel,4.122
Freiligrath - Im Walde,"""Freiligrath, Ferdinand""",Im Walde,4.31
Freiligrath - Köln und der Rhein,"""Freiligrath, Ferdinand""",Köln und der Rhein,8.14
Freiligrath - Kreuzigung,"""Freiligrath, Ferdinand""",Kreuzigung,6.43
Freiligrath - Leben des Negers,"""Freiligrath, Ferdinand""",Leben des Negers,4.20
Freiligrath - Lieve Heere,"""Freiligrath, Ferdinand""",Lieve Heere,4.34
Freiligrath - Löwenritt,"""Freiligrath, Ferdinand""",Löwenritt,4.125
Freiligrath - Meerfabel,"""Freiligrath, Ferdinand""",Meerfabel,4.49
Freiligrath - Meerfahrt,"""Freiligrath, Ferdinand""",Meerfahrt,4.62
Freiligrath - Mirage,"""Freiligrath, Ferdinand""",Mirage,4.126
Freiligrath - Moos-Tee,"""Freiligrath, Ferdinand""",Moos-Tee,4.49
Freiligrath - Nach England,"""Freiligrath, Ferdinand""",Nach England,8.21
Freiligrath - Nadel und Draht,"""Freiligrath, Ferdinand""",Nadel und Draht,4.96
Freiligrath - Nebel,"""Freiligrath, Ferdinand""",Nebel,6.43
Freiligrath - Neptun,"""Freiligrath, Ferdinand""",Neptun,4.17
"Freiligrath - O lieb, so lang du lieben kannst!","""Freiligrath, Ferdinand""","O lieb, so lang du lieben kannst!",4.59
Freiligrath - Piratenromanze,"""Freiligrath, Ferdinand""",Piratenromanze,4.54
"Freiligrath - Prinz Eugen, der edle Ritter","""Freiligrath, Ferdinand""","Prinz Eugen, der edle Ritter",6.30
Freiligrath - Prinz Ludwig von Preußen,"""Freiligrath, Ferdinand""",Prinz Ludwig von Preußen,6.30
Freiligrath - Requiescat,"""Freiligrath, Ferdinand""",Requiescat,8.21
Freiligrath - Rhenus,"""Freiligrath, Ferdinand""",Rhenus,4.67
Freiligrath - Roland,"""Freiligrath, Ferdinand""",Roland,4.107
Freiligrath - Rotkäppchen,"""Freiligrath, Ferdinand""",Rotkäppchen,2.5
Freiligrath - Ruhe in der Geliebten,"""Freiligrath, Ferdinand""",Ruhe in der Geliebten,8.37
Freiligrath - Sandlieder 1-5,"""Freiligrath, Ferdinand""",Sandlieder 1-5,4.64
Freiligrath - Springer,"""Freiligrath, Ferdinand""",Springer,4.64
Freiligrath - The Arab,"""Freiligrath, Ferdinand""",The Arab,4.59
Freiligrath - Trinkspruch [...] zur Feier des 94. Geburtstags der Unabhängigkeitserklärung der Vereinigten Staaten,"""Freiligrath, Ferdinand""",Trinkspruch [...] zur Feier des 94. Geburtstags der Unabhängigkeitserklärung der Vereinigten Staaten,8.37
Freiligrath - Trinkspruch. Zur Kindtaufe,"""Freiligrath, Ferdinand""",Trinkspruch. Zur Kindtaufe,8.8
Freiligrath - Von unten auf!,"""Freiligrath, Ferdinand""",Von unten auf!,4.126
Freiligrath - Vorgefühl,"""Freiligrath, Ferdinand""",Vorgefühl,4.100
Freiligrath - Wär ich im Bann von Mekkas Toren,"""Freiligrath, Ferdinand""",Wär ich im Bann von Mekkas Toren,4.67
Freiligrath - Westfälisches Sommerlied,"""Freiligrath, Ferdinand""",Westfälisches Sommerlied,7.7
Freiligrath - Wie mans macht,"""Freiligrath, Ferdinand""",Wie mans macht,4.126
Freiligrath - Zu Hölderlins hundertjährigem Geburtstage,"""Freiligrath, Ferdinand""",Zu Hölderlins hundertjährigem Geburtstage,4.67
Freiligrath - Zwei Flaggen,"""Freiligrath, Ferdinand""",Zwei Flaggen,8.34
"Frentzel - Jerusalem, nimm doch einmal","""Frentzel, Johann""","Jerusalem, nimm doch einmal",4.84
Fritsch - Auf meinen Jesu bleib ich,"""Fritsch, Ahasver""",Auf meinen Jesu bleib ich,4.84
Fritsch - Es können Engelzungen nicht,"""Fritsch, Ahasver""",Es können Engelzungen nicht,8.12
"Fritsch - Hast du denn, Jesu, dein Angesicht gänzlich verborgen","""Fritsch, Ahasver""","Hast du denn, Jesu, dein Angesicht gänzlich verborgen",5.13
"Fritsch - Jesu, meine Sonne","""Fritsch, Ahasver""","Jesu, meine Sonne",10.1
Fritsch - Meinen Jesum laß ich nicht,"""Fritsch, Ahasver""",Meinen Jesum laß ich nicht,4.46
Fritsch - O jüngster Tag,"""Fritsch, Ahasver""",O jüngster Tag,4.103
"Fritsch - Wohl dem, der mit Fleiß hin trachtet","""Fritsch, Ahasver""","Wohl dem, der mit Fleiß hin trachtet",6.27
Füger - Die christlich Kirch hat trauriglich,"""Füger, Caspar""",Die christlich Kirch hat trauriglich,8.12
Fulda - Gruß an die Nationalversammlung,"""Fulda, Ludwig""",Gruß an die Nationalversammlung,8.7
Gan - Auf die Erfahrung,"""Gan, Peter""",Auf die Erfahrung,5.14
Gan - Auf eine Seifenblase,"""Gan, Peter""",Auf eine Seifenblase,4.95
Gan - Auf Gustav Schwab,"""Gan, Peter""",Auf Gustav Schwab,4.93
Gan - Das Leben,"""Gan, Peter""",Das Leben,5.14
Gan - Der Garten,"""Gan, Peter""",Der Garten,5.15
Gan - Der Gärtner,"""Gan, Peter""",Der Gärtner,5.15
Gan - Die Sanduhr,"""Gan, Peter""",Die Sanduhr,2.13
Gan - Die Sprache,"""Gan, Peter""",Die Sprache,5.12
Gan - Die Wolke,"""Gan, Peter""",Die Wolke,5.14
Gan - Ein Traum,"""Gan, Peter""",Ein Traum,4.100
Gan - Klage eines Engels,"""Gan, Peter""",Klage eines Engels,4.89
Gan - Preis der Dinge,"""Gan, Peter""",Preis der Dinge,4.91
Gan - Regen,"""Gan, Peter""",Regen,4.16
Gan - Spätes Spiel,"""Gan, Peter""",Spätes Spiel,5.14
Garve - Weit durch die Lande,"""Garve, Karl Bernhard""",Weit durch die Lande,4.80
Gättke - Dor seilt en Schipp,"""Gättke, Walter""",Dor seilt en Schipp,5.3
Gaudi - Die Landesflüchtigen,"""Gaudi, Franz von""",Die Landesflüchtigen,4.114
Gebser - Abendlied,"""Gebser, Jean""",Abendlied,4.30
Gebser - Das Fenster,"""Gebser, Jean""",Das Fenster,4.110
Gebser - Spanisches Hochland,"""Gebser, Jean""",Spanisches Hochland,4.24
Geibel - Am Jahresschlüsse 1866,"""Geibel, Emanuel""",Am Jahresschlüsse 1866,8.26
Geibel - Am Meere,"""Geibel, Emanuel""",Am Meere,8.42
Geibel - Am Schillertage 1859,"""Geibel, Emanuel""",Am Schillertage 1859,8.47
Geibel - An der Mosel,"""Geibel, Emanuel""",An der Mosel,6.30
Geibel - An Deutschland,"""Geibel, Emanuel""",An Deutschland,6.40
Geibel - An König Wilhelm,"""Geibel, Emanuel""",An König Wilhelm,8.37
Geibel - Antwort,"""Geibel, Emanuel""",Antwort,6.8
Geibel - Auf dem Anstand,"""Geibel, Emanuel""",Auf dem Anstand,8.46
Geibel - Auf dem Wasser,"""Geibel, Emanuel""",Auf dem Wasser,4.99
Geibel - Benedikt XIII.,"""Geibel, Emanuel""",Benedikt XIII.,2.16
Geibel - Beruhigung,"""Geibel, Emanuel""",Beruhigung,4.49
Geibel - Böse Träume,"""Geibel, Emanuel""",Böse Träume,8.7
Geibel - Bothwell,"""Geibel, Emanuel""",Bothwell,4.59
Geibel - Buonaparte,"""Geibel, Emanuel""",Buonaparte,6.50
Geibel - Dante,"""Geibel, Emanuel""",Dante,2.17
Geibel - Das ist der Liebe eigen,"""Geibel, Emanuel""",Das ist der Liebe eigen,4.23
Geibel - Der Hidalgo,"""Geibel, Emanuel""",Der Hidalgo,8.7
Geibel - Der Husar,"""Geibel, Emanuel""",Der Husar,4.109
Geibel - Der letzte Skalde,"""Geibel, Emanuel""",Der letzte Skalde,4.36
Geibel - Der Page,"""Geibel, Emanuel""",Der Page,4.54
Geibel - Der Romantiker,"""Geibel, Emanuel""",Der Romantiker,4.80
Geibel - Der Templer,"""Geibel, Emanuel""",Der Templer,3.7
Geibel - Der Zigeunerbube im Norden,"""Geibel, Emanuel""",Der Zigeunerbube im Norden,8.26
Geibel - Des Müden Abendlied,"""Geibel, Emanuel""",Des Müden Abendlied,7.4
Geibel - Deutsches Leben,"""Geibel, Emanuel""",Deutsches Leben,8.37
Geibel - Deutschlands Beruf,"""Geibel, Emanuel""",Deutschlands Beruf,6.29
Geibel - Die Braut,"""Geibel, Emanuel""",Die Braut,4.8
Geibel - Die Goldgräber,"""Geibel, Emanuel""",Die Goldgräber,4.62
Geibel - Die Lilien glühn in Düften,"""Geibel, Emanuel""",Die Lilien glühn in Düften,4.20
Geibel - Donatus 2,"""Geibel, Emanuel""",Donatus 2,3.6
Geibel - Drei Vögel,"""Geibel, Emanuel""",Drei Vögel,4.20
Geibel - Einkehr,"""Geibel, Emanuel""",Einkehr,4.39
Geibel - Einst geschiehts,"""Geibel, Emanuel""",Einst geschiehts,4.46
Geibel - Eiserne Zeit,"""Geibel, Emanuel""",Eiserne Zeit,6.23
"Geibel - Erinnerungen aus Griechenland 1, 2, 6, 8, 9","""Geibel, Emanuel""","Erinnerungen aus Griechenland 1, 2, 6, 8, 9",4.49
Geibel - Es ist das Glück ein flüchtig,"""Geibel, Emanuel""",Es ist das Glück ein flüchtig,4.36
Geibel - Es liegt am öden Dünenstrand,"""Geibel, Emanuel""",Es liegt am öden Dünenstrand,4.36
Geibel - Es rauscht das Meer gelinde,"""Geibel, Emanuel""",Es rauscht das Meer gelinde,4.26
Geibel - Fahnentreue,"""Geibel, Emanuel""",Fahnentreue,4.13
Geibel - Friedrich Rotbart,"""Geibel, Emanuel""",Friedrich Rotbart,4.49
Geibel - Frohe Botschaft,"""Geibel, Emanuel""",Frohe Botschaft,8.37
Geibel - Frühlingslied 3,"""Geibel, Emanuel""",Frühlingslied 3,4.54
Geibel - Frühmorgens,"""Geibel, Emanuel""",Frühmorgens,8.37
Geibel - Für Musik,"""Geibel, Emanuel""",Für Musik,4.13
Geibel - Gebet September 1848,"""Geibel, Emanuel""",Gebet September 1848,4.47
Geibel - Gudruns Klage,"""Geibel, Emanuel""",Gudruns Klage,8.7
Geibel - Hanseatisches Festlied,"""Geibel, Emanuel""",Hanseatisches Festlied,8.14
Geibel - Harr' aus,"""Geibel, Emanuel""",Harr' aus,4.40
Geibel - Heimkehr,"""Geibel, Emanuel""",Heimkehr,4.67
Geibel - Herbstklage,"""Geibel, Emanuel""",Herbstklage,7.7
Geibel - Hirsch und Reh,"""Geibel, Emanuel""",Hirsch und Reh,4.123
Geibel - Hoffnung (Und dräut der Winter noch so sehr),"""Geibel, Emanuel""",Hoffnung (Und dräut der Winter noch so sehr),4.36
Geibel - Ich bin die Rose auf der Au,"""Geibel, Emanuel""",Ich bin die Rose auf der Au,4.36
Geibel - Ich fuhr von St. Goar,"""Geibel, Emanuel""",Ich fuhr von St. Goar,4.17
Geibel - Ich lieg in Träumen,"""Geibel, Emanuel""",Ich lieg in Träumen,4.4
Geibel - Ich sah den Wald sich färben,"""Geibel, Emanuel""",Ich sah den Wald sich färben,4.20
Geibel - Im Grafenschlosse,"""Geibel, Emanuel""",Im Grafenschlosse,8.44
Geibel - Kriegslied,"""Geibel, Emanuel""",Kriegslied,8.14
Geibel - Krokodilromanze,"""Geibel, Emanuel""",Krokodilromanze,4.64
Geibel - Lebensstimmung,"""Geibel, Emanuel""",Lebensstimmung,8.48
Geibel - Leichter Sinn,"""Geibel, Emanuel""",Leichter Sinn,8.26
Geibel - Lied des Korsaren,"""Geibel, Emanuel""",Lied des Korsaren,6.27
Geibel - Lied des Mädchens,"""Geibel, Emanuel""",Lied des Mädchens,6.9
"Geibel - Lieder als Intermezzo 12, 19, 22","""Geibel, Emanuel""","Lieder als Intermezzo 12, 19, 22",4.67
Geibel - Lieder als Intermezzo 14,"""Geibel, Emanuel""",Lieder als Intermezzo 14,4.49
Geibel - Lieder als Intermezzo 15,"""Geibel, Emanuel""",Lieder als Intermezzo 15,4.64
Geibel - Lieder aus alter und neuer Zeit 6,"""Geibel, Emanuel""",Lieder aus alter und neuer Zeit 6,4.103
Geibel - Lieder eines fahrenden Schülers 1,"""Geibel, Emanuel""",Lieder eines fahrenden Schülers 1,8.7
Geibel - Lieder eines fahrenden Schülers 3,"""Geibel, Emanuel""",Lieder eines fahrenden Schülers 3,4.70
Geibel - Ludwig Uhland,"""Geibel, Emanuel""",Ludwig Uhland,8.37
Geibel - Menetekel 1846,"""Geibel, Emanuel""",Menetekel 1846,7.7
Geibel - Minnelied,"""Geibel, Emanuel""",Minnelied,10.9
Geibel - Mittagszauber,"""Geibel, Emanuel""",Mittagszauber,4.99
Geibel - Mittsommernacht,"""Geibel, Emanuel""",Mittsommernacht,4.49
Geibel - Nachruf,"""Geibel, Emanuel""",Nachruf,4.103
Geibel - Nachtlied,"""Geibel, Emanuel""",Nachtlied,4.20
Geibel - Nachts am Meere,"""Geibel, Emanuel""",Nachts am Meere,8.31
Geibel - Nausikaa,"""Geibel, Emanuel""",Nausikaa,8.26
Geibel - Nordostwind hatten wir (Lieder aus alter und neuer Zeit 5),"""Geibel, Emanuel""",Nordostwind hatten wir (Lieder aus alter und neuer Zeit 5),4.104
Geibel - Nun ist der letzte Tag,"""Geibel, Emanuel""",Nun ist der letzte Tag,8.37
Geibel - Nun kommt die Nacht am Himmelszelt,"""Geibel, Emanuel""",Nun kommt die Nacht am Himmelszelt,6.19
Geibel - O Jugendzeit,"""Geibel, Emanuel""",O Jugendzeit,8.31
Geibel - Omar,"""Geibel, Emanuel""",Omar,8.37
Geibel - Protestlied für Schleswig-Holstein,"""Geibel, Emanuel""",Protestlied für Schleswig-Holstein,8.15
Geibel - Rothenburg,"""Geibel, Emanuel""",Rothenburg,4.108
Geibel - Sanssouci,"""Geibel, Emanuel""",Sanssouci,6.50
Geibel - Schlaf und Erwachen,"""Geibel, Emanuel""",Schlaf und Erwachen,4.47
Geibel - Schön Ellen,"""Geibel, Emanuel""",Schön Ellen,4.37
Geibel - Sei getrost,"""Geibel, Emanuel""",Sei getrost,8.26
Geibel - Tief im grünen Frühlingshag,"""Geibel, Emanuel""",Tief im grünen Frühlingshag,4.31
Geibel - Verlorene Liebe,"""Geibel, Emanuel""",Verlorene Liebe,6.43
Geibel - Wenn die Reb im Safte,"""Geibel, Emanuel""",Wenn die Reb im Safte,4.31
Geibel - Wiedersehen,"""Geibel, Emanuel""",Wiedersehen,4.67
Geibel - Zigeunerleben,"""Geibel, Emanuel""",Zigeunerleben,4.62
"Geißler - Wer Deutschland trutzt, soll sterben","""Geißler, Max""","Wer Deutschland trutzt, soll sterben",8.15
Gellert - Abendlied (Für alle Güte sei),"""Gellert, Christian Fürchtegott""",Abendlied (Für alle Güte sei),6.16
"Gellert - Abendlied (Herr, der du mir das Leben)","""Gellert, Christian Fürchtegott""","Abendlied (Herr, der du mir das Leben)",6.9
Gellert - Am Kommuniontage,"""Gellert, Christian Fürchtegott""",Am Kommuniontage,10.3
Gellert - Am neuen Jahre,"""Gellert, Christian Fürchtegott""",Am neuen Jahre,7.7
Gellert - Bußlied,"""Gellert, Christian Fürchtegott""",Bußlied,4.78
Gellert - Damötas und Phyllis,"""Gellert, Christian Fürchtegott""",Damötas und Phyllis,6.36
Gellert - Danklied,"""Gellert, Christian Fürchtegott""",Danklied,4.67
Gellert - Das Füllen,"""Gellert, Christian Fürchtegott""",Das Füllen,8.37
Gellert - Das Heupferd oder der Grashüpfer,"""Gellert, Christian Fürchtegott""",Das Heupferd oder der Grashüpfer,4.63
Gellert - Das Kartenhaus,"""Gellert, Christian Fürchtegott""",Das Kartenhaus,4.67
Gellert - Das Kind und der Affe,"""Gellert, Christian Fürchtegott""",Das Kind und der Affe,6.34
Gellert - Der Blinde und der Lahme,"""Gellert, Christian Fürchtegott""",Der Blinde und der Lahme,4.69
Gellert - Der Kampf der Tugend,"""Gellert, Christian Fürchtegott""",Der Kampf der Tugend,8.15
Gellert - Der Reisende,"""Gellert, Christian Fürchtegott""",Der Reisende,6.40
Gellert - Der Schutz der Kirche,"""Gellert, Christian Fürchtegott""",Der Schutz der Kirche,9.0
Gellert - Der tätige Glaube,"""Gellert, Christian Fürchtegott""",Der tätige Glaube,6.15
Gellert - Der Tod der Fliege und der,"""Gellert, Christian Fürchtegott""",Der Tod der Fliege und der,4.67
Gellert - Die Ehre Gottes aus der Natur (Die HImmel rühmen des Ewigen Ehre),"""Gellert, Christian Fürchtegott""",Die Ehre Gottes aus der Natur (Die HImmel rühmen des Ewigen Ehre),4.67
Gellert - Die Güte Gottes (Wie groß ist des Allmächtigen Güte),"""Gellert, Christian Fürchtegott""",Die Güte Gottes (Wie groß ist des Allmächtigen Güte),8.37
Gellert - Die Guttat,"""Gellert, Christian Fürchtegott""",Die Guttat,4.67
Gellert - Die Liebe der Feinde,"""Gellert, Christian Fürchtegott""",Die Liebe der Feinde,4.38
Gellert - Die Liebe des Nächsten,"""Gellert, Christian Fürchtegott""",Die Liebe des Nächsten,6.15
Gellert - Die Wachtel und der Hänfling,"""Gellert, Christian Fürchtegott""",Die Wachtel und der Hänfling,6.35
"Gellert - Ermunterung, die Schrift zu","""Gellert, Christian Fürchtegott""","Ermunterung, die Schrift zu",4.120
Gellert - Gelassenheit,"""Gellert, Christian Fürchtegott""",Gelassenheit,6.9
Gellert - Mein erst Gefühl sei Preis und Dank,"""Gellert, Christian Fürchtegott""",Mein erst Gefühl sei Preis und Dank,4.36
Gellert - Osterlied (Erinnere dich),"""Gellert, Christian Fürchtegott""",Osterlied (Erinnere dich),4.58
"Gellert - Osterlied (Jesus lebt, mit ihm auch ich)","""Gellert, Christian Fürchtegott""","Osterlied (Jesus lebt, mit ihm auch ich)",6.23
Gellert - Passionslied,"""Gellert, Christian Fürchtegott""",Passionslied,4.83
Gellert - Preis des Schöpfers,"""Gellert, Christian Fürchtegott""",Preis des Schöpfers,7.7
Gellert - Prüfung am Abend,"""Gellert, Christian Fürchtegott""",Prüfung am Abend,4.120
Gellert - Trost des ewigen Lebens,"""Gellert, Christian Fürchtegott""",Trost des ewigen Lebens,6.38
Gellert - Versicherung der Gnade Gottes,"""Gellert, Christian Fürchtegott""",Versicherung der Gnade Gottes,6.19
Gellert - Vertrauen auf Gottes Vorsehung,"""Gellert, Christian Fürchtegott""",Vertrauen auf Gottes Vorsehung,8.12
Gellert - Vom Tode,"""Gellert, Christian Fürchtegott""",Vom Tode,6.23
Gellert - Vom Worte Gottes,"""Gellert, Christian Fürchtegott""",Vom Worte Gottes,6.2
Gellert - Weihnachtslied,"""Gellert, Christian Fürchtegott""",Weihnachtslied,4.58
Gellert - Zufriedenheit mit seinem,"""Gellert, Christian Fürchtegott""",Zufriedenheit mit seinem,4.67
Gemmingen - Auf einer Reise bei Friedberg über das Schlachtfeld,"""Gemmingen, Eberhard Friedrich von""",Auf einer Reise bei Friedberg über das Schlachtfeld,4.87
Gengenbach - Der alte Eidgenoß,"""Gengenbach, Pamphilus""",Der alte Eidgenoß,5.6
Gengenbach - Der welsch Fluß,"""Gengenbach, Pamphilus""",Der welsch Fluß,"3.4,3.4aaa"
Gengenbach - Lied von der Narrenkappe,"""Gengenbach, Pamphilus""",Lied von der Narrenkappe,9.1
George - Abschluß,"""George, Stefan""",Abschluß,4.110
George - Auf das Leben und den Tod Maximins 5,"""George, Stefan""",Auf das Leben und den Tod Maximins 5,4.76
George - Auf der Terrasse,"""George, Stefan""",Auf der Terrasse,4.109
George - Aus dem viel-durchfurchten land,"""George, Stefan""",Aus dem viel-durchfurchten land,4.47
George - Blaue Stunde,"""George, Stefan""",Blaue Stunde,4.27
George - Boecklin,"""George, Stefan""",Boecklin,8.48
George - Da waren trümmer nicht noch scherben,"""George, Stefan""",Da waren trümmer nicht noch scherben,4.67
George - Daneben war der raum der blassen helle,"""George, Stefan""",Daneben war der raum der blassen helle,4.106
George - Darfst du bei nacht und bei,"""George, Stefan""",Darfst du bei nacht und bei,4.12
George - Das Kloster,"""George, Stefan""",Das Kloster,4.105
George - Das Licht,"""George, Stefan""",Das Licht,4.106
George - Das lied das jener bettler dudelt,"""George, Stefan""",Das lied das jener bettler dudelt,4.74
George - Das Lied des Zwergen 2,"""George, Stefan""",Das Lied des Zwergen 2,4.19
George - Das Pochen,"""George, Stefan""",Das Pochen,4.67
George - Das wort,"""George, Stefan""",Das wort,2.5
George - Dein geist zurück in jenes jahr geschwenkt,"""George, Stefan""",Dein geist zurück in jenes jahr geschwenkt,4.104
George - Den Brüdern,"""George, Stefan""",Den Brüdern,4.106
George - Der bodenblumen stilles und bescheidenes heer,"""George, Stefan""",Der bodenblumen stilles und bescheidenes heer,2.13
George - Der Einsiedel,"""George, Stefan""",Der Einsiedel,4.106
George - Der Freund der Fluren,"""George, Stefan""",Der Freund der Fluren,4.109
George - Der Jünger,"""George, Stefan""",Der Jünger,4.87
George - Der Spiegel,"""George, Stefan""",Der Spiegel,8.48
George - Der Teppich,"""George, Stefan""",Der Teppich,4.109
George - Des ruhmes leere dränge,"""George, Stefan""",Des ruhmes leere dränge,4.103
George - Des sehers wort ist wenigen gemeinsam,"""George, Stefan""",Des sehers wort ist wenigen gemeinsam,4.109
George - Die blume die ich mir am fenster hege,"""George, Stefan""",Die blume die ich mir am fenster hege,4.109
George - Die Fremde,"""George, Stefan""",Die Fremde,4.69
George - Die Führer. Der Erste,"""George, Stefan""",Die Führer. Der Erste,3.7
George - Die jagd hat sich verzogen,"""George, Stefan""",Die jagd hat sich verzogen,4.23
George - Die Maske,"""George, Stefan""",Die Maske,4.109
George - Die reichsten schätze lernet frei verschwenden,"""George, Stefan""",Die reichsten schätze lernet frei verschwenden,4.110
George - Die tat,"""George, Stefan""",Die tat,2.13
George - Die wachen auen lockten wonnesam,"""George, Stefan""",Die wachen auen lockten wonnesam,4.103
George - Dies leid und diese last,"""George, Stefan""",Dies leid und diese last,4.38
George - Du schlank und rein wie eine flamme,"""George, Stefan""",Du schlank und rein wie eine flamme,4.67
George - Du stets noch anfang uns und end und mitte,"""George, Stefan""",Du stets noch anfang uns und end und mitte,14.0
George - Ein Hingang,"""George, Stefan""",Ein Hingang,4.106
George - Einverleibung,"""George, Stefan""",Einverleibung,4.55
George - Entrückung,"""George, Stefan""",Entrückung,3.7
George - Entsinne dich der schrecken,"""George, Stefan""",Entsinne dich der schrecken,4.100
George - Feier,"""George, Stefan""",Feier,4.55
George - Feld vor Rom,"""George, Stefan""",Feld vor Rom,4.107
George - Fenster wo ich einst mit dir,"""George, Stefan""",Fenster wo ich einst mit dir,"3.3,3.3xxx"
George - Flammen,"""George, Stefan""",Flammen,2.10
George - Flammende Wälder am,"""George, Stefan""",Flammende Wälder am,4.44
George - Friedensabend,"""George, Stefan""",Friedensabend,2.10
George - Frühe Liebe,"""George, Stefan""",Frühe Liebe,6.48
George - Geführt vom sang der leis sich schlang,"""George, Stefan""",Geführt vom sang der leis sich schlang,4.58
George - Gemahnt dich noch das schöne bildnis,"""George, Stefan""",Gemahnt dich noch das schöne bildnis,4.106
George - Gespräch,"""George, Stefan""",Gespräch,4.109
George - Gib mir den großen feierlichen hauch,"""George, Stefan""",Gib mir den großen feierlichen hauch,4.104
George - Graue Rosse muß ich schirren,"""George, Stefan""",Graue Rosse muß ich schirren,4.54
George - Große tage wo im geist ich,"""George, Stefan""",Große tage wo im geist ich,2.16
George - Hehre Harfe,"""George, Stefan""",Hehre Harfe,4.54
George - Heisst es viel dich bitten,"""George, Stefan""",Heisst es viel dich bitten,4.13
George - Hier ist nicht mein lichtrevier,"""George, Stefan""",Hier ist nicht mein lichtrevier,4.47
George - Horch was die dumpfe erde,"""George, Stefan""",Horch was die dumpfe erde,"3.4,3.4T"
George - Ich bin freund und führer dir,"""George, Stefan""",Ich bin freund und führer dir,4.93
George - Ich schrieb es auf,"""George, Stefan""",Ich schrieb es auf,4.103
George - Ihr alten bilder schlummert mit den toten,"""George, Stefan""",Ihr alten bilder schlummert mit den toten,4.106
George - Ihr rufe junger jahre,"""George, Stefan""",Ihr rufe junger jahre,4.110
George - In meinem Leben rannen schlimme tage,"""George, Stefan""",In meinem Leben rannen schlimme tage,4.106
George - Irrende Schar,"""George, Stefan""",Irrende Schar,4.67
George - Jahre und vermeinte schulden,"""George, Stefan""",Jahre und vermeinte schulden,4.54
George - Keins wie dein feines ohr,"""George, Stefan""",Keins wie dein feines ohr,4.16
George - Kindliches Königtum,"""George, Stefan""",Kindliches Königtum,4.106
George - Komm in den totgesagten park und schau,"""George, Stefan""",Komm in den totgesagten park und schau,4.103
George - Landschaft 3,"""George, Stefan""",Landschaft 3,4.110
George - Langsame stunden überm fluss,"""George, Stefan""",Langsame stunden überm fluss,4.58
George - Leo XIII.,"""George, Stefan""",Leo XIII.,8.48
George - Lieder wie ich gern sie sänge,"""George, Stefan""",Lieder wie ich gern sie sänge,4.54
George - Litanei,"""George, Stefan""",Litanei,4.2
George - Mahnung,"""George, Stefan""",Mahnung,4.101
George - Mir ist als ob ein blick,"""George, Stefan""",Mir ist als ob ein blick,4.110
George - Mir ist es wie Titanien ergangen,"""George, Stefan""",Mir ist es wie Titanien ergangen,4.106
George - Mir ist kein weg zu steil zu weit,"""George, Stefan""",Mir ist kein weg zu steil zu weit,4.58
George - Morgenschauer,"""George, Stefan""",Morgenschauer,4.27
"George - Nach dir, o Herr, verlanget mich","""Gerhardt, Paul""","Nach dir, o Herr, verlanget mich",4.58
George - Nachdem die hehre Stadt die waffen strckte,"""George, Stefan""",Nachdem die hehre Stadt die waffen strckte,4.105
George - Nachtwachen IV,"""George, Stefan""",Nachtwachen IV,3.7
George - Nicht forsche welchem spruch,"""George, Stefan""",Nicht forsche welchem spruch,4.100
George - Nicht ist weise bis zur letzten frist,"""George, Stefan""",Nicht ist weise bis zur letzten frist,4.88
George - Nietzsche,"""George, Stefan""",Nietzsche,8.48
George - Nun säume nicht die gaben zu erhaschen,"""George, Stefan""",Nun säume nicht die gaben zu erhaschen,4.110
George - O mutter meiner mutter und Erlauchte,"""George, Stefan""",O mutter meiner mutter und Erlauchte,4.105
George - Ob denn der wolken-deuter mich belüge,"""George, Stefan""",Ob denn der wolken-deuter mich belüge,2.10
George - Ob schwerer nebel in den wäldern hängt,"""George, Stefan""",Ob schwerer nebel in den wäldern hängt,4.104
George - Rhein,"""George, Stefan""",Rhein,4.55
George - Rom-Fahrer,"""George, Stefan""",Rom-Fahrer,4.106
George - Rückkehr,"""George, Stefan""",Rückkehr,4.67
George - Schifferlied,"""George, Stefan""",Schifferlied,4.61
George - Schimmernd ragt der turm noch,"""George, Stefan""",Schimmernd ragt der turm noch,4.93
George - Seelied,"""George, Stefan""",Seelied,4.58
George - So holst du schon geraum mit armen reffen,"""George, Stefan""",So holst du schon geraum mit armen reffen,4.110
George - So ich traurig bin,"""George, Stefan""",So ich traurig bin,4.10
George - So lang noch farbenrauch,"""George, Stefan""",So lang noch farbenrauch,4.107
George - Solches bleibt nunmehr zu tun,"""George, Stefan""",Solches bleibt nunmehr zu tun,"3.3,3.3xxx"
"George - Standbilder 4, 7","""George, Stefan""","Standbilder 4, 7",4.110
George - Stätte von quälenden lüsten,"""George, Stefan""",Stätte von quälenden lüsten,4.14
George - Stimmen der Wolken-Töchter,"""George, Stefan""",Stimmen der Wolken-Töchter,4.14
George - Stimmen im Strom,"""George, Stefan""",Stimmen im Strom,4.50
George - Südlicher Strand. Bucht,"""George, Stefan""",Südlicher Strand. Bucht,4.87
George - Südlicher Strand. See,"""George, Stefan""",Südlicher Strand. See,4.106
George - Tag-Gesang II,"""George, Stefan""",Tag-Gesang II,2.6
George - Templer,"""George, Stefan""",Templer,4.107
George - Traum und Tod,"""George, Stefan""",Traum und Tod,4.44
George - Urlandschaft,"""George, Stefan""",Urlandschaft,4.99
George - Verschollen des traumes,"""George, Stefan""",Verschollen des traumes,4.6
George - Vor einer Begegnung,"""George, Stefan""",Vor einer Begegnung,4.109
George - Vorklang (Dass du schön bist),"""George, Stefan""",Vorklang (Dass du schön bist),4.10
"George - Vorspiel 1, 5, 8","""George, Stefan""","Vorspiel 1, 5, 8",4.105
"George - Vorspiel 10, 13, 17","""George, Stefan""","Vorspiel 10, 13, 17",4.110
George - Warum schweigst du meine leier,"""George, Stefan""",Warum schweigst du meine leier,4.54
George - Weihe,"""George, Stefan""",Weihe,4.109
George - Weißer Gesang,"""George, Stefan""",Weißer Gesang,4.110
George - Wenn aus der gondel sie zur treppe stieg,"""George, Stefan""",Wenn aus der gondel sie zur treppe stieg,4.103
George - Wenn dich meine wünsche umschwärmen,"""George, Stefan""",Wenn dich meine wünsche umschwärmen,8.8
George - Wenn die Gärten,"""George, Stefan""",Wenn die Gärten,6.32
George - Wenn ich auf deiner brücke steh,"""George, Stefan""",Wenn ich auf deiner brücke steh,"3.4,3.4xxx"
George - Wenn um der zinnen kupferglühe hauben,"""George, Stefan""",Wenn um der zinnen kupferglühe hauben,4.105
George - Wenn von den eichen erste morgenkühle,"""George, Stefan""",Wenn von den eichen erste morgenkühle,4.105
George - Wie in der Gruft,"""George, Stefan""",Wie in der Gruft,4.19
George - Winterwende,"""George, Stefan""",Winterwende,4.88
George - Wir schreiten auf und ab im reichen flitter,"""George, Stefan""",Wir schreiten auf und ab im reichen flitter,4.109
George - Wir sind dieselben kinder,"""George, Stefan""",Wir sind dieselben kinder,4.100
George - Wir stehen an der hecken gradem wall,"""George, Stefan""",Wir stehen an der hecken gradem wall,4.104
George - Wir werden nicht mehr starr und bleich,"""George, Stefan""",Wir werden nicht mehr starr und bleich,4.57
George - Worte trügen • worte fliehen,"""George, Stefan""",Worte trügen • worte fliehen,4.55
George - Zu lange dürst ich schon,"""George, Stefan""",Zu lange dürst ich schon,4.107
George - Zu traurigem behuf,"""George, Stefan""",Zu traurigem behuf,4.16
Gerhardt - Also hat Gott die Welt geliebt,"""Gerhardt, Paul""",Also hat Gott die Welt geliebt,8.17
Gerhardt - Auf den Nebel folgt die Sonn,"""Gerhardt, Paul""",Auf den Nebel folgt die Sonn,7.8
"Gerhardt - Barmherz'ger Vater, höchster Gott","""Gerhardt, Paul""","Barmherz'ger Vater, höchster Gott",10.2
Gerhardt - Befiehl du deine Wege,"""Gerhardt, Paul""",Befiehl du deine Wege,"8.7,8.7ac"
"Gerhardt - Der Herr, der aller Enden","""Gerhardt, Paul""","Der Herr, der aller Enden",4.23
Gerhardt - Die Zeit ist nunmehr nah,"""Gerhardt, Paul""",Die Zeit ist nunmehr nah,6.5
Gerhardt - Du bist zwar mein und bleibest mein,"""Gerhardt, Paul""",Du bist zwar mein und bleibest mein,8.17
Gerhardt - Du hebe Unschuld du,"""Gerhardt, Paul""",Du hebe Unschuld du,4.115
"Gerhardt - Du, meine Seele, singe","""Gerhardt, Paul""","Du, meine Seele, singe",8.7
Gerhardt - Ein Lämmlein geht und trägt die Schuld,"""Gerhardt, Paul""",Ein Lämmlein geht und trägt die Schuld,10.3
"Gerhardt - Gegrüßet seist du, Gott, mein Heil","""Gerhardt, Paul""","Gegrüßet seist du, Gott, mein Heil",6.33
"Gerhardt - Geh aus, mein Herz, und suche Freud","""Gerhardt, Paul""","Geh aus, mein Herz, und suche Freud",6.19
"Gerhardt - Gott Lob, nun ist erschollen / Das edle Fried- und Freudenwort","""Gerhardt, Paul""","Gott Lob, nun ist erschollen / Das edle Fried- und Freudenwort",12.2
"Gerhardt - Herr, du erforschest meinen Sinn","""Gerhardt, Paul""","Herr, du erforschest meinen Sinn",4.58
Gerhardt - Ich bin ein Gast auf Erden,"""Gerhardt, Paul""",Ich bin ein Gast auf Erden,8.7
"Gerhardt - Ich erhebe, Herr, zu dir","""Gerhardt, Paul""","Ich erhebe, Herr, zu dir",6.21
Gerhardt - Ich hab in Gottes Herz und Sinn,"""Gerhardt, Paul""",Ich hab in Gottes Herz und Sinn,10.2
Gerhardt - Ich singe dir mit Herz und,"""Gerhardt, Paul""",Ich singe dir mit Herz und,4.34
Gerhardt - Ich steh an deiner Krippen hier,"""Gerhardt, Paul""",Ich steh an deiner Krippen hier,7.7
"Gerhardt - Ich weiß, mein Gott, daß all mein Tun","""Gerhardt, Paul""","Ich weiß, mein Gott, daß all mein Tun",5.6
"Gerhardt - Ist Gott für mich, so trete","""Gerhardt, Paul""","Ist Gott für mich, so trete",8.7
Gerhardt - Johannes sähe durch Gesicht,"""Gerhardt, Paul""",Johannes sähe durch Gesicht,11.1
Gerhardt - Kommt und laßt uns Christum ehren,"""Gerhardt, Paul""",Kommt und laßt uns Christum ehren,4.52
"Gerhardt - Lobet den Herren alle, die ihn ehren","""Gerhardt, Paul""","Lobet den Herren alle, die ihn ehren",4.83
"Gerhardt - Mein Gott, ich habe mir","""Gerhardt, Paul""","Mein Gott, ich habe mir",6.5
Gerhardt - Meine Seel ist in der Stille,"""Gerhardt, Paul""",Meine Seel ist in der Stille,8.27
"Gerhardt - Nicht so traurig, nicht so","""Gerhardt, Paul""","Nicht so traurig, nicht so",6.21
Gerhardt - Nun danket all und bringet,"""Gerhardt, Paul""",Nun danket all und bringet,4.34
Gerhardt - Nun laßt uns gehn und,"""Gerhardt, Paul""",Nun laßt uns gehn und,4.23
Gerhardt - Nun ruhen alle Wälder,"""Gerhardt, Paul""",Nun ruhen alle Wälder,6.9
Gerhardt - O du allersüßte Freude,"""Gerhardt, Paul""",O du allersüßte Freude,8.25
"Gerhardt - O Gott, mein Schöpfer, edler Fürst","""Gerhardt, Paul""","O Gott, mein Schöpfer, edler Fürst",9.2
Gerhardt - O Haupt voll Blut und Wunden,"""Gerhardt, Paul""",O Haupt voll Blut und Wunden,8.7
"Gerhardt - O Mensch, beweine deine Sünd","""Gerhardt, Paul""","O Mensch, beweine deine Sünd",12.4
"Gerhardt - O Welt, sieh hier dein Leben","""Gerhardt, Paul""","O Welt, sieh hier dein Leben",6.9
Gerhardt - Schwing dich auf zu deinem Gott,"""Gerhardt, Paul""",Schwing dich auf zu deinem Gott,8.13
Gerhardt - Sollt ich meinem Gott nicht singen,"""Gerhardt, Paul""",Sollt ich meinem Gott nicht singen,10.5
"Gerhardt - Wach auf, mein Herz, und","""Gerhardt, Paul""","Wach auf, mein Herz, und",4.23
Gerhardt - Warum willst du draußen stehen,"""Gerhardt, Paul""",Warum willst du draußen stehen,8.25
Gerhardt - Was alle Weisheit in der Welt,"""Gerhardt, Paul""",Was alle Weisheit in der Welt,9.2
"Gerhardt - Was trauerst du, mein Angesicht","""Gerhardt, Paul""","Was trauerst du, mein Angesicht",7.4
"Gerhardt - Wie lang, o Herr, wie lange","""Gerhardt, Paul""","Wie lang, o Herr, wie lange",9.0
Gerhardt - Wie soll ich dich empfangen,"""Gerhardt, Paul""",Wie soll ich dich empfangen,8.7
Gerhardt - Zeuch ein zu deinen Toren,"""Gerhardt, Paul""",Zeuch ein zu deinen Toren,8.6
Gerhardt - Zweierlei bitt ich von dir,"""Gerhardt, Paul""",Zweierlei bitt ich von dir,7.8
Gernald - All die ihr jetzund lebet / seht an die letzte Zeit,"""Gernald, Wolff""",All die ihr jetzund lebet,9.1
Gerok - Bethlehem,"""Gerok, Karl""",Bethlehem,5.13
Gerok - Das Kruzifix am Wege,"""Gerok, Karl""",Das Kruzifix am Wege,4.95
Gerok - Der Freifrau Olga von,"""Gerok, Karl""",Der Freifrau Olga von,4.123
Gerok - Der Wanderbursch beim,"""Gerok, Karl""",Der Wanderbursch beim,2.5
Gerok - Einer entschlafenen Mutter,"""Gerok, Karl""",Einer entschlafenen Mutter,8.46
Gerok - Friedhof im Spätherbst,"""Gerok, Karl""",Friedhof im Spätherbst,4.95
Gerok - Für alle Stunden,"""Gerok, Karl""",Für alle Stunden,8.7
Gerok - Golgatha,"""Gerok, Karl""",Golgatha,4.84
Gerok - Hochzeitlied. Einem Kaufmann gesungen,"""Gerok, Karl""",Hochzeitlied. Einem Kaufmann gesungen,7.7
Gerok - In so holden Ruhetagen,"""Gerok, Karl""",In so holden Ruhetagen,2.4
Gerok - Lieder vom Christbaum 1,"""Gerok, Karl""",Lieder vom Christbaum 1,5.13
Gerok - Pfingstlied,"""Gerok, Karl""",Pfingstlied,5.13
Gerok - Portia,"""Gerok, Karl""",Portia,4.123
Gerok - Verfolgte Christen,"""Gerok, Karl""",Verfolgte Christen,4.13
Gerok - Vor Weihnachten,"""Gerok, Karl""",Vor Weihnachten,8.6
Gerok - Was hab ich dir getan,"""Gerok, Karl""",Was hab ich dir getan,4.114
Gerok - Wetterregel,"""Gerok, Karl""",Wetterregel,4.106
Gerok - Zum fünfzigjährigen Jubelfeste des Gustav-Adolf-Vereins 1882,"""Gerok, Karl""",Zum fünfzigjährigen Jubelfeste des Gustav-Adolf-Vereins 1882,8.6
Gerok - Zwei Söhne,"""Gerok, Karl""",Zwei Söhne,4.122
Gerstenberg - An eine Rose,"""Gerstenberg, Heinrich Wilhelm von""",An eine Rose,
Gerstenberg - Clarissa,"""Gerstenberg, Heinrich Wilhelm von""",Clarissa,4.20
Gerstenberg - Der Lauscher,"""Gerstenberg, Heinrich Wilhelm von""",Der Lauscher,8.15
Gerstenberg - Die Erstlingsrose,"""Gerstenberg, Heinrich Wilhelm von""",Die Erstlingsrose,4.64
Gerstenberg - Die Landlust,"""Gerstenberg, Heinrich Wilhelm von""",Die Landlust,8.37
Gerstenberg - Die Seligkeit der Liebenden,"""Gerstenberg, Heinrich Wilhelm von""",Die Seligkeit der Liebenden,4.78
Gerstenberg - Grablied,"""Gerstenberg, Heinrich Wilhelm von""",Grablied,6.23
Gerstenberg - Horaz,"""Gerstenberg, Heinrich Wilhelm von""",Horaz,3.7
Gerstenberg - Kriegslied eines dänischen Grenadiers,"""Gerstenberg, Heinrich Wilhelm von""",Kriegslied eines dänischen Grenadiers,4.34
Gerstenberg - Lyde an Amorn,"""Gerstenberg, Heinrich Wilhelm von""",Lyde an Amorn,6.41
Gerstenberg - Morgenlied,"""Gerstenberg, Heinrich Wilhelm von""",Morgenlied,4.20
Gerstenberg - Philinde am Nachttisch,"""Gerstenberg, Heinrich Wilhelm von""",Philinde am Nachttisch,4.119
Gerstenberg - Schnitterlied,"""Gerstenberg, Heinrich Wilhelm von""",Schnitterlied,6.28
Gessner - Lied eines Schweizers an sein bewaffnetes Mädchen,"""Gessner, Salomon""",Lied eines Schweizers an sein bewaffnetes Mädchen,4.34
Gessner - Morgenlied,"""Gessner, Salomon""",Morgenlied,4.34
"Geuder - Ehre, Lob und Herrlichkeit","""Geuder, Johann""","Ehre, Lob und Herrlichkeit",4.42
Geuder - Gott sei gelobet und,"""Geysel, Abraham""",Gott sei gelobet und gepreiset,8.37
"Geuder - Jesu, meiner Seelen Liebe","""Geuder, Johann""","Jesu, meiner Seelen Liebe",10.5
Gilbert - Am Lietzensee,"""Gilbert, Robert""",Am Lietzensee,4.67
Gilbert - Gruß an die Mark,"""Gilbert, Robert""",Gruß an die Mark,6.18
Gilbert - Leierliedchen,"""Gilbert, Robert""",Leierliedchen,4.36
Gilbert - Porzellanfuhre,"""Gilbert, Robert""",Porzellanfuhre,8.1
Gilbert - Stechschritt,"""Gilbert, Robert""",Stechschritt,4.22
Girck - Wir gläuben an einen Gott,"""Girck, Johannes""",Wir gläuben an einen Gott,"3.3,3.3aaa"
"Glasenapp - Ich danke dir, o Gott, in deinem Throne","""Glasenapp, Joachim""","Ich danke dir, o Gott, in deinem Throne",6.47
Gläser - Lob der Schönheit,"""Gläser, Enoch""",Lob der Schönheit,6.34
Gläser - Verachtung der Schönheit,"""Gläser, Enoch""",Verachtung der Schönheit,6.34
Gleim - Abschied von Chloris,"""Gleim, Johann Wilhelm Ludwig""",Abschied von Chloris,4.34
Gleim - An die Leier,"""Gleim, Johann Wilhelm Ludwig""",An die Leier,4.43
Gleim - Bitte um eine Stunde,"""Gleim, Johann Wilhelm Ludwig""",Bitte um eine Stunde,4.103
Gleim - Daphne an den Westwind,"""Gleim, Johann Wilhelm Ludwig""",Daphne an den Westwind,4.71
Gleim - Der deutsche Mann,"""Gleim, Johann Wilhelm Ludwig""",Der deutsche Mann,8.38
Gleim - Der freiwillige Aktäon,"""Gleim, Johann Wilhelm Ludwig""",Der freiwillige Aktäon,4.67
Gleim - Des Bauers Danklied,"""Gleim, Johann Wilhelm Ludwig""",Des Bauers Danklied,4.17
Gleim - Einladung zum Tanz,"""Gleim, Johann Wilhelm Ludwig""",Einladung zum Tanz,8.1
Gleim - Lied an die Kaiserin-Königin nach Wiedereroberung der Stadt Breslau,"""Gleim, Johann Wilhelm Ludwig""",Lied an die Kaiserin-Königin nach Wiedereroberung der Stadt Breslau,4.30
Gleim - Lied des armen Arbeitsmanns,"""Gleim, Johann Wilhelm Ludwig""",Lied des armen Arbeitsmanns,6.38
Gleim - Lied nach der Schlacht bei Kollin,"""Gleim, Johann Wilhelm Ludwig""",Lied nach der Schlacht bei Kollin,4.34
Gleim - Mainzer Siegeslied,"""Gleim, Johann Wilhelm Ludwig""",Mainzer Siegeslied,4.32
Gleim - Nachtlied,"""Gleim, Johann Wilhelm Ludwig""",Nachtlied,4.51
Gleim - Philaidilis,"""Gleim, Johann Wilhelm Ludwig""",Philaidilis,4.49
Gleim - Schlachtgesang bei Eröffnung des Feldzugs 1757,"""Gleim, Johann Wilhelm Ludwig""",Schlachtgesang bei Eröffnung des Feldzugs 1757,4.34
Gleim - Siegeslied nach der Schlacht bei Roßbach,"""Gleim, Johann Wilhelm Ludwig""",Siegeslied nach der Schlacht bei Roßbach,4.34
Gleim - Trinklied,"""Gleim, Johann Wilhelm Ludwig""",Trinklied,6.22
Gleim - Vorsatz am zwanzigsten Geburtstage,"""Gleim, Johann Wilhelm Ludwig""",Vorsatz am zwanzigsten Geburtstage,4.5
"Goeckingk - An Amarant, als er sie mit einigen berühmten Dichterinnen verglichen hatte","""Goeckingk, Leopold von""","An Amarant, als er sie mit einigen berühmten Dichterinnen verglichen hatte",4.100
Goeckingk - An Nantchen (Daß mir diese Welt),"""Goeckingk, Leopold von""",An Nantchen (Daß mir diese Welt),7.9
"Goeckingk - An Nantchen, als er sich mit ihr versöhnt hatte","""Goeckingk, Leopold von""","An Nantchen, als er sich mit ihr versöhnt hatte",6.44
"Goeckingk - An Nantchen, bei Übersendung einer Locke","""Goeckingk, Leopold von""","An Nantchen, bei Übersendung einer Locke",4.49
Goeckingk - Einladung auf das Land,"""Goeckingk, Leopold von""",Einladung auf das Land,6.17
Goeckingk - Nach dem ersten nächtlichen Besuche,"""Goeckingk, Leopold von""",Nach dem ersten nächtlichen Besuche,6.27
Goeckingk - Sehnsucht nach Oskar,"""Goeckingk, Leopold von""",Sehnsucht nach Oskar,8.7
Goes - Die Ebene,"""Goes, Albrecht""",Die Ebene,4.106
Goes - Glockensegen,"""Goes, Albrecht""",Glockensegen,4.51
Goes - Gruß an Rumänien,"""Goes, Albrecht""",Gruß an Rumänien,4.122
Goes - In den vier Wänden,"""Goes, Albrecht""",In den vier Wänden,8.29
Goes - Nachtwache,"""Goes, Albrecht""",Nachtwache,8.14
Goes - Nehmen und Geben,"""Goes, Albrecht""",Nehmen und Geben,4.90
Goes - Österlicher Friedhof,"""Goes, Albrecht""",Österlicher Friedhof,4.14
Goes - Unendlichkeit,"""Goes, Albrecht""",Unendlichkeit,4.17
"Goethe - Abschied (Zu lieblich ists, ein Wort zu brechen)","""Goethe, Johann Wolfgang von""","Abschied (Zu lieblich ists, ein Wort zu brechen)",4.67
"Goethe - Ach, um deine feuchten Schwingen","""Goethe, Johann Wolfgang von""","Ach, um deine feuchten Schwingen",4.54
Goethe - Alles kündigt dich an,"""Goethe, Johann Wolfgang von""",Alles kündigt dich an,3.0
Goethe - Als ich auf dem Euphrat schiffte,"""Goethe, Johann Wolfgang von""",Als ich auf dem Euphrat schiffte,4.49
Goethe - Am acht und zwanzigsten August 1826,"""Goethe, Johann Wolfgang von""",Am acht und zwanzigsten August 1826,6.40
Goethe - Am Ende bin ich nun des Trauerspieles,"""Goethe, Johann Wolfgang von""",Am Ende bin ich nun des Trauerspieles,8.47
Goethe - An den Herzog Carl August (Zu dem erbaulichen Entschluß),"""Goethe, Johann Wolfgang von""",An den Herzog Carl August (Zu dem erbaulichen Entschluß),4.64
Goethe - An den Herzog Carl August (Zwar bin ich nicht seit gestern),"""Goethe, Johann Wolfgang von""",An den Herzog Carl August (Zwar bin ich nicht seit gestern),4.27
Goethe - An den Mond (Füllest wieder),"""Goethe, Johann Wolfgang von""",An den Mond (Füllest wieder),4.30
Goethe - An den Mond (Wolkenleeres Silberlicht),"""Goethe, Johann Wolfgang von""",An den Mond (Wolkenleeres Silberlicht),4.30
Goethe - An den Schlaf,"""Goethe, Johann Wolfgang von""",An den Schlaf,8.7
Goethe - An die Entfernte,"""Goethe, Johann Wolfgang von""",An die Entfernte,4.67
Goethe - An die Erwählte,"""Goethe, Johann Wolfgang von""",An die Erwählte,8.26
Goethe - An die Günstigen,"""Goethe, Johann Wolfgang von""",An die Günstigen,6.30
Goethe - An die Herzogin Amalia,"""Goethe, Johann Wolfgang von""",An die Herzogin Amalia,8.47
Goethe - An eine auswärtige Freundin,"""Goethe, Johann Wolfgang von""",An eine auswärtige Freundin,4.49
Goethe - An Frau v. Berg,"""Goethe, Johann Wolfgang von""",An Frau v. Berg,4.49
Goethe - An Frau von Stein und ihre Gesellschaft (Aus Kötschaus Toren),"""Goethe, Johann Wolfgang von""",An Frau von Stein und ihre Gesellschaft (Aus Kötschaus Toren),4.36
"Goethe - An Frau von Stein und ihre Gesellschaft (O Kinder, still)","""Goethe, Johann Wolfgang von""","An Frau von Stein und ihre Gesellschaft (O Kinder, still)",4.67
Goethe - An Fräulein von Schiller,"""Goethe, Johann Wolfgang von""",An Fräulein von Schiller,4.31
Goethe - An Freund Mellish,"""Goethe, Johann Wolfgang von""",An Freund Mellish,4.55
Goethe - An Geheimrat von Willemer,"""Goethe, Johann Wolfgang von""",An Geheimrat von Willemer,4.53
Goethe - An Gräfin O'Donell,"""Goethe, Johann Wolfgang von""",An Gräfin O'Donell,4.49
"Goethe - An Hafis (Was alle wollen, weißt du schon)","""Goethe, Johann Wolfgang von""","An Hafis (Was alle wollen, weißt du schon)",4.36
Goethe - An Johann Daniel Wagener,"""Goethe, Johann Wolfgang von""",An Johann Daniel Wagener,4.31
Goethe - An Karoline von Staupitz,"""Goethe, Johann Wolfgang von""",An Karoline von Staupitz,4.67
Goethe - An Lina,"""Goethe, Johann Wolfgang von""",An Lina,4.49
Goethe - An Lord Byron,"""Goethe, Johann Wolfgang von""",An Lord Byron,4.109
Goethe - An meine Lieder,"""Goethe, Johann Wolfgang von""",An meine Lieder,4.49
Goethe - An Schiller mit einer mineralogischen Sammlung,"""Goethe, Johann Wolfgang von""",An Schiller mit einer mineralogischen Sammlung,4.34
Goethe - An Suleika (Dir mit Wohlgeruch zu kosen),"""Goethe, Johann Wolfgang von""",An Suleika (Dir mit Wohlgeruch zu kosen),4.49
Goethe - An Uranius,"""Goethe, Johann Wolfgang von""",An Uranius,4.31
Goethe - An vollen Büschelzweigen,"""Goethe, Johann Wolfgang von""",An vollen Büschelzweigen,4.20
Goethe - Antworten bei einem gesellschaftlichen Fragespiel,"""Goethe, Johann Wolfgang von""",Antworten bei einem gesellschaftlichen Fragespiel,7.9
"Goethe - Aus den Gruben, hier im Graben","""Goethe, Johann Wolfgang von""","Aus den Gruben, hier im Graben",8.26
Goethe - Auserwählte Frauen,"""Goethe, Johann Wolfgang von""",Auserwählte Frauen,4.54
Goethe - Aussöhnung,"""Goethe, Johann Wolfgang von""",Aussöhnung (auch An Madame Marie Szymanowska),6.48
Goethe - Ballade,"""Goethe, Johann Wolfgang von""",Ballade,9.0
"Goethe - Bänkelsängerlied zum 26. Juli 1785, dem Geburtstage des Grafen Moritz Brühl","""Goethe, Johann Wolfgang von""","Bänkelsängerlied zum 26. Juli 1785, dem Geburtstage des Grafen Moritz Brühl",8.34
Goethe - Bedenklich (Soll ich von Smaragden reden),"""Goethe, Johann Wolfgang von""",Bedenklich (Soll ich von Smaragden reden),4.49
Goethe - Begünstigte Tiere,"""Goethe, Johann Wolfgang von""",Begünstigte Tiere,4.36
"Goethe - Behramgur, sagt man, hat den","""Goethe, Johann Wolfgang von""","Behramgur, sagt man, hat den",4.106
Goethe - Bei Betrachtung von Schillers Schädel (Im ernsten Beinhaus wars ...),"""Goethe, Johann Wolfgang von""",Bei Betrachtung von Schillers Schädel (Im ernsten Beinhaus wars ...),"3.7,3.7E"
Goethe - Bergschloß,"""Goethe, Johann Wolfgang von""",Bergschloß,4.21
Goethe - Beruf des Storches,"""Goethe, Johann Wolfgang von""",Beruf des Storches,4.36
Goethe - Bist noch so tief in Schmerz,"""Goethe, Johann Wolfgang von""",Bist noch so tief in Schmerz,6.48
"Goethe - Bleiben, Gehen, Gehen, Bleiben","""Goethe, Johann Wolfgang von""","Bleiben, Gehen, Gehen, Bleiben",8.27
Goethe - Blinde Kuh,"""Goethe, Johann Wolfgang von""",Blinde Kuh,6.9
Goethe - Brautnacht,"""Goethe, Johann Wolfgang von""",Brautnacht,8.37
Goethe - Bundeslied,"""Goethe, Johann Wolfgang von""",Bundeslied,8.7
Goethe - Christel,"""Goethe, Johann Wolfgang von""",Christel,8.14
Goethe - Chronica,"""Goethe, Johann Wolfgang von""",Chronica,6.19
Goethe - Dämmrung senkte sich von oben,"""Goethe, Johann Wolfgang von""",Dämmrung senkte sich von oben,8.26
Goethe - Dank des Sängers,"""Goethe, Johann Wolfgang von""",Dank des Sängers,7.7
Goethe - Das Blümlein Wunderschön,"""Goethe, Johann Wolfgang von""",Das Blümlein Wunderschön,7.7
Goethe - Das Leben ist ein Gänsespiel,"""Goethe, Johann Wolfgang von""",Das Leben ist ein Gänsespiel,4.36
Goethe - Das Parterre spricht,"""Goethe, Johann Wolfgang von""",Das Parterre spricht,4.33
Goethe - Das Veilchen,"""Goethe, Johann Wolfgang von""",Das Veilchen,7.0
Goethe - Dauer im Wechsel,"""Goethe, Johann Wolfgang von""",Dauer im Wechsel,8.26
Goethe - Deinem Blick mich zu bequemen,"""Goethe, Johann Wolfgang von""",Deinem Blick mich zu bequemen,4.49
Goethe - Dem 31. Oktober 1817,"""Goethe, Johann Wolfgang von""",Dem 31. Oktober 1817,4.36
Goethe - Dem aufgehenden Vollmonde,"""Goethe, Johann Wolfgang von""",Dem aufgehenden Vollmonde,4.54
Goethe - Dem Großherzog Carl August zum Neujahr 1828,"""Goethe, Johann Wolfgang von""",Dem Großherzog Carl August zum Neujahr 1828,4.54
Goethe - Dem Herzog Bernhard von Sachsen-Weimar,"""Goethe, Johann Wolfgang von""",Dem Herzog Bernhard von Sachsen-Weimar,8.14
Goethe - Dem Professor Döbereiner,"""Goethe, Johann Wolfgang von""",Dem Professor Döbereiner,4.49
Goethe - Dem würdigen Bruderfeste,"""Goethe, Johann Wolfgang von""",Dem würdigen Bruderfeste,4.49
Goethe - Den Verehrten achtzehn Frankfurter Festfreunden,"""Goethe, Johann Wolfgang von""",Den Verehrten achtzehn Frankfurter Festfreunden,4.49
"Goethe - Denk, o Herr! wenn du getrunken","""Goethe, Johann Wolfgang von""","Denk, o Herr! wenn du getrunken",4.49
Goethe - Der Abschied,"""Goethe, Johann Wolfgang von""",Der Abschied,4.49
Goethe - Der Bräutigam,"""Goethe, Johann Wolfgang von""",Der Bräutigam,4.106
Goethe - Der Fischer,"""Goethe, Johann Wolfgang von""",Der Fischer,8.14
Goethe - Der Frau von Ziegesar,"""Goethe, Johann Wolfgang von""",Der Frau von Ziegesar,4.54
Goethe - Der getreue Eckart,"""Goethe, Johann Wolfgang von""",Der getreue Eckart,6.20
Goethe - Der Goldschmiedgesell,"""Goethe, Johann Wolfgang von""",Der Goldschmiedgesell,4.36
Goethe - Der Gott und die Bajadere,"""Goethe, Johann Wolfgang von""",Der Gott und die Bajadere,"8.26,11.0,11.G"
Goethe - Der Kaiserin Abschied,"""Goethe, Johann Wolfgang von""",Der Kaiserin Abschied,10.0
Goethe - Der Kaiserin Platz,"""Goethe, Johann Wolfgang von""",Der Kaiserin Platz,8.48
Goethe - Der Kölner Mummenschanz,"""Goethe, Johann Wolfgang von""",Der Kölner Mummenschanz,4.49
Goethe - Der König in Thule,"""Goethe, Johann Wolfgang von""",Der König in Thule,4.20
Goethe - Der Musensohn,"""Goethe, Johann Wolfgang von""",Der Musensohn,6.7
Goethe - Der neue Kopernikus,"""Goethe, Johann Wolfgang von""",Der neue Kopernikus,4.31
Goethe - Der Rattenfänger,"""Goethe, Johann Wolfgang von""",Der Rattenfänger,8.39
Goethe - Der Sänger,"""Goethe, Johann Wolfgang von""",Der Sänger,7.7
Goethe - Der Schatzgräber,"""Goethe, Johann Wolfgang von""",Der Schatzgräber,8.0
"Goethe - Der untreue Knabe (Es war ein Buhle frech genung, / War erst aus Frankreich kommen)","""Goethe, Johann Wolfgang von""","Der untreue Knabe (Es war ein Buhle frech genung, / War erst aus Frankreich kommen)",7.7
"Goethe - Der Weg ist breit, der Weg ist lang","""Goethe, Johann Wolfgang von""","Der Weg ist breit, der Weg ist lang",4.58
Goethe - Der Zauberlehrling,"""Goethe, Johann Wolfgang von""",Der Zauberlehrling,8.0
Goethe - Derb und tüchtig,"""Goethe, Johann Wolfgang von""",Derb und tüchtig,4.30
Goethe - Des Lebens Pulse schlagen frisch lebendig,"""Goethe, Johann Wolfgang von""",Des Lebens Pulse schlagen frisch lebendig,3.7
Goethe - Die Braut von Korinth,"""Goethe, Johann Wolfgang von""",Die Braut von Korinth,7.0
Goethe - Die Geheimnisse,"""Goethe, Johann Wolfgang von""",Die Geheimnisse,8.47
Goethe - Die glücklichen Gatten,"""Goethe, Johann Wolfgang von""",Die glücklichen Gatten,8.7
Goethe - Die Lustigen von Weimar,"""Goethe, Johann Wolfgang von""",Die Lustigen von Weimar,8.26
Goethe - Die Metamorphose der Pflanzen,"""Goethe, Johann Wolfgang von""",Die Metamorphose der Pflanzen,2.11
Goethe - Die Nacht,"""Goethe, Johann Wolfgang von""",Die Nacht,8.26
"Goethe - Die Pflanzen sämtlich, die","""Goethe, Johann Wolfgang von""","Die Pflanzen sämtlich, die dir angehören",4.109
Goethe - Die Sonne tönt nach alter Weise,"""Goethe, Johann Wolfgang von""",Die Sonne tönt nach alter Weise,8.37
Goethe - Die Spinnerin,"""Goethe, Johann Wolfgang von""",Die Spinnerin,4.31
Goethe - Die wandelnde Glocke,"""Goethe, Johann Wolfgang von""",Die wandelnde Glocke,4.36
Goethe - Dies zu deuten bin erbötig,"""Goethe, Johann Wolfgang von""",Dies zu deuten bin erbötig,4.49
Goethe - Dir mit Wohlgeruch zu kosen,"""Goethe, Johann Wolfgang von""",Dir mit Wohlgeruch zu kosen,4.49
Goethe - Dreistigkeit,"""Goethe, Johann Wolfgang von""",Dreistigkeit,4.33
Goethe - Du gingst vorüber,"""Goethe, Johann Wolfgang von""",Du gingst vorüber,4.103
"Goethe - Du siehst mich, Königin, zurück","""Goethe, Johann Wolfgang von""","Du siehst mich, Königin, zurück",4.58
"Goethe - Du, mit deinen braunen Locken","""Goethe, Johann Wolfgang von""","Du, mit deinen braunen Locken",4.54
"Goethe - Ein rascher Sinn, der keinen Zweifel hegt","""Goethe, Johann Wolfgang von""","Ein rascher Sinn, der keinen Zweifel hegt",6.42
Goethe - Ein Wunder ist der arme Mensch,"""Goethe, Johann Wolfgang von""",Ein Wunder ist der arme Mensch,6.48
Goethe - Einer hohen Reisenden,"""Goethe, Johann Wolfgang von""",Einer hohen Reisenden,8.47
Goethe - Einlaß,"""Goethe, Johann Wolfgang von""",Einlaß,4.49
Goethe - Eins und alles (Im Grenzenlosen sich zu finden),"""Goethe, Johann Wolfgang von""",Eins und alles (Im Grenzenlosen sich zu finden),6.40
Goethe - Elegie,"""Goethe, Johann Wolfgang von""",Elegie,6.48
Goethe - Elemente,"""Goethe, Johann Wolfgang von""",Elemente,4.54
Goethe - Entoptische Farben,"""Goethe, Johann Wolfgang von""",Entoptische Farben,4.54
Goethe - Epilog zu Schillers Glocke,"""Goethe, Johann Wolfgang von""",Epilog zu Schillers Glocke,8.47
Goethe - Erklärung einer antiken Gemme,"""Goethe, Johann Wolfgang von""",Erklärung einer antiken Gemme,4.36
Goethe - Erlkönig,"""Goethe, Johann Wolfgang von""",Erlkönig,4.58
Goethe - Erschaffen und Beleben,"""Goethe, Johann Wolfgang von""",Erschaffen und Beleben,4.36
Goethe - Erwiderung der festlichen Gaben,"""Goethe, Johann Wolfgang von""",Erwiderung der festlichen Gaben,7.0
Goethe - Es war einmal ein König,"""Goethe, Johann Wolfgang von""",Es war einmal ein König,8.7
Goethe - Feier der Geburtsstunde des Erbprinzen,"""Goethe, Johann Wolfgang von""",Feier der Geburtsstunde des Erbprinzen,4.36
Goethe - Feindseliger Blick,"""Goethe, Johann Wolfgang von""",Feindseliger Blick,6.19
"Goethe - Frage nicht, durch welche Pforte","""Goethe, Johann Wolfgang von""","Frage nicht, durch welche Pforte",4.54
Goethe - Frühzeitiger Frühling,"""Goethe, Johann Wolfgang von""",Frühzeitiger Frühling,"4.1,4.1a"
Goethe - Gefunden,"""Goethe, Johann Wolfgang von""",Gefunden,4.4
Goethe - Gegenseitig,"""Goethe, Johann Wolfgang von""",Gegenseitig,4.5
Goethe - Gegentoast der Schwestern,"""Goethe, Johann Wolfgang von""",Gegentoast der Schwestern,4.54
Goethe - Geheimes und Geheimstes,"""Goethe, Johann Wolfgang von""",Geheimes und Geheimstes,4.54
Goethe - Generalbeichte,"""Goethe, Johann Wolfgang von""",Generalbeichte,7.0
Goethe - Geognostischer Dank,"""Goethe, Johann Wolfgang von""",Geognostischer Dank,4.49
Goethe - Gewarnt (Auch in Locken hab ich mich),"""Goethe, Johann Wolfgang von""",Gewarnt (Auch in Locken hab ich mich),4.31
"Goethe - Gewohnt, getan","""Goethe, Johann Wolfgang von""","Gewohnt, getan",6.20
Goethe - Gingo Biloba,"""Goethe, Johann Wolfgang von""",Gingo Biloba,4.49
Goethe - Glück der Entfernung,"""Goethe, Johann Wolfgang von""",Glück der Entfernung,6.30
Goethe - Glück und Traum,"""Goethe, Johann Wolfgang von""",Glück und Traum,6.40
Goethe - Goethes Geburtstag 1825,"""Goethe, Johann Wolfgang von""",Goethes Geburtstag 1825,4.53
Goethe - Grundbedingung,"""Goethe, Johann Wolfgang von""",Grundbedingung,4.47
Goethe - Hab ich euch denn je geraten,"""Goethe, Johann Wolfgang von""",Hab ich euch denn je geraten,4.54
"Goethe - Hatem (Locken, haltet mich gefangen)","""Goethe, Johann Wolfgang von""","Hatem (Locken, haltet mich gefangen)",4.49
Goethe - Hatem (Nicht Gelegenheit macht Diebe),"""Goethe, Johann Wolfgang von""",Hatem (Nicht Gelegenheit macht Diebe),4.49
Goethe - Hätt ich irgend wohl Bedenken,"""Goethe, Johann Wolfgang von""",Hätt ich irgend wohl Bedenken,4.49
Goethe - Hegire,"""Goethe, Johann Wolfgang von""",Hegire,6.32
Goethe - Heidenröslein,"""Goethe, Johann Wolfgang von""",Heidenröslein,7.0
Goethe - Heiß mich nicht reden,"""Goethe, Johann Wolfgang von""",Heiß mich nicht reden,4.103
Goethe - Herrn Staats-Minister von Voigt,"""Goethe, Johann Wolfgang von""",Herrn Staats-Minister von Voigt,8.48
Goethe - Hochbeglückt in deiner Liebe,"""Goethe, Johann Wolfgang von""",Hochbeglückt in deiner Liebe,4.49
Goethe - Hochzeitslied,"""Goethe, Johann Wolfgang von""",Hochzeitslied,9.0
Goethe - Hoffnung (Des Epimenides Erwachen II/3),"""Goethe, Johann Wolfgang von""",Hoffnung (Des Epimenides Erwachen II/3),8.47
Goethe - Höheres und Höchstes,"""Goethe, Johann Wolfgang von""",Höheres und Höchstes,4.54
Goethe - Homer wieder Homer,"""Goethe, Johann Wolfgang von""",Homer wieder Homer,4.58
Goethe - Ihr lieben Christen allgemein,"""Goethe, Johann Wolfgang von""",Ihr lieben Christen allgemein,7.7
"Goethe - Ihr verblühet, süße Rosen","""Goethe, Johann Wolfgang von""","Ihr verblühet, süße Rosen",4.49
Goethe - Ihro der Kaiserin von Frankreich Majestät (Sieht man den schönsten Stern die Nacht erhellen),"""Goethe, Johann Wolfgang von""",Ihro der Kaiserin von Frankreich Majestät (Sieht man den schönsten Stern die Nacht erhellen),8.47
Goethe - Ihro der Kaiserin von Österreich Majestät (Er kommt! Er naht - Wie fühlt bei diesem Schalle),"""Goethe, Johann Wolfgang von""",Ihro der Kaiserin von Österreich Majestät (Er kommt! Er naht - Wie fühlt bei diesem Schalle),8.47
Goethe - Ihro der Kaiserin von Österreich Majestät (Wie lange harren wir gewisser Kunde),"""Goethe, Johann Wolfgang von""",Ihro der Kaiserin von Österreich Majestät (Wie lange harren wir gewisser Kunde),8.47
Goethe - Ihro Hoheit der Prinzessin Augusta von Sachsen-Weimar [...] zum 30. September 1820,"""Goethe, Johann Wolfgang von""",Ihro Hoheit der Prinzessin Augusta von Sachsen-Weimar [...] zum 30. September 1820,6.30
Goethe - Ihro Hoheit der Prinzessin Maria von Sachsen-Weimar,"""Goethe, Johann Wolfgang von""",Ihro Hoheit der Prinzessin Maria von Sachsen-Weimar,4.49
Goethe - Im Abendrot liegt See und,"""Goethe, Johann Wolfgang von""",Im Abendrot liegt See und,4.106
Goethe - Im Gegenwärtigen Vergangnes,"""Goethe, Johann Wolfgang von""",Im Gegenwärtigen Vergangnes,8.29
Goethe - Im Namen der Bürgerschaft von Karlsbad,"""Goethe, Johann Wolfgang von""",Im Namen der Bürgerschaft von Karlsbad,8.47
Goethe - Im Vorübergehen,"""Goethe, Johann Wolfgang von""",Im Vorübergehen,4.4
Goethe - Immer und überall,"""Goethe, Johann Wolfgang von""",Immer und überall,4.53
Goethe - In tausend Formen magst du,"""Goethe, Johann Wolfgang von""",In tausend Formen magst du,4.106
Goethe - Ins Einzelne,"""Goethe, Johann Wolfgang von""",Ins Einzelne,4.36
Goethe - Jägers Abendlied,"""Goethe, Johann Wolfgang von""",Jägers Abendlied,"4.34,4.34a"
Goethe - Jubiläum am 2. Januar 1815,"""Goethe, Johann Wolfgang von""",Jubiläum am 2. Januar 1815,4.54
Goethe - Kann wohl sein! so wird gemeinet,"""Goethe, Johann Wolfgang von""",Kann wohl sein! so wird gemeinet,4.49
Goethe - Katzenpastete,"""Goethe, Johann Wolfgang von""",Katzenpastete,4.36
Goethe - Kestners Agape,"""Goethe, Johann Wolfgang von""",Kestners Agape,4.8
"Goethe - Komm, Liebchen, komm","""Goethe, Johann Wolfgang von""","Komm, Liebchen, komm",4.106
Goethe - Kophtisches Lied (Lasset Gelehrte sich zanken und streieten),"""Goethe, Johann Wolfgang von""",Kophtisches Lied (Lasset Gelehrte sich zanken und streieten),6.31
Goethe - Kriegsglück,"""Goethe, Johann Wolfgang von""",Kriegsglück,8.14
Goethe - Kronos als Kunstrichter,"""Goethe, Johann Wolfgang von""",Kronos als Kunstrichter,4.36
Goethe - Künstlerlied,"""Goethe, Johann Wolfgang von""","Künstlerlied (Zu erfinden, zu beschließen)",8.26
Goethe - Künstlers Abendlied,"""Goethe, Johann Wolfgang von""",Künstlers Abendlied,4.36
Goethe - Künstlers Morgenlied,"""Goethe, Johann Wolfgang von""",Künstlers Morgenlied,4.34
Goethe - Landschaft,"""Goethe, Johann Wolfgang von""",Landschaft,10.7
Goethe - Laßt geschaffne Ritter kämpfen,"""Goethe, Johann Wolfgang von""",Laßt geschaffne Ritter kämpfen,6.30
Goethe - Lebensgenuß,"""Goethe, Johann Wolfgang von""",Lebensgenuß,4.34
Goethe - Lied der Parzen,"""Goethe, Johann Wolfgang von""",Lied der Parzen,4.54
Goethe - Lied des physiognomischen,"""Goethe, Johann Wolfgang von""",Lied des physiognomischen,4.36
Goethe - Lied und Gebilde (Mag der Grieche seinen Ton),"""Goethe, Johann Wolfgang von""",Lied und Gebilde (Mag der Grieche seinen Ton),4.31
Goethe - Lyde,"""Goethe, Johann Wolfgang von""",Lyde,5.8
"Goethe - Mädchen, als du kamst ans Licht","""Goethe, Johann Wolfgang von""","Mädchen, als du kamst ans Licht",7.5
Goethe - Maifest (Mailied),"""Goethe, Johann Wolfgang von""",Maifest (Mailied),4.4
Goethe - März,"""Goethe, Johann Wolfgang von""",März,5.2
Goethe - Maskenzüge,"""Goethe, Johann Wolfgang von""",Maskenzüge,4.49
Goethe - Meeresstille,"""Goethe, Johann Wolfgang von""",Meeresstille,8.26
Goethe - Meine Ruh ist hin (1790),"""Goethe, Johann Wolfgang von""",Meine Ruh ist hin (1790),4.3
Goethe - Meine Ruh' ist hin (1808),"""Goethe, Johann Wolfgang von""",Meine Ruh' ist hin (1808),4.3
Goethe - Mit einem gemalten Band,"""Goethe, Johann Wolfgang von""",Mit einem gemalten Band,4.49
Goethe - Mit einem goldnen Halskettchen,"""Goethe, Johann Wolfgang von""",Mit einem goldnen Halskettchen,4.67
Goethe - Mit Mädchen sich vertragen,"""Goethe, Johann Wolfgang von""",Mit Mädchen sich vertragen,4.22
Goethe - Muse (Des Epimenides Erwachen I/1),"""Goethe, Johann Wolfgang von""",Muse (Des Epimenides Erwachen I/1),8.47
Goethe - Musen und Grazien in der Mark,"""Goethe, Johann Wolfgang von""",Musen und Grazien in der Mark,8.26
Goethe - Mystische Erwiderung,"""Goethe, Johann Wolfgang von""",Mystische Erwiderung,6.40
Goethe - Nachbildung (In deine Reimart hofft ich mich zu finden),"""Goethe, Johann Wolfgang von""",Nachbildung (In deine Reimart hofft ich mich zu finden),6.48
Goethe - Nachgefühl,"""Goethe, Johann Wolfgang von""",Nachgefühl,4.52
Goethe - Nähe des Geliebten,"""Goethe, Johann Wolfgang von""",Nähe des Geliebten,4.75
Goethe - National-Versammlung,"""Goethe, Johann Wolfgang von""",National-Versammlung,4.54
Goethe - Nennen dich den großen Dichter,"""Goethe, Johann Wolfgang von""",Nennen dich den großen Dichter,4.54
"Goethe - Neue Liebe, neues Leben","""Goethe, Johann Wolfgang von""","Neue Liebe, neues Leben",8.27
Goethe - Nicht Gelegenheit macht Diebe,"""Goethe, Johann Wolfgang von""",Nicht Gelegenheit macht Diebe,4.49
Goethe - Novemberlied,"""Goethe, Johann Wolfgang von""",Novemberlied,4.34
Goethe - Offene Tafel,"""Goethe, Johann Wolfgang von""",Offene Tafel,8.13
Goethe - Ottilien von Goethe,"""Goethe, Johann Wolfgang von""",Ottilien von Goethe,4.49
Goethe - Perfektibilität,"""Goethe, Johann Wolfgang von""",Perfektibilität,4.31
Goethe - Philine (Singet nicht in Trauertönen),"""Goethe, Johann Wolfgang von""",Philine (Singet nicht in Trauertönen),4.49
Goethe - Poetische Gedanken über die Höllenfahrt Jesu Christi,"""Goethe, Johann Wolfgang von""",Poetische Gedanken über die Höllenfahrt Jesu Christi,10.0
Goethe - Prolog zu Des Epimenides Erwachen,"""Goethe, Johann Wolfgang von""",Prolog zu Des Epimenides Erwachen,8.48
Goethe - Pygmalion,"""Goethe, Johann Wolfgang von""",Pygmalion,4.34
Goethe - Regenbogen über den Hügeln,"""Goethe, Johann Wolfgang von""",Regenbogen über den Hügeln,4.54
Goethe - Rettung,"""Goethe, Johann Wolfgang von""",Rettung,4.65
Goethe - Ritter Kurts Brautfahrt,"""Goethe, Johann Wolfgang von""",Ritter Kurts Brautfahrt,8.26
Goethe - Römische Elegien,"""Goethe, Johann Wolfgang von""",Römische Elegien,2.11
"Goethe - Sag ichs euch, geliebte Bäume","""Goethe, Johann Wolfgang von""","Sag ichs euch, geliebte Bäume",8.26
Goethe - Schäfers Klagelied,"""Goethe, Johann Wolfgang von""",Schäfers Klagelied,4.21
Goethe - Schlußpoetik,"""Goethe, Johann Wolfgang von""",Schlußpoetik,4.49
Goethe - Schneider-Courage,"""Goethe, Johann Wolfgang von""",Schneider-Courage,4.20
Goethe - Schul-Pforta,"""Goethe, Johann Wolfgang von""",Schul-Pforta,4.49
Goethe - Schwebender Genius über der Erdkugel,"""Goethe, Johann Wolfgang von""",Schwebender Genius über der Erdkugel,4.49
"Goethe - Schwer, in Waldes Busch und Wuchse","""Goethe, Johann Wolfgang von""","Schwer, in Waldes Busch und Wuchse",4.54
Goethe - Sehnsucht (dies wird die letzte Trän nicht sein),"""Goethe, Johann Wolfgang von""",Sehnsucht (Dies wird die letzte Trän nicht sein),4.36
Goethe - Sehnsucht (Was zieht mir das Herz so),"""Goethe, Johann Wolfgang von""",Sehnsucht (Was zieht mir das Herz so),8.1
Goethe - Sei mir heute nichts zuwider,"""Goethe, Johann Wolfgang von""",Sei mir heute nichts zuwider,8.27
Goethe - Selbstbetrug,"""Goethe, Johann Wolfgang von""",Selbstbetrug,4.34
Goethe - Selige Sehnsucht,"""Goethe, Johann Wolfgang von""",Selige Sehnsucht,4.54
"Goethe - So laßt mich scheinen, bis ich werde","""Goethe, Johann Wolfgang von""","So laßt mich scheinen, bis ich werde",4.67
Goethe - So war es schon in meinen,"""Goethe, Johann Wolfgang von""",So war es schon in meinen,4.67
Goethe - Soldatenlied aus  Wallensteins Lager,"""Goethe, Johann Wolfgang von""",Soldatenlied aus Wallensteins Lager,4.22
Goethe - Sommernacht,"""Goethe, Johann Wolfgang von""",Sommernacht,4.54
Goethe - St. Nepomuks Vorabend,"""Goethe, Johann Wolfgang von""",St. Nepomuks Vorabend,4.54
Goethe - Stammbuchs-Weihe,"""Goethe, Johann Wolfgang von""",Stammbuchs-Weihe,4.31
"Goethe - Stark von Faust, gewandt im","""Goethe, Johann Wolfgang von""","Stark von Faust, gewandt im",4.31
Goethe - Stiftungslied,"""Goethe, Johann Wolfgang von""",Stiftungslied,4.34
"Goethe - Stirbt der Fuchs, so gilt der Balg","""Goethe, Johann Wolfgang von""","Stirbt der Fuchs, so gilt der Balg",4.31
Goethe - Suleika (Hochbeglückt in deiner Liebe),"""Goethe, Johann Wolfgang von""",Suleika (Hochbeglückt in deiner Liebe),4.49
Goethe - Suleika (Wie mit innigstem Behagen),"""Goethe, Johann Wolfgang von""",Suleika (Wie mit innigstem Behagen),4.49
"Goethe - Süßes Kind, die Perlenreihen","""Goethe, Johann Wolfgang von""","Süßes Kind, die Perlenreihen",4.54
Goethe - Talismane,"""Goethe, Johann Wolfgang von""",Talismane,4.45
"Goethe - Tischlied (Mich ergreift, ich weiß nicht wie)","""Goethe, Johann Wolfgang von""","Tischlied (Mich ergreift, ich weiß nicht wie)",8.13
Goethe - Tischlied zu Zelters siebzigstem Geburtstage,"""Goethe, Johann Wolfgang von""",Tischlied zu Zelters siebzigstem Geburtstage,7.0
"Goethe - Übermacht, ihr könnt es spüren","""Goethe, Johann Wolfgang von""","Übermacht, ihr könnt es spüren",4.54
Goethe - Urworte. Orphisch,"""Goethe, Johann Wolfgang von""",Urworte. Orphisch,8.48
Goethe - Vermächtnis (Kein Wesen kann zu Nichts zerfallen),"""Goethe, Johann Wolfgang von""",Vermächtnis (Kein Wesen kann zu Nichts zerfallen),6.40
Goethe - Vermächtnis altpersischen Glaubens,"""Goethe, Johann Wolfgang von""",Vermächtnis altpersischen Glaubens,4.96
Goethe - Verschwiegenheit,"""Goethe, Johann Wolfgang von""",Verschwiegenheit,8.26
Goethe - Vier Gnaden,"""Goethe, Johann Wolfgang von""",Vier Gnaden,4.36
Goethe - Volk und Knecht und Überwinder,"""Goethe, Johann Wolfgang von""",Volk und Knecht und Überwinder,4.49
Goethe - Von der Blüte zu den Früchten,"""Goethe, Johann Wolfgang von""",Von der Blüte zu den Früchten,6.32
Goethe - Vorklage,"""Goethe, Johann Wolfgang von""",Vorklage,4.66
Goethe - Vorklage,"""Goethe, Johann Wolfgang von""",Vorklage,4.66
Goethe - Vorschmack,"""Goethe, Johann Wolfgang von""",Vorschmack,4.109
Goethe - Wahrer Genuß,"""Goethe, Johann Wolfgang von""",Wahrer Genuß,8.37
Goethe - Wanderers Gemütsruhe (Übers Niederträchtige),"""Goethe, Johann Wolfgang von""",Wanderers Gemütsruhe (Übers Niederträchtige),4.31
Goethe - Wanderlied (Von dem Berge zu den Hügeln),"""Goethe, Johann Wolfgang von""",Wanderlied (Von dem Berge zu den Hügeln),8.26
Goethe - Wandrer und Pächterin,"""Goethe, Johann Wolfgang von""",Wandrer und Pächterin,4.98
Goethe - Was bedeutet die Bewegung,"""Goethe, Johann Wolfgang von""",Was bedeutet die Bewegung,4.54
Goethe - Was hilft es euch? ihr werdet uns vertrauen,"""Goethe, Johann Wolfgang von""",Was hilft es euch? ihr werdet uns vertrauen,4.110
Goethe - Was Völker sterbend,"""Goethe, Johann Wolfgang von""",Was Völker sterbend,4.67
Goethe - Weltseele,"""Goethe, Johann Wolfgang von""",Weltseele,4.76
Goethe - Wenn du am breiten Flusse wohnst,"""Goethe, Johann Wolfgang von""",Wenn du am breiten Flusse wohnst,4.59
Goethe - Wenn ich dein gedenke,"""Goethe, Johann Wolfgang von""",Wenn ich dein gedenke,6.3
"Goethe - Wer befehlen kann, wird loben","""Goethe, Johann Wolfgang von""","Wer befehlen kann, wird loben",4.54
Goethe - Wer nie sein Brot mit Tränen aß,"""Goethe, Johann Wolfgang von""",Wer nie sein Brot mit Tränen aß,4.64
Goethe - Wie des Goldschmieds Basarlädchen,"""Goethe, Johann Wolfgang von""",Wie des Goldschmieds Basarlädchen,4.54
Goethe - Wie mit innigstem Behagen,"""Goethe, Johann Wolfgang von""",Wie mit innigstem Behagen,4.49
Goethe - Wie sollt ich heiter bleiben,"""Goethe, Johann Wolfgang von""",Wie sollt ich heiter bleiben,4.20
Goethe - Wiederfinden,"""Goethe, Johann Wolfgang von""",Wiederfinden,8.26
Goethe - Wiegenlied dem jungen Mineralogen Walter von Goethe,"""Goethe, Johann Wolfgang von""",Wiegenlied dem jungen Mineralogen Walter von Goethe,4.44
Goethe - Willkommen und Abschied,"""Goethe, Johann Wolfgang von""",Willkommen und Abschied,8.37
"Goethe - Worte, die der Dichter spricht","""Goethe, Johann Wolfgang von""","Worte, die der Dichter spricht",4.46
Goethe - Xenien,"""Goethe, Johann Wolfgang von""",Xenien,2.11
Goethe - Ziblis,"""Goethe, Johann Wolfgang von""",Ziblis,5.8
Goethe - Zu den Leiden des jungen Werther (Jeder Jüngling ...),"""Goethe, Johann Wolfgang von""",Zu den Leiden des jungen Werther (Jeder Jüngling ...),"4.93,4.93a"
Goethe - Zu Thaers Jubelfest,"""Goethe, Johann Wolfgang von""",Zu Thaers Jubelfest,8.14
Goethe - Zueignung (Da sind sie nun! da habt ihr sie!),"""Goethe, Johann Wolfgang von""",Zueignung (Da sind sie nun! da habt ihr sie!),6.19
Goethe - Zueignung (Der Morgen kam; es scheuchten seine Tritte),"""Goethe, Johann Wolfgang von""",Zueignung (Der Morgen kam; es scheuchten seine Tritte),8.47
"Goethe - Zueignung (Ihr naht euch wieder, schwankende Gestalten)","""Goethe, Johann Wolfgang von""","Zueignung (Ihr naht euch wieder, schwankende Gestalten)",8.47
Goethe - Zur Logenfeier des dritten Septembers 1825,"""Goethe, Johann Wolfgang von""",Zur Logenfeier des dritten Septembers 1825,4.49
"Goethe - Zwei Personen, ganz verschieden","""Goethe, Johann Wolfgang von""","Zwei Personen, ganz verschieden",4.54
Goll - Hier ruht Johann Ohneland,"""Goll, Yvan""",Hier ruht Johann Ohneland,4.19
Goll - Johann Ohneland geistert auf dem Boulevard,"""Goll, Yvan""",Johann Ohneland geistert auf dem Boulevard,4.13
Goll - Johann Ohneland kniet vor dem Straßburger Münster,"""Goll, Yvan""",Johann Ohneland kniet vor dem Straßburger Münster,4.1
Goll - Johann Ohneland vor dem Spiegel,"""Goll, Yvan""",Johann Ohneland vor dem Spiegel,4.13
Goll - Johann vom Feuer,"""Goll, Yvan""",Johann vom Feuer,4.121
Gosseler - Ein zyt ich hört vil gutter mer,"""Gosseler, Johannes""",Ein zyt ich hört vil gutter mer,7.7
Gotter - An Damon,"""Gotter, Friedrich Wilhelm""",An Damon,4.87
Gotter - Antiochus und Stratonice,"""Gotter, Friedrich Wilhelm""",Antiochus und Stratonice,5.4
Gotter - Der bestrafte Amor,"""Gotter, Friedrich Wilhelm""",Der bestrafte Amor,4.67
Gotter - Die durch den Teufel bestrafte Sibylle,"""Gotter, Friedrich Wilhelm""",Die durch den Teufel bestrafte Sibylle,8.11
"Gotter - Herr Jesu, Gnadensonne","""Gotter, Friedrich Wilhelm""","Herr Jesu, Gnadensonne",7.2
Gotter - Lied (Auch die sprödeste der Schönen),"""Gotter, Friedrich Wilhelm""",Lied (Auch die sprödeste der Schönen),4.49
Gotter - Lied (Unser süßester Beruf / Ist das Glück der Liebe),"""Gotter, Friedrich Wilhelm""",Lied (Unser süßester Beruf / Ist das Glück der Liebe),8.13
Gotter - Mütterliche Warnung,"""Gotter, Friedrich Wilhelm""",Mütterliche Warnung,8.26
Gotter - Womit soll ich dich wohl loben,"""Gotter, Friedrich Wilhelm""",Womit soll ich dich wohl loben,8.27
Gottfried von Neifen - Diu náhtegál diu sánc sô wól,Gottfried von Neifen,Diu náhtegál diu sánc sô wól,5.10
Gottschall - Barbarossa,"""Gottschall, Rudolf""",Barbarossa,4.108
Gottschall - Dem Rhein,"""Gottschall, Rudolf""",Dem Rhein,6.45
Gottsched - An Frau Dacier,"""Gottsched, Johann Christoph""",An Frau Dacier,10.9
Gottsched - Auf das hohe Geburtsfest Frauen Sophien Eberhardinen Fürstin zu Schwarzburg,"""Gottsched, Johann Christoph""",Auf das hohe Geburtsfest Frauen Sophien Eberhardinen Fürstin zu Schwarzburg,8.22
Gottsched - Bei dem Hintritte eines jungen Studierenden,"""Gottsched, Johann Christoph""",Bei dem Hintritte eines jungen Studierenden,10.8
Gottsched - Bei eines guten Freundes Magisterpromotion,"""Gottsched, Johann Christoph""",Bei eines guten Freundes Magisterpromotion,8.34
Gottsched - Das heimliche Anliegen,"""Gottsched, Johann Christoph""",Das heimliche Anliegen,8.26
Gottsched - Das Lob des weiblichen Regiments,"""Gottsched, Johann Christoph""",Das Lob des weiblichen Regiments,10.9
Gottsched - Die Gleichgültigkeit,"""Gottsched, Johann Christoph""",Die Gleichgültigkeit,8.21
Gottsched - Karl der Friedensstifter,"""Gottsched, Johann Christoph""",Karl der Friedensstifter,10.0
"Gottsched - Ode (Schönste Augen, holde Kerzen)","""Gottsched, Johann Christoph""","Ode (Schönste Augen, holde Kerzen)",6.27
Gottsched - Ode auf den Tod des Prinzen Eugen von Savoyen,"""Gottsched, Johann Christoph""",Ode auf den Tod des Prinzen Eugen von Savoyen,10.0
Gottsched - Ode auf Leibniz,"""Gottsched, Johann Christoph""",Ode auf Leibniz,10.0
Gottwald - Wann wirds in Deutschland besser sein,"""Gottwald, Eduard""",Wann wirds in Deutschland besser sein,8.17
Götz - Lobgesang auf die Venus,"""Götz, Johann Nikolaus""",Lobgesang auf die Venus,6.30
Götz - Über seine Freundschaft mit dem Thirsis,"""Götz, Johann Nikolaus""",Über seine Freundschaft mit dem Thirsis,8.7
"Graff - Gott Vater, aller Gnad Ursprung","""Graff, Jörg""","Gott Vater, aller Gnad Ursprung",14.1
Grahl - Martin Tenzel,"""Grahl, Andreas Traugott""",Martin Tenzel,7.7
"Gramann - Nun lob, mein Seel den Herren (Psalm 103)","""Gramann, Johannes (Poliander)""","Nun lob, mein Seel den Herren (Psalm 103)",12.2
Grass - Kinderlied,"""Grass, Günter""",Kinderlied,4.16
Greflinger - Ein Bissen zum Trunk,"""Greflinger, Georg""",Ein Bissen zum Trunk,6.17
"Greflinger - Gelbe Haare, güldne Stricke","""Greflinger, Georg""","Gelbe Haare, güldne Stricke",4.53
"Greflinger - Hört an ihr Flucher, die ihr","""Greflinger, Georg""","Von dem erschrecklichen Wetter zu Bremen den 5. Augusti 1647 (Hört an ihr Flucher, die ihr groß / Von Blitz und Donner saget)",7.7
"Greflinger - Jungfrau, wollet ihr mich lieben","""Greflinger, Georg""","Jungfrau, wollet ihr mich lieben",6.29
Greflinger - Saffische Ode von der Geburt Jesu Christi,"""Greflinger, Georg""",Saffische Ode von der Geburt Jesu Christi,4.83
Greflinger - Schweiget mir von Frauen nehmen,"""Greflinger, Georg""",Schweiget mir von Frauen nehmen,8.26
Greif - Abend am See,"""Greif, Martin""",Abend am See,4.13
Greif - Abendgesichte,"""Greif, Martin""",Abendgesichte,4.49
Greif - Abendlied,"""Greif, Martin""",Abendlied,4.1
Greif - Abendsegen,"""Greif, Martin""",Abendsegen,4.49
Greif - Am Oleanderbaum,"""Greif, Martin""",Am Oleanderbaum,4.64
Greif - An den Quellen,"""Greif, Martin""",An den Quellen,4.13
Greif - An der andalusischen Küste,"""Greif, Martin""",An der andalusischen Küste,4.3
Greif - An die Novembersonne,"""Greif, Martin""",An die Novembersonne,4.1
Greif - Auf erinnerungsvollem Wege,"""Greif, Martin""",Auf erinnerungsvollem Wege,4.49
Greif - Bild der Alpen,"""Greif, Martin""",Bild der Alpen,4.49
Greif - Camöes Ende,"""Greif, Martin""",Camöes Ende,3.7
Greif - Das heiratslustige Mädchen,"""Greif, Martin""",Das heiratslustige Mädchen,4.34
Greif - Das Sanktusläuten,"""Greif, Martin""",Das Sanktusläuten,4.46
Greif - Das zerfallene Bergschloß,"""Greif, Martin""",Das zerfallene Bergschloß,4.21
Greif - Der Garten im Gebirge,"""Greif, Martin""",Der Garten im Gebirge,4.49
Greif - Der Hohenpeißenberg,"""Greif, Martin""",Der Hohenpeißenberg,4.67
Greif - Der Knabe aus Tirol,"""Greif, Martin""",Der Knabe aus Tirol,6.14
Greif - Der stumme Kläger,"""Greif, Martin""",Der stumme Kläger,4.114
Greif - Der Verlassenen Traum,"""Greif, Martin""",Der Verlassenen Traum,8.17
Greif - Der Zweifler,"""Greif, Martin""",Der Zweifler,2.3
Greif - Des Kaisers Erntekranz,"""Greif, Martin""",Des Kaisers Erntekranz,8.47
Greif - Die Burgruine,"""Greif, Martin""",Die Burgruine,4.20
Greif - Die Glocke von Speyer,"""Greif, Martin""",Die Glocke von Speyer,4.20
Greif - Die verschneite Bank,"""Greif, Martin""",Die verschneite Bank,4.36
Greif - Die wilden Frauen vom,"""Greif, Martin""",Die wilden Frauen vom,4.39
Greif - Dorffriedhof,"""Greif, Martin""",Dorffriedhof,4.16
Greif - Elegien,"""Greif, Martin""",Elegien,8.47
Greif - Erhellte Ferne,"""Greif, Martin""",Erhellte Ferne,4.49
Greif - Ewige Liebe,"""Greif, Martin""",Ewige Liebe,4.49
Greif - Fremd in der Fremde,"""Greif, Martin""",Fremd in der Fremde,4.49
Greif - Gang am Abend,"""Greif, Martin""",Gang am Abend,4.49
Greif - Geistesflug,"""Greif, Martin""",Geistesflug,4.7
Greif - Gewähr,"""Greif, Martin""",Gewähr,3.7
Greif - Gewitter am Gebirge,"""Greif, Martin""",Gewitter am Gebirge,4.36
Greif - Goethe,"""Greif, Martin""",Goethe,4.2
Greif - Heidebild,"""Greif, Martin""",Heidebild,4.29
Greif - Im Herbst,"""Greif, Martin""",Im Herbst,4.28
Greif - Im Kerkerloch,"""Greif, Martin""",Im Kerkerloch,6.2
Greif - Jugendliebe,"""Greif, Martin""",Jugendliebe,4.31
Greif - Juninächte,"""Greif, Martin""",Juninächte,4.51
Greif - König Hakon,"""Greif, Martin""",König Hakon,4.49
Greif - König Odoaker,"""Greif, Martin""",König Odoaker,4.125
Greif - Lob der Donau,"""Greif, Martin""",Lob der Donau,6.22
Greif - Luitpold-Hymne,"""Greif, Martin""",Luitpold-Hymne,8.26
Greif - Mondnacht am Strome,"""Greif, Martin""",Mondnacht am Strome,4.13
Greif - Morgengang,"""Greif, Martin""",Morgengang,4.20
Greif - Nachruf an den Maler Viktor Müller,"""Greif, Martin""",Nachruf an den Maler Viktor Müller,8.47
Greif - Pfingstfeier der Natur,"""Greif, Martin""",Pfingstfeier der Natur,8.2
Greif - Priameln,"""Greif, Martin""",Priameln,10.7
Greif - Sommernacht am See,"""Greif, Martin""",Sommernacht am See,4.7
Greif - Spur Verliebter,"""Greif, Martin""",Spur Verliebter,4.31
Greif - Ständchen,"""Greif, Martin""",Ständchen,4.30
Greif - Sternennacht,"""Greif, Martin""",Sternennacht,4.38
Greif - Südwärts im Spätherbst,"""Greif, Martin""",Südwärts im Spätherbst,4.67
Greif - Trübe Blicke,"""Greif, Martin""",Trübe Blicke,4.30
Greif - Waldesschauer,"""Greif, Martin""",Waldesschauer,4.8
Greif - Walther von der Vogelweide. Zur Enthüllung seines Denkmals in Bozen,"""Greif, Martin""",Walther von der Vogelweide. Zur Enthüllung seines Denkmals in Bozen,5.8
Greif - Weiden am Bach,"""Greif, Martin""",Weiden am Bach,4.21
Greif - Winteranfang,"""Greif, Martin""",Winteranfang,4.2
Greif - Zur Vollendung des Kölner Doms,"""Greif, Martin""",Zur Vollendung des Kölner Doms,6.27
Greiffenberg - Andacht-Bereitung zur Betrachtung des h. Leidens Christi (Weg Eitelkeit! / du mußt beiseit),"""Greiffenberg, Catharina Regina von""",Andacht-Bereitung zur Betrachtung des h. Leidens Christi (Weg Eitelkeit! / du mußt beiseit),5.1
Greiffenberg - Auf das H[eilige] Leiden Christi (O reif betrachter Wunder-Rat),"""Greiffenberg, Catharina Regina von""",Auf das H[eilige] Leiden Christi (O reif betrachter Wunder-Rat),9.3
Greiffenberg - Auf die blühenden Bäume,"""Greiffenberg, Catharina Regina von""",Auf die blühenden Bäume,6.22
Greiffenberg - Auf die ruhige Nacht-Zeit,"""Greiffenberg, Catharina Regina von""",Auf die ruhige Nacht-Zeit,4.42
Greiffenberg - Auf Gottes Wunder-Beglückung,"""Greiffenberg, Catharina Regina von""",Auf Gottes Wunder-Beglückung,8.22
Greiffenberg - Bei Ansehung der Sternen / Wunschgedanken,"""Greiffenberg, Catharina Regina von""",Bei Ansehung der Sternen / Wunschgedanken,6.25
Greiffenberg - Die verfolgte Tugend,"""Greiffenberg, Catharina Regina von""",Die verfolgte Tugend,6.25
Greiffenberg - Ergebung in göttliche Regierung,"""Greiffenberg, Catharina Regina von""",Ergebung in göttliche Regierung,8.22
Greiffenberg - Erhörungs-Verlangen,"""Greiffenberg, Catharina Regina von""",Erhörungs-Verlangen,6.30
Greiffenberg - Freudiges Trost-Lied,"""Greiffenberg, Catharina Regina von""",Freudiges Trost-Lied,6.2
Greiffenberg - Gemüts-Beruhigung,"""Greiffenberg, Catharina Regina von""",Gemüts-Beruhigung,8.23
Greiffenberg - Jesum-lobendes-Liebe-Lied,"""Greiffenberg, Catharina Regina von""",Jesum-lobendes-Liebe-Lied,6.38
Greiffenberg - Lob der zu Zeiten angenehmen Einsamkeit,"""Greiffenberg, Catharina Regina von""",Lob der zu Zeiten angenehmen Einsamkeit,6.37
Greiffenberg - Lockung aller Lieblichkeiten,"""Greiffenberg, Catharina Regina von""",Lockung aller Lieblichkeiten,8.25
Greiffenberg - Morgen-Lied,"""Greiffenberg, Catharina Regina von""",Morgen-Lied,10.4
Greiffenberg - Neujahrlied,"""Greiffenberg, Catharina Regina von""",Neujahrlied,6.38
Greiffenberg - Spazier- oder Schäferliedlein,"""Greiffenberg, Catharina Regina von""",Spazier- oder Schäferliedlein,6.30
Greiffenberg - Trostlied (Wenn es Spieß und Kugel regnet),"""Greiffenberg, Catharina Regina von""",Trostlied (Wenn es Spieß und Kugel regnet),8.27
Greiffenberg - Über des Glaubens Kraft,"""Greiffenberg, Catharina Regina von""",Über des Glaubens Kraft,6.49
"Greiffenberg - Über die nichtig und flüchtige Weltlust (O tolle Welt, sollst du mich also trutzen)","""Greiffenberg, Catharina Regina von""","Über die nichtig und flüchtige Weltlust (O tolle Welt, sollst du mich also trutzen)",4.84
"Greiffenberg - Über Gottes gnädige Regierung (Jesu, meine Freud und Wonne)","""Greiffenberg, Catharina Regina von""","Über Gottes gnädige Regierung (Jesu, meine Freud und Wonne)",6.29
Greiffenberg - Untertänige Dienst-Aufopferung dem Höchsten in Leidenszeit,"""Greiffenberg, Catharina Regina von""",Untertänige Dienst-Aufopferung dem Höchsten in Leidenszeit,4.58
Greiffenberg - Wiedertritt,"""Greiffenberg, Catharina Regina von""",Wiedertritt,4.42
Greiffenberg - Wiesenliedlein,"""Greiffenberg, Catharina Regina von""",Wiesenliedlein,6.24
Greiter - Es sind doch selig alle die / Im rechten Glauben wandeln hie,"""Greiter, Mattheus""",Es sind doch selig alle die / Im rechten Glauben wandeln hie,12.4
"Greiter - Hilf Herre Gott, dem deinen Knecht","""Greiter, Mattheus""","Hilf Herre Gott, dem deinen Knecht",12.4
"Greiter - O Herre Gott, begnade mich (Psalm 51)","""Greiter, Mattheus""","O Herre Gott, begnade mich (Psalm 51)",13.1
Grillparzer - Abschied von Gastein,"""Grillparzer, Franz""",Abschied von Gastein,8.47
Grillparzer - Als sie zuhörend am Klavier saß,"""Grillparzer, Franz""",Als sie zuhörend am Klavier saß,6.45
Grillparzer - An Ovid,"""Grillparzer, Franz""",An Ovid,6.45
Grillparzer - Cherubin,"""Grillparzer, Franz""",Cherubin,8.47
Grillparzer - Das bittere Gefühl,"""Grillparzer, Franz""",Das bittere Gefühl,4.87
Grillparzer - Der Abend,"""Grillparzer, Franz""",Der Abend,5.8
Grillparzer - Der Bann,"""Grillparzer, Franz""",Der Bann,4.67
Grillparzer - Der Fischer,"""Grillparzer, Franz""",Der Fischer,4.21
Grillparzer - Entsagung,"""Grillparzer, Franz""",Entsagung,4.106
Grillparzer - Hoch auf schwindligen Stegen,"""Grillparzer, Franz""",Hoch auf schwindligen Stegen,4.14
Grillparzer - In trüber Stunde,"""Grillparzer, Franz""",In trüber Stunde,4.54
Grillparzer - Klage,"""Grillparzer, Franz""",Klage,4.106
Grillparzer - Lope de Vega,"""Grillparzer, Franz""",Lope de Vega,4.106
Grillparzer - Sorgenvoll,"""Grillparzer, Franz""",Sorgenvoll,5.3
"Grillparzer - Wie viel weißt du, o Mensch","""Grillparzer, Franz""","Wie viel weißt du, o Mensch",4.106
Grillparzer - Zwischen Gaeta und Capua,"""Grillparzer, Franz""",Zwischen Gaeta und Capua,4.1
Grimm - Sommergefühl,"""Grimm, Herman""",Sommergefühl,4.70
Grimmelshausen - Du sehr verachteter Bauernstand,"""Grimmelshausen, Hans Jakob Christoffel von""",Du sehr verachteter Bauernstand,4.58
Grimmelshausen - Komm Trost der Nacht,"""Grimmelshausen, Hans Jakob Christoffel von""",Komm Trost der Nacht,10.4
Grosse - Dem Cäsar,"""Grosse, Julius""",Dem Cäsar,5.16
Grosse - Die Luft ist still,"""Grosse, Julius""",Die Luft ist still,8.16
Grosse - Haltet Wache,"""Grosse, Julius""",Haltet Wache,14.0
Grosse - Ihr habts gewollt,"""Grosse, Julius""",Ihr habts gewollt,3.7
Grosse - Italia,"""Grosse, Julius""",Italia,3.7
Grosse - Manchmal erklingen hör ichs,"""Grosse, Julius""",Manchmal erklingen hör ichs,4.67
Grosse - Minnelied,"""Grosse, Julius""",Minnelied,5.5
"Grosse - O sage nicht, du hast mich","""Grosse, Julius""","O sage nicht, du hast mich",4.103
Grosse - Romanze,"""Grosse, Julius""",Romanze,4.39
Grosse - Rückblicke,"""Grosse, Julius""",Rückblicke,5.12
Grosse - Verschollenes Glück,"""Grosse, Julius""",Verschollenes Glück,8.45
Grosse - Wer mag der Liebe Dauer wohl,"""Grosse, Julius""",Wer mag der Liebe Dauer wohl,4.78
Groth - Abendfreden,"""Groth, Klaus""",Abendfreden,4.20
Groth - Abendgang,"""Groth, Klaus""",Abendgang,5.3
Groth - Ad lectorem benevolum,"""Groth, Klaus""",Ad lectorem benevolum,6.9
Groth - Afscheed,"""Groth, Klaus""",Afscheed,4.64
Groth - An eine in die Fremde ziehende,"""Groth, Klaus""",An eine in die Fremde ziehende,6.35
Groth - An Hermann von der Meden,"""Groth, Klaus""",An Hermann von der Meden,6.39
Groth - An I.,"""Groth, Klaus""",An I.,4.64
Groth - As ik weggung,"""Groth, Klaus""",As ik weggung,4.34
Groth - Dar geit en Bek,"""Groth, Klaus""",Dar geit en Bek,4.34
Groth - Dat Dörp in Snee,"""Groth, Klaus""",Dat Dörp in Snee,4.43
Groth - Dat staehnt int Moor,"""Groth, Klaus""",Dat staehnt int Moor,4.58
Groth - DatgruliHus,"""Groth, Klaus""",DatgruliHus,2.15
Groth - DatHus,"""Groth, Klaus""",DatHus,4.62
Groth - De Fischerkat,"""Groth, Klaus""",De Fischerkat,4.34
Groth - De Garn,"""Groth, Klaus""",De Garn,4.30
Groth - De Jäger,"""Groth, Klaus""",De Jäger,4.34
Groth - De junge Wetfru,"""Groth, Klaus""",De junge Wetfru,4.34
Groth - De Kinner larmt,"""Groth, Klaus""",De Kinner larmt,4.30
Groth - De Lotsendochder,"""Groth, Klaus""",De Lotsendochder,4.26
Groth - De ol Wichel,"""Groth, Klaus""",De ol Wichel,4.5
Groth - De Pukerstock,"""Groth, Klaus""",De Pukerstock,2.15
Groth - De Slacht bi Hemmingsted,"""Groth, Klaus""",De Slacht bi Hemmingsted,2.15
Groth - De Steen bi Schalkholt,"""Groth, Klaus""",De Steen bi Schalkholt,4.20
Groth - Die Frage,"""Groth, Klaus""",Die Frage,4.75
Groth - Die Prinzessin,"""Groth, Klaus""",Die Prinzessin,4.62
Groth - Ei du Lütte 4,"""Groth, Klaus""",Ei du Lütte 4,6.33
"Groth - Es ist ein Lied, das immer","""Groth, Klaus""","Es ist ein Lied, das immer",6.45
Groth - Fahnenlied,"""Groth, Klaus""",Fahnenlied,4.64
Groth - Goldbarg,"""Groth, Klaus""",Goldbarg,4.59
Groth - Graf Rudolf vun de Bökelnborg,"""Groth, Klaus""",Graf Rudolf vun de Bökelnborg,2.15
Groth - Hartleed,"""Groth, Klaus""",Hartleed,4.34
Groth - He sä mi so vel,"""Groth, Klaus""",He sä mi so vel,2.6
Groth - He wak,"""Groth, Klaus""",He wak,2.15
Groth - Heinrich von Zütphen,"""Groth, Klaus""",Heinrich von Zütphen,2.15
Groth - Hell int Finster,"""Groth, Klaus""",Hell int Finster,4.42
Groth - Ich sah als Knabe,"""Groth, Klaus""",Ich sah als Knabe,4.41
Groth - Ik seeg di,"""Groth, Klaus""",Ik seeg di,4.20
Groth - In Aewermot,"""Groth, Klaus""",In Aewermot,4.20
Groth - Inn Harvst,"""Groth, Klaus""",Inn Harvst,4.34
"Groth - Klänge 1, 2, 4, 6","""Groth, Klaus""","Klänge 1, 2, 4, 6",4.49
Groth - Komm bald,"""Groth, Klaus""",Komm bald,4.4
Groth - Könnt ich bis zum Grund der,"""Groth, Klaus""",Könnt ich bis zum Grund der,4.98
Groth - Martje Flor,"""Groth, Klaus""",Martje Flor,4.59
Groth - Min Anna is en Ros so rot,"""Groth, Klaus""",Min Anna is en Ros so rot,5.3
Groth - Min Jehann,"""Groth, Klaus""",Min Jehann,8.14
Groth - Min Modersprak,"""Groth, Klaus""",Min Modersprak,4.34
"Groth - Nachtigall, ich hör dich","""Groth, Klaus""","Nachtigall, ich hör dich",4.49
Groth - Niß Puk,"""Groth, Klaus""",Niß Puk,4.59
Groth - O schweb hernieder vom Balkon,"""Groth, Klaus""",O schweb hernieder vom Balkon,4.41
Groth - O schweb hernieder vom Ol Büsum,"""Groth, Klaus""",O schweb hernieder vom Ol Büsum,2.5
Groth - Ostern,"""Groth, Klaus""",Ostern,8.31
Groth - Regenlied,"""Groth, Klaus""",Regenlied,4.53
Groth - Schippers Brut,"""Groth, Klaus""",Schippers Brut,4.25
Groth - Sneewittchen,"""Groth, Klaus""",Sneewittchen,4.34
Groth - Sommer,"""Groth, Klaus""",Sommer,4.67
"Groth - Still, min Hanne","""Groth, Klaus""","Still, min Hanne",4.42
Groth - To Schep,"""Groth, Klaus""",To Schep,8.14
Groth - Twee Leefsten,"""Groth, Klaus""",Twee Leefsten,4.34
Groth - Utsichten,"""Groth, Klaus""",Utsichten,4.34
Groth - Verlarn,"""Groth, Klaus""",Verlarn,4.25
Groth - Was gleichet dem süßen,"""Groth, Klaus""",Was gleichet dem süßen,6.8
Groth - Wo dein Fuß gegangen,"""Groth, Klaus""",Wo dein Fuß gegangen,4.13
Groth - Zum 9. März 1859,"""Groth, Klaus""",Zum 9. März 1859,6.45
Grotzhammer - Lob des Rauchtabaks,"""Grotzhammer, Anton""",Lob des Rauchtabaks,4.106
"Grüenwald - Kommt her zu mir, spricht Gottes Sohn","""Grüenwald, Georg""","Kommt her zu mir, spricht Gottes Sohn",6.19
Grün - Am Rhein,"""Grün, Anastasius""",Am Rhein,4.67
Grün - Apostasie,"""Grün, Anastasius""",Apostasie,4.34
Grün - Archipelagus der Liebe,"""Grün, Anastasius""",Archipelagus der Liebe,4.106
Grün - Baumpredigt,"""Grün, Anastasius""",Baumpredigt,5.4
Grün - Begegnung,"""Grün, Anastasius""",Begegnung,6.7
Grün - Botenart,"""Grün, Anastasius""",Botenart,2.5
Grün - Bundeslied,"""Grün, Anastasius""",Bundeslied,4.49
Grün - Das Musikantendorf,"""Grün, Anastasius""",Das Musikantendorf,4.63
Grün - Das Weiheschwert,"""Grün, Anastasius""",Das Weiheschwert,4.72
Grün - Der alte Komödiant,"""Grün, Anastasius""",Der alte Komödiant,4.58
Grün - Der Besuch,"""Grün, Anastasius""",Der Besuch,4.52
Grün - Der Grenzsoldat,"""Grün, Anastasius""",Der Grenzsoldat,4.34
Grün - Der Lesehalle deutscher Studenten in Prag zur 25jährigen Feier ihres Bestehens,"""Grün, Anastasius""",Der Lesehalle deutscher Studenten in Prag zur 25jährigen Feier ihres Bestehens,8.37
Grün - Der letzte Ritter,"""Grün, Anastasius""",Der letzte Ritter,4.114
Grün - Der Liebesgarten,"""Grün, Anastasius""",Der Liebesgarten,4.21
Grün - Deutsche Kaiserkrone,"""Grün, Anastasius""",Deutsche Kaiserkrone,8.7
Grün - Die beiden Sängerheere,"""Grün, Anastasius""",Die beiden Sängerheere,4.62
Grün - Die Leidtragenden,"""Grün, Anastasius""",Die Leidtragenden,4.88
Grün - Die Sünderin,"""Grün, Anastasius""",Die Sünderin,4.93
Grün - Drei Farben,"""Grün, Anastasius""",Drei Farben,2.16
Grün - Ein Adler,"""Grün, Anastasius""",Ein Adler,8.26
Grün - Ein Dichterhaus,"""Grün, Anastasius""",Ein Dichterhaus,4.109
Grün - Ein Schloß in Böhmen,"""Grün, Anastasius""",Ein Schloß in Böhmen,7.7
Grün - Ein Traum,"""Grün, Anastasius""",Ein Traum,4.20
Grün - Eine Begegnung,"""Grün, Anastasius""",Eine Begegnung,4.106
Grün - Fels im Strom,"""Grün, Anastasius""",Fels im Strom,8.15
Grün - Glockenruf,"""Grün, Anastasius""",Glockenruf,4.66
Grün - Goethes Heimgang,"""Grün, Anastasius""",Goethes Heimgang,4.106
Grün - In Wien,"""Grün, Anastasius""",In Wien,8.26
Grün - Kern und Schale,"""Grün, Anastasius""",Kern und Schale,4.36
Grün - Kunstberuf,"""Grün, Anastasius""",Kunstberuf,4.49
Grün - Lubomirski,"""Grün, Anastasius""",Lubomirski,4.49
Grün - Mumie,"""Grün, Anastasius""",Mumie,8.29
Grün - Neue Liebe,"""Grün, Anastasius""",Neue Liebe,4.67
Grün - Novara,"""Grün, Anastasius""",Novara,4.36
Grün - Paradiesvogel,"""Grün, Anastasius""",Paradiesvogel,4.17
Grün - Pinie und Tanne,"""Grün, Anastasius""",Pinie und Tanne,4.54
Grün - Poesie des Dampfes,"""Grün, Anastasius""",Poesie des Dampfes,4.109
Grün - Sonntagsmorgen,"""Grün, Anastasius""",Sonntagsmorgen,4.96
Grün - Um einen Pfennig,"""Grün, Anastasius""",Um einen Pfennig,5.7
Grün - Unheimliche Gäste,"""Grün, Anastasius""",Unheimliche Gäste,5.4
Grün - Venedig,"""Grün, Anastasius""",Venedig,4.49
Grün - Vogel und Wanderer,"""Grün, Anastasius""",Vogel und Wanderer,4.30
Grün - Wandergruß,"""Grün, Anastasius""",Wandergruß,4.49
Grün - Winterabend,"""Grün, Anastasius""",Winterabend,4.109
Grün - Zenta,"""Grün, Anastasius""",Zenta,8.26
Grün - Zwei Hähne,"""Grün, Anastasius""",Zwei Hähne,4.54
Grün - Zwei Harfen,"""Grün, Anastasius""",Zwei Harfen,8.26
"Gryphius - Ade, verfluchtes Tränental","""Gryphius, Andreas""","Ade, verfluchtes Tränental",7.7
Gryphius - Als der betrübte Tag zu Ende,"""Gryphius, Andreas""",Als der betrübte Tag zu Ende,4.84
Gryphius - An Flaccum,"""Gryphius, Andreas""",An Flaccum,4.101
"Gryphius - Auf die Christnacht (Die selge Nacht, der Wunsch der ersten Zeit)","""Gryphius, Andreas""","Auf die Christnacht (Die selge Nacht, der Wunsch der ersten Zeit)",4.100
"Gryphius - Bußlied (Weh mir, mein sterbend Herz)","""Gryphius, Andreas""","Bußlied (Weh mir, mein sterbend Herz)",6.4
Gryphius - Dank sei dir von Herzen,"""Gryphius, Andreas""",Dank sei dir von Herzen,6.3
Gryphius - Dem tausend Seraphinen,"""Gryphius, Andreas""",Dem tausend Seraphinen,4.23
Gryphius - Der den Bau der Himmel träget,"""Gryphius, Andreas""",Der den Bau der Himmel träget,8.25
Gryphius - Der Greuel ist vollbracht,"""Gryphius, Andreas""",Der Greuel ist vollbracht,6.4
Gryphius - Der Himmel brennt mit lichten,"""Gryphius, Andreas""",Der Himmel brennt mit lichten,6.37
"Gryphius - Der Priester, den erkoren / Gott selbst von Ewigkeit","""Gryphius, Andreas""","Der Priester, den erkoren / Gott selbst von Ewigkeit",7.3
Gryphius - Der ungebundenen Tage göldner Schein,"""Gryphius, Andreas""",Der ungebundenen Tage göldner Schein,4.99
Gryphius - Die Einsetzung des Abendmahls,"""Gryphius, Andreas""",Die Einsetzung des Abendmahls,4.51
Gryphius - Dir Herr der Herrlichkeit,"""Gryphius, Andreas""",Dir Herr der Herrlichkeit,4.115
Gryphius - Freu dich du auserwählte Schar,"""Gryphius, Andreas""",Freu dich du auserwählte Schar,4.58
Gryphius - Freund der Musen und der Minne,"""Gryphius, Andreas""",Freund der Musen und der Minne,4.53
Gryphius - Gedanken über den Kirchhof und Ruhestätte der Verstorbenen,"""Gryphius, Andreas""",Gedanken über den Kirchhof und Ruhestätte der Verstorbenen,8.33
Gryphius - Haupt und Beistand deiner,"""Gryphius, Andreas""",Haupt und Beistand deiner,8.25
"Gryphius - Herr Jesu Christe, Brunn der","""Gryphius, Andreas""","Herr Jesu Christe, Brunn der",4.34
"Gryphius - Herr, daß du mich hast","""Gryphius, Andreas""","Herr, daß du mich hast",6.30
Gryphius - Hochzeitgedicht,"""Gryphius, Andreas""",Hochzeitgedicht,4.116
Gryphius - Ich glaub an einen Gott,"""Gryphius, Andreas""",Ich glaub an einen Gott,4.120
"Gryphius - Ihr Herzen, voll von Sünden","""Gryphius, Andreas""","Ihr Herzen, voll von Sünden",8.7
Gryphius - Je mehr wir Jahre zählen,"""Gryphius, Andreas""",Je mehr wir Jahre zählen,6.7
"Gryphius - Jesu, meine Stärke","""Gryphius, Andreas""","Jesu, meine Stärke",10.1
Gryphius - Judae Verzweifelung (O grimm'ge Herzensrisse),"""Gryphius, Andreas""",Judae Verzweifelung (O grimm'ge Herzensrisse),6.9
Gryphius - Kanns denn nicht anders sein,"""Gryphius, Andreas""",Kanns denn nicht anders sein,14.0
"Gryphius - Keusche Seelen, die durch Liebe","""Gryphius, Andreas""","Keusche Seelen, die durch Liebe","4.53,6.25"
"Gryphius - Komm, o komm mit deiner Güte","""Gryphius, Andreas""","Komm, o komm mit deiner Güte",4.51
"Gryphius - Kommt her, ihr Seelen, die die Not","""Gryphius, Andreas""","Kommt her, ihr Seelen, die die Not",6.19
"Gryphius - Letzte Rede eines Gelehrten aus seinem Grabe (Wie eitel ist, was wir hoch schätzen)","""Gryphius, Andreas""","Letzte Rede eines Gelehrten aus seinem Grabe (Wie eitel ist, was wir hoch schätzen)",6.39
Gryphius - Lob Ehr und Preis / ich dir erweis,"""Gryphius, Andreas""",Lob Ehr und Preis / ich dir erweis,6.2
"Gryphius - Mein Gott, wie soll ich dies verstehn","""Gryphius, Andreas""","Mein Gott, wie soll ich dies verstehn",6.16
"Gryphius - Morgenseufzer (So walt es Gott, mein Heil)","""Gryphius, Andreas""","Morgenseufzer (So walt es Gott, mein Heil)",4.115
"Gryphius - Nachdem der Held, der aller Welt","""Gryphius, Andreas""","Nachdem der Held, der aller Welt",4.36
Gryphius - Obwohl keiner Missetat,"""Gryphius, Andreas""",Obwohl keiner Missetat,8.13
Gryphius - Papinian,"""Gryphius, Andreas""",Papinian,6.4
"Gryphius - Schöpfer, dessen Wunder Güte","""Gryphius, Andreas""","Schöpfer, dessen Wunder Güte",6.29
Gryphius - So muß dein Fluch den Himmel schließen,"""Gryphius, Andreas""",So muß dein Fluch den Himmel schließen,6.39
"Gryphius - Süßes Kind, der Väter Hoffen","""Gryphius, Andreas""","Süßes Kind, der Väter Hoffen",6.29
Gryphius - Tränen über das Leiden des Herren 11 (Obgleich der lichte Tag anbricht),"""Gryphius, Andreas""",Tränen über das Leiden des Herren 11 (Obgleich der lichte Tag anbricht),12.4
"Gryphius - Trautes Kreuz, dem willigst weichen","""Gryphius, Andreas""","Trautes Kreuz, dem willigst weichen",6.28
Gryphius - Vanitas! Vanitatum Vanitas! (Die Herrlichkeit der Erden),"""Gryphius, Andreas""",Vanitas! Vanitatum Vanitas! (Die Herrlichkeit der Erden),6.9
Gryphius - Was hör ich jubilieren,"""Gryphius, Andreas""",Was hör ich jubilieren,14.0
"Gryphius - Was zag ich, wenn der Höllen Macht","""Gryphius, Andreas""","Was zag ich, wenn der Höllen Macht",8.15
Gryphius - Weil bei flammenreichen,"""Gryphius, Andreas""",Weil bei flammenreichen,4.51
Gryphius - Welt ade! mein Ziel ist kommen,"""Gryphius, Andreas""",Welt ade! mein Ziel ist kommen,"4.53,6.25"
Gryphius - Wenn ich die Zeiten überlege,"""Gryphius, Andreas""",Wenn ich die Zeiten überlege,6.40
Gryphius - Wie wenn nach langer Angst,"""Gryphius, Andreas""",Wie wenn nach langer Angst,14.0
"Gueintz - Jesu, Jesu, du mein Hirt","""Gueintz, Christian""","Jesu, Jesu, du mein Hirt",6.21
Günderode - Darthula nach Ossian,"""Günderode, Karoline von""",Darthula nach Ossian,5.14
Günderode - Der Adept,"""Günderode, Karoline von""",Der Adept,4.67
Günderode - Der Nil,"""Günderode, Karoline von""",Der Nil,4.50
Günderode - Liebe und Schönheit,"""Günderode, Karoline von""",Liebe und Schönheit,6.45
Günderode - Piedro,"""Günderode, Karoline von""",Piedro,4.49
Gundolf - Löse mich aus dem sinnen verderblicher rührung,"""Gundolf, Friedrich""",Löse mich aus dem sinnen verderblicher rührung,4.94
Günther - Abendlied (Der Feyerabend ist gemacht),"""Günther, Johann Christian""",Abendlied (Der Feyerabend ist gemacht),6.34
Günther - Abermal ein Teil vom Jahre,"""Günther, Johann Christian""",Abermal ein Teil vom Jahre,8.25
Günther - Ach was ist das vor ein Leben,"""Günther, Johann Christian""",Ach was ist das vor ein Leben,4.49
"Günther - Ach, liebstes Lehnchen, sähst du hier","""Günther, Johann Christian""","Ach, liebstes Lehnchen, sähst du hier",8.15
Günther - Alles eilt zum Untergange,"""Günther, Johann Christian""",Alles eilt zum Untergange,8.26
Günther - Als er der Phillis einen Ring mit einem Todten-Kopffe überreichte,"""Günther, Johann Christian""",Als er der Phillis einen Ring mit einem Todten-Kopffe überreichte,10.9
Günther - An Leonoren (Mein Kummer weint allein um dich),"""Günther, Johann Christian""",An Leonoren (Mein Kummer weint allein um dich),8.17
Günther - Auf das Glücke,"""Günther, Johann Christian""",Auf das Glücke,8.37
"Günther - Banges Herze, lerne doch","""Günther, Johann Christian""","Banges Herze, lerne doch",6.23
"Günther - Befördert, ihr gelinden Saiten","""Günther, Johann Christian""","Befördert, ihr gelinden Saiten",5.12
Günther - Bei so nahen Todeszeichen,"""Günther, Johann Christian""",Bei so nahen Todeszeichen,8.26
Günther - Betrügliches Glücke,"""Günther, Johann Christian""",Betrügliches Glücke,6.1
Günther - Bist du gar nicht zu gewinnen,"""Günther, Johann Christian""",Bist du gar nicht zu gewinnen,7.10
Günther - Brüder laßt uns lustig sein,"""Günther, Johann Christian""",Brüder laßt uns lustig sein,7.5
"Günther - Bruder, komm und laß uns wandern","""Günther, Johann Christian""","Bruder, komm und laß uns wandern",8.26
Günther - Der Herr führt meine Seele,"""Günther, Johann Christian""",Der Herr führt meine Seele,8.6
Günther - Der Herr ging nach Jerusalem,"""Günther, Johann Christian""",Der Herr ging nach Jerusalem,8.15
Günther - Die beständige Liebe (Mit deinen Namen will ich sterben),"""Günther, Johann Christian""",Die beständige Liebe (Mit deinen Namen will ich sterben),6.37
Günther - Die Jünger zankten unter sich,"""Günther, Johann Christian""",Die Jünger zankten unter sich,8.15
Günther - Die Liebe weckt an diesem,"""Günther, Johann Christian""",Die Liebe weckt an diesem,6.40
Günther - Die Mißgunst kam zur Poesie,"""Günther, Johann Christian""",Die Mißgunst kam zur Poesie,8.33
"Günther - Die Nacht ist hin, nun wird","""Günther, Johann Christian""","Die Nacht ist hin, nun wird",4.58
Günther - Die Pest ergriff den Leib,"""Günther, Johann Christian""",Die Pest ergriff den Leib,4.116
Günther - Die schmerzliche Erinnerung der Jugendjahre,"""Günther, Johann Christian""",Die schmerzliche Erinnerung der Jugendjahre,8.17
Günther - Die Weisheit reißt aus aller Not,"""Günther, Johann Christian""",Die Weisheit reißt aus aller Not,8.15
Günther - Die Zeit kann alles möglich,"""Günther, Johann Christian""",Die Zeit kann alles möglich,4.67
Günther - Du ehmals liebster Ort der treuen Leonore,"""Günther, Johann Christian""",Du ehmals liebster Ort der treuen Leonore,6.50
Günther - Du Joseph meiner teuren Zeiten,"""Günther, Johann Christian""",Du Joseph meiner teuren Zeiten,8.37
Günther - Eher tot als ungetreu,"""Günther, Johann Christian""",Eher tot als ungetreu,4.47
"Günther - Erhole dich, bedrängtes Herze","""Günther, Johann Christian""","Erhole dich, bedrängtes Herze",6.38
Günther - Erschrick nicht vor dem Liebes-Zeichen,"""Günther, Johann Christian""",Erschrick nicht vor dem Liebes-Zeichen,10.9
Günther - Etwas lieben und entbehren,"""Günther, Johann Christian""",Etwas lieben und entbehren,6.27
"Günther - Geliebter Freund, dein Ungemach","""Günther, Johann Christian""","Geliebter Freund, dein Ungemach",10.8
"Günther - Gott, der du dich zu aller Welt","""Günther, Johann Christian""","Gott, der du dich zu aller Welt",10.3
"Günther - Gott, dessen Name schon die Fülle","""Günther, Johann Christian""","Gott, dessen Name schon die Fülle",6.38
"Günther - Hannchen, denk einmal und oft","""Günther, Johann Christian""","Hannchen, denk einmal und oft",8.22
Günther - Hat das ungetreue Glück,"""Günther, Johann Christian""",Hat das ungetreue Glück,8.21
Günther - Ich gründe mich auf deine,"""Günther, Johann Christian""",Ich gründe mich auf deine,6.36
Günther - Ich warf mich nächtlich in dem Bette,"""Günther, Johann Christian""",Ich warf mich nächtlich in dem Bette,10.9
Günther - Im Geiste muß der Wandel sein,"""Günther, Johann Christian""",Im Geiste muß der Wandel sein,8.15
Günther - Irdische Gemüter,"""Günther, Johann Christian""",Irdische Gemüter,10.1
"Günther - Johannchen, denke, dieses","""Günther, Johann Christian""","Johannchen, denke, dieses",6.36
"Günther - Komm Jesu, teurer Schatz","""Günther, Johann Christian""","Komm Jesu, teurer Schatz",6.5
"Günther - Komm, mein Engel, laß uns lieben","""Günther, Johann Christian""","Komm, mein Engel, laß uns lieben",6.29
"Günther - Krönt, werte Eltern, meine","""Günther, Johann Christian""","Krönt, werte Eltern, meine",6.39
"Günther - Küßt, ihr Seufzer, mein Vergnügen","""Günther, Johann Christian""","Küßt, ihr Seufzer, mein Vergnügen",6.29
Günther - Laßt mich doch nur in der,"""Günther, Johann Christian""",Laßt mich doch nur in der,6.23
"Günther - Mädchens, stellt euch nicht so spröde","""Günther, Johann Christian""","Mädchens, stellt euch nicht so spröde",7.10
Günther - Mag es doch die Welt verdrießen,"""Günther, Johann Christian""",Mag es doch die Welt verdrießen,8.26
"Günther - Mein Engel liebt, ich liebe","""Günther, Johann Christian""","Mein Engel liebt, ich liebe",6.36
Günther - Mein Engel nimm,"""Günther, Johann Christian""",Mein Engel nimm,4.119
"Günther - Mein Gott, was bist du mir auf Erden","""Günther, Johann Christian""","Mein Gott, was bist du mir auf Erden",6.38
"Günther - Mein Heiland, der du von der List","""Günther, Johann Christian""","Mein Heiland, der du von der List",6.34
Günther - Mein Leben schilt das faule,"""Günther, Johann Christian""",Mein Leben schilt das faule,6.39
Günther - Monsieur! Sie sparen die,"""Günther, Johann Christian""",Monsieur! Sie sparen die,4.67
Günther - Morgen wird es besser werden,"""Günther, Johann Christian""",Morgen wird es besser werden,4.49
Günther - Nur fort gelehrt und muntre Dame,"""Günther, Johann Christian""",Nur fort gelehrt und muntre Dame,10.9
Günther - O was für Wollust fühlt mein Sinn!,"""Günther, Johann Christian""",O was für Wollust fühlt mein Sinn!,6.34
"Günther - Schweigt doch nur, ihr höhn'schen Thoren","""Günther, Johann Christian""","Schweigt doch nur, ihr höhn'schen Thoren",6.27
"Günther - So bist du endlich, schöne Braut","""Günther, Johann Christian""","So bist du endlich, schöne Braut",6.34
Günther - Trostaria,"""Günther, Johann Christian""",Trostaria,6.23
Günther - Vergib auch meiner Menschlichkeit,"""Günther, Johann Christian""",Vergib auch meiner Menschlichkeit,8.33
Günther - Viel Glück zum neuen,"""Günther, Johann Christian""",Viel Glück zum neuen,4.67
Günther - Was ich in Gedanken küsse,"""Günther, Johann Christian""",Was ich in Gedanken küsse,6.30
Günther - Was kann ich armer Mensch davor,"""Günther, Johann Christian""",Was kann ich armer Mensch davor,10.8
Günther - Was täuscht mich vor ein süßer Traum,"""Günther, Johann Christian""",Was täuscht mich vor ein süßer Traum,10.8
Günther - Was tut ein Buhler nicht aus Liebe,"""Günther, Johann Christian""",Was tut ein Buhler nicht aus Liebe,8.37
"Günther - Welt, was hab ich noch mit","""Günther, Johann Christian""","Welt, was hab ich noch mit",6.23
Günther - Wer die Erde recht beschaut,"""Günther, Johann Christian""",Wer die Erde recht beschaut,6.23
Günther - Wer kehrt sich an die tumme Welt,"""Günther, Johann Christian""",Wer kehrt sich an die tumme Welt,6.15
Günther - Willst du mir dein Angesicht,"""Günther, Johann Christian""",Willst du mir dein Angesicht,4.51
Günther - Wir satteln zwar auf dein Begehren,"""Günther, Johann Christian""",Wir satteln zwar auf dein Begehren,8.37
"Günther - Wohl edler Gönner, dein Vergnügen","""Günther, Johann Christian""","Wohl edler Gönner, dein Vergnügen",8.36
"Günther - Zeuch aus, gefangne Seele","""Günther, Johann Christian""","Zeuch aus, gefangne Seele",8.7
"Günther - Zwischen Ufer, Tal und Klüften","""Günther, Johann Christian""","Zwischen Ufer, Tal und Klüften",6.27
Gutzkow - Abschied von der Schweiz,"""Gutzkow, Karl""",Abschied von der Schweiz,4.67
Gutzkow - Chamounix,"""Gutzkow, Karl""",Chamounix,6.45
Gutzkow - Chinesische Romanze,"""Gutzkow, Karl""",Chinesische Romanze,8.29
Gutzkow - Der Kranz,"""Gutzkow, Karl""",Der Kranz,4.75
Gutzkow - Des Mädchens Los,"""Gutzkow, Karl""",Des Mädchens Los,4.105
Gutzkow - Die Glocke,"""Gutzkow, Karl""",Die Glocke,7.2
Gutzkow - Die Hölle,"""Gutzkow, Karl""",Die Hölle,4.38
Gutzkow - Prolog zur Tragödie >Nero<,"""Gutzkow, Karl""",Prolog zur Tragödie >Nero<,8.47
Gutzkow - Trost am Egoismus der Welt,"""Gutzkow, Karl""",Trost am Egoismus der Welt,4.67
Gutzkow - Unser Tun und Lassen,"""Gutzkow, Karl""",Unser Tun und Lassen,4.49
Gutzkow - Zum neuen Jahr. 1841,"""Gutzkow, Karl""",Zum neuen Jahr. 1841,4.49
Haas - Eines Knaben letzte Nacht,"""Haas, Helmuth de""",Eines Knaben letzte Nacht,8.48
Habernig - Wo treibt mein Elend sich,"""Habernig, Christine""",Wo treibt mein Elend sich,4.65
Habetin - Antike Statue,"""Habetin, Rudolf""",Antike Statue,4.111
Habetin - Aufleuchtende Stadt,"""Habetin, Rudolf""",Aufleuchtende Stadt,4.67
Habetin - Berufung,"""Habetin, Rudolf""",Berufung,4.93
Habetin - Die Liebenden,"""Habetin, Rudolf""",Die Liebenden,5.4
Habetin - Erweckung,"""Habetin, Rudolf""",Erweckung,4.38
Habetin - Falter im Sommerwind,"""Habetin, Rudolf""",Falter im Sommerwind,4.21
Habetin - Frühling am Bach,"""Habetin, Rudolf""",Frühling am Bach,5.16
Habetin - Gang in den Morgen,"""Habetin, Rudolf""",Gang in den Morgen,4.106
Habetin - Gericht der Gefallenen,"""Habetin, Rudolf""",Gericht der Gefallenen,4.94
Habetin - Glückseligkeit der Kunst,"""Habetin, Rudolf""",Glückseligkeit der Kunst,4.111
Habetin - Goldener Herbst,"""Habetin, Rudolf""",Goldener Herbst,4.14
Habetin - Großstadt nach dem Kriege,"""Habetin, Rudolf""",Großstadt nach dem Kriege,4.11
Habetin - Ländliche Einkehr,"""Habetin, Rudolf""",Ländliche Einkehr,6.41
Habetin - Lockende Ferne,"""Habetin, Rudolf""",Lockende Ferne,4.67
Habetin - Sommerwolken,"""Habetin, Rudolf""",Sommerwolken,4.50
Habetin - Späte Begegnung,"""Habetin, Rudolf""",Späte Begegnung,4.106
Habetin - Stadt vorm nächtlichen,"""Habetin, Rudolf""",Stadt vorm nächtlichen,4.101
Habetin - Stirb und werde,"""Habetin, Rudolf""",Stirb und werde,4.11
Habetin - Über den Dächern,"""Habetin, Rudolf""",Über den Dächern,8.8
Habetin - Unmaßgeblicher Zeitgenosse,"""Habetin, Rudolf""",Unmaßgeblicher Zeitgenosse,4.65
Hagedorn - An Charin,"""Hagedorn, Friedrich von""",An Charin,8.34
Hagedorn - An den Schlaf,"""Hagedorn, Friedrich von""",An den Schlaf,7.5
Hagedorn - An die heutigen Encratiten,"""Hagedorn, Friedrich von""",An die heutigen Encratiten,8.37
Hagedorn - An eine Schläferin,"""Hagedorn, Friedrich von""",An eine Schläferin,4.64
Hagedorn - An einen Freund,"""Hagedorn, Friedrich von""",An einen Freund,4.64
Hagedorn - An Euphem,"""Hagedorn, Friedrich von""",An Euphem,8.34
"Hagedorn - Apollo, ein Hirt","""Hagedorn, Friedrich von""","Apollo, ein Hirt",8.37
Hagedorn - Daphnis,"""Hagedorn, Friedrich von""",Daphnis,8.37
Hagedorn - Das Gelübde,"""Hagedorn, Friedrich von""",Das Gelübde,4.117
Hagedorn - Das Gesellschaftliche,"""Hagedorn, Friedrich von""",Das Gesellschaftliche,4.78
Hagedorn - Das Hühnchen und der Diamant,"""Hagedorn, Friedrich von""",Das Hühnchen und der Diamant,"3.3,3.3aaa"
Hagedorn - Das Schäfchen und der Dornstrauch,"""Hagedorn, Friedrich von""",Das Schäfchen und der Dornstrauch,4.66
Hagedorn - Der Affe und der Delphin 2,"""Hagedorn, Friedrich von""",Der Affe und der Delphin 2,4.66
Hagedorn - Der Alte,"""Hagedorn, Friedrich von""",Der Alte,4.70
Hagedorn - Der Berg und der Poet,"""Hagedorn, Friedrich von""",Der Berg und der Poet,10.8
Hagedorn - Der erste Mai,"""Hagedorn, Friedrich von""",Der erste Mai,8.0
Hagedorn - Der Fresser,"""Hagedorn, Friedrich von""",Der Fresser,8.26
Hagedorn - Der Gelehrte,"""Hagedorn, Friedrich von""",Der Gelehrte,6.44
Hagedorn - Der Hase und viele Freunde,"""Hagedorn, Friedrich von""",Der Hase und viele Freunde,8.38
Hagedorn - Der Hirsch und der Weinstock,"""Hagedorn, Friedrich von""",Der Hirsch und der Weinstock,6.34
Hagedorn - Der Jüngling,"""Hagedorn, Friedrich von""",Der Jüngling,6.40
Hagedorn - Der Kuckuck,"""Hagedorn, Friedrich von""",Der Kuckuck,6.37
Hagedorn - Der Kuß,"""Hagedorn, Friedrich von""",Der Kuß,4.16
Hagedorn - Der Mai,"""Hagedorn, Friedrich von""",Der Mai,6.8
Hagedorn - Der ordentliche Hausstand,"""Hagedorn, Friedrich von""",Der ordentliche Hausstand,6.39
Hagedorn - Der Tag der Freude,"""Hagedorn, Friedrich von""",Der Tag der Freude,8.37
Hagedorn - Der verliebte Bauer,"""Hagedorn, Friedrich von""",Der verliebte Bauer,8.14
Hagedorn - Der Weise,"""Hagedorn, Friedrich von""",Der Weise,6.45
Hagedorn - Der Wolf und das Pferd,"""Hagedorn, Friedrich von""",Der Wolf und das Pferd,6.40
Hagedorn - Der Zorn eines Verliebten,"""Hagedorn, Friedrich von""",Der Zorn eines Verliebten,4.46
Hagedorn - Die Heldin,"""Hagedorn, Friedrich von""",Die Heldin,4.106
Hagedorn - Die Jugend,"""Hagedorn, Friedrich von""",Die Jugend,7.5
Hagedorn - Die Küsse,"""Hagedorn, Friedrich von""",Die Küsse,4.67
Hagedorn - Die Maske und das Gesicht,"""Hagedorn, Friedrich von""",Die Maske und das Gesicht,6.36
Hagedorn - Die Räuber und der Esel,"""Hagedorn, Friedrich von""",Die Räuber und der Esel,4.48
Hagedorn - Die Schönheit,"""Hagedorn, Friedrich von""",Die Schönheit,8.46
Hagedorn - Die sechste Ode des Horaz,"""Hagedorn, Friedrich von""",Die sechste Ode des Horaz,4.119
Hagedorn - Die Undankbarkeit des männlichen Geschlechts,"""Hagedorn, Friedrich von""",Die Undankbarkeit des männlichen Geschlechts,4.49
Hagedorn - Die Vergötterung,"""Hagedorn, Friedrich von""",Die Vergötterung,8.26
Hagedorn - Die Verleumdung,"""Hagedorn, Friedrich von""",Die Verleumdung,6.27
Hagedorn - Die Wunder der Liebe,"""Hagedorn, Friedrich von""",Die Wunder der Liebe,8.34
Hagedorn - Doris,"""Hagedorn, Friedrich von""",Doris,8.8
Hagedorn - Elpin,"""Hagedorn, Friedrich von""",Elpin,6.18
Hagedorn - Hoheit und Liebe,"""Hagedorn, Friedrich von""",Hoheit und Liebe,8.37
"Hagedorn - Johann, der Seifensieder","""Hagedorn, Friedrich von""","Johann, der Seifensieder",2.5
Hagedorn - Leichen-Carmen,"""Hagedorn, Friedrich von""",Leichen-Carmen,8.15
Hagedorn - Lob der Zigeuner,"""Hagedorn, Friedrich von""",Lob der Zigeuner,6.39
Hagedorn - Mezendore,"""Hagedorn, Friedrich von""",Mezendore,8.17
Hagedorn - Mirene,"""Hagedorn, Friedrich von""",Mirene,8.37
Hagedorn - Mops und Hektor,"""Hagedorn, Friedrich von""",Mops und Hektor,4.64
Hagedorn - Phryne,"""Hagedorn, Friedrich von""",Phryne,6.36
Hagedorn - Reue über eine nicht begangene Bosheit,"""Hagedorn, Friedrich von""",Reue über eine nicht begangene Bosheit,6.34
Hagedorn - Schriftmäßige Betrachtungen über einige Eigenschaften Gottes,"""Hagedorn, Friedrich von""",Schriftmäßige Betrachtungen über einige Eigenschaften Gottes,10.8
Hagedorn - Zemes und Zulima,"""Hagedorn, Friedrich von""",Zemes und Zulima,4.106
"Hagedorn, C. - De Windmöller","""Hagedorn, Christian""",De Windmöller,6.18
"Hagedorn, C. - Der Morgensonne","""Hagedorn, Christian""",Der Morgensonne,6.1
"Hagedorn, C. - Domals un nu","""Hagedorn, Christian""",Domals un nu,8.14
"Hagedorn, C. - Latern'nleed","""Hagedorn, Christian""",Latern'nleed,4.62
"Hagedorn, C. - Nawer Prahlhans","""Hagedorn, Christian""",Nawer Prahlhans,8.1
"Hagedorn, C. - Uenner de Tru'resch","""Hagedorn, Christian""",Uenner de Tru'resch,8.31
Hagelstange - Abschied,"""Hagelstange, Rudolf""",Abschied,4.64
Hagelstange - Der Strom der Zeit,"""Hagelstange, Rudolf""",Der Strom der Zeit,4.47
Hagelstange - Funeral Home,"""Hagelstange, Rudolf""",Funeral Home,4.35
Hagelstange - Kehrreim der Liebe,"""Hagelstange, Rudolf""",Kehrreim der Liebe,8.42
Hagelstange - Mittag des Lebens,"""Hagelstange, Rudolf""",Mittag des Lebens,8.48
"Hagelstange - Stunde, die ruht","""Hagelstange, Rudolf""","Stunde, die ruht",4.14
"Hagen, G. - Es macht, mein Gott, der Engel Schutz","""Hagen, Gottlieb von""","Es macht, mein Gott, der Engel Schutz",4.60
"Hagen, P. - Mein Leben sich hie endet","""Hagen, Peter""",Mein Leben sich hie endet,6.9
"Hagen, P. - Wach auf, du werte Christenheit","""Hagen, Peter""","Wach auf, du werte Christenheit",5.4
Hahn - Sehnsucht,"""Hahn, Johann Friedrich""",Sehnsucht,4.111
Hahn-Hahn - In unruhiger Erwartung,"""Hahn-Hahn, Ida von""",In unruhiger Erwartung,4.106
"Hailmann - Lobt Gott, ihr frommen Christen, / freut euch und jubiliert","""Hailmann, Ludwig""","Lobt Gott, ihr frommen Christen, / freut euch und jubiliert",8.7
Halbmeyer - In diesen letzten Tagen,"""Halbmeyer, Johann""",In diesen letzten Tagen,7.3
"Halem - Der Mensch, der Wolf und der","""Halem, Gerhard Anton von""","Der Mensch, der Wolf und der",4.64
"Halem - Freude, Himmelstochter, senke / Dich herab mit leisem Tritt","""Halem, Gerhard Anton von""","Freude, Himmelstochter, senke / Dich herab mit leisem Tritt",8.26
"Haller - An Herrn D. Geßner (Mein Geßner, die Natur erwacht)","""Haller, Albrecht von""","An Herrn D. Geßner (Mein Geßner, die Natur erwacht)",6.34
Haller - Die Alpen,"""Haller, Albrecht von""",Die Alpen,10.0
Haller - Doris,"""Haller, Albrecht von""",Doris,6.40
Haller - Sehnsucht nach dem Vaterlande,"""Haller, Albrecht von""",Sehnsucht nach dem Vaterlande,8.46
Haller - Trauer-Ode beim Absterben seiner geliebtesten Mariane,"""Haller, Albrecht von""",Trauer-Ode beim Absterben seiner geliebtesten Mariane,8.37
Haller - Über das Einweihungsfest der Göttingischen hohen Schule,"""Haller, Albrecht von""",Über das Einweihungsfest der Göttingischen hohen Schule,10.9
Haller - Über den Tod seiner zweiten Gemahlin Elisabeth Bucher,"""Haller, Albrecht von""",Über den Tod seiner zweiten Gemahlin Elisabeth Bucher,8.46
Haller - Über die Ehre,"""Haller, Albrecht von""",Über die Ehre,6.40
Haller - Über eine Hochzeit,"""Haller, Albrecht von""",Über eine Hochzeit,10.9
Haller - Zueignungsschrift an Herrn Isaac Steiger,"""Haller, Albrecht von""",Zueignungsschrift an Herrn Isaac Steiger,4.65
Hamel - Fröhlich laßt uns erheben,"""Hamel, Adam""",Fröhlich laßt uns erheben,4.23
"Hancke - Auf, auf, zum fröhlichen Jagen","""Hancke, Gottfried Benjamin""","Auf, auf, zum fröhlichen Jagen",8.7
Harring - Dreiunddreißig,"""Harring, Harro""",Dreiunddreißig,4.49
"Harsdörffer - Ach milder Gott, begnade mich","""Harsdörffer, Georg Philipp""","Ach milder Gott, begnade mich",8.18
Harsdörffer - Das walte Gott,"""Harsdörffer, Georg Philipp""",Das walte Gott,4.107
Harsdörffer - Der frohe Frühling kommet an,"""Harsdörffer, Georg Philipp""",Der frohe Frühling kommet an,8.15
Harsdörffer - Der sich auf seine Schwachheit steurt,"""Harsdörffer, Georg Philipp""",Der sich auf seine Schwachheit steurt,10.2
Harsdörffer - Der Sommer,"""Harsdörffer, Georg Philipp""",Der Sommer,6.38
Harsdörffer - Der Tag ist nun vergangen,"""Harsdörffer, Georg Philipp""",Der Tag ist nun vergangen,8.7
Harsdörffer - Der Wald,"""Harsdörffer, Georg Philipp""",Der Wald,6.38
Harsdörffer - Der Winter,"""Harsdörffer, Georg Philipp""",Der Winter,5.6
Harsdörffer - Des Höchsten Güt und Treu,"""Harsdörffer, Georg Philipp""",Des Höchsten Güt und Treu,6.5
"Harsdörffer - Eröffne dich, o schwacher Mund","""Harsdörffer, Georg Philipp""","Eröffne dich, o schwacher Mund",7.7
Harsdörffer - Gleichwie anfangs im Paradeis,"""Harsdörffer, Georg Philipp""",Gleichwie anfangs im Paradeis,6.19
"Harsdörffer - Herr Jesu Christ, du Gott der Ruh","""Harsdörffer, Georg Philipp""","Herr Jesu Christ, du Gott der Ruh",10.3
Harsdörffer - Himmlisches Freudenlied,"""Harsdörffer, Georg Philipp""",Himmlisches Freudenlied,9.3
"Harsdörffer - Jesu, Quell verlangter Freuden","""Harsdörffer, Georg Philipp""","Jesu, Quell verlangter Freuden",10.5
"Harsdörffer - Lieblicher Jesu, herzliche Wonn","""Harsdörffer, Georg Philipp""","Lieblicher Jesu, herzliche Wonn",7.8
"Harsdörffer - Mein Gott und Herr, ich traue dir","""Harsdörffer, Georg Philipp""","Mein Gott und Herr, ich traue dir",5.6
"Harsdörffer - Mein Gott, der Sonntag ist vollbracht","""Harsdörffer, Georg Philipp""","Mein Gott, der Sonntag ist vollbracht",9.2
Harsdörffer - Nun ich komm zu dir gegangen,"""Harsdörffer, Georg Philipp""",Nun ich komm zu dir gegangen,6.29
Harsdörffer - Nun meine Seel erhebet,"""Harsdörffer, Georg Philipp""",Nun meine Seel erhebet,8.6
Harsdörffer - Wer seine Schwachheit liebet,"""Harsdörffer, Georg Philipp""",Wer seine Schwachheit liebet,12.2
Harsdörffer - Wie lebt doch der bei,"""Harsdörffer, Georg Philipp""",Wie lebt doch der bei,4.107
"Harsdörffer - Wohl, meine Seel, in aller Not","""Harsdörffer, Georg Philipp""","Wohl, meine Seel, in aller Not",6.16
"Harsdörffer - Wohlauf, du großes Himmelsvolk","""Harsdörffer, Georg Philipp""","Wohlauf, du großes Himmelsvolk",12.3
"Hart, H. - Abendlied zur Geliebten","""Hart, Heinrich""",Abendlied zur Geliebten,6.11
"Hart, H. - An das zwanzigste Jahrhundert","""Hart, Heinrich""",An das zwanzigste Jahrhundert,6.30
"Hart, H. - Die Lippen glühen","""Hart, Heinrich""",Die Lippen glühen,4.4
"Hart, H. - Die Zeit und du","""Hart, Heinrich""",Die Zeit und du,8.42
"Hart, H. - Erschauern","""Hart, Heinrich""",Erschauern,4.46
"Hart, H. - Gott, was du bist","""Hart, Heinrich""","Gott, was du bist",2.9
"Hart, H. - Meine Schillerfeier","""Hart, Heinrich""",Meine Schillerfeier,8.47
"Hart, H. - Mit dem Ringe","""Hart, Heinrich""",Mit dem Ringe,4.59
"Hart, H. - Reigenlied","""Hart, Heinrich""",Reigenlied,8.30
"Hart, H. - Sonnenstäubchen","""Hart, Heinrich""",Sonnenstäubchen,4.89
"Hart, H. - Wirken der Liebe","""Hart, Heinrich""",Wirken der Liebe,4.34
"Hart, J. - Hört ihr es nicht","""Hart, Julius""",Hört ihr es nicht,2.9
Hartleben - Auf Reisen,"""Hartleben, Otto Erich""",Auf Reisen,8.37
Hartleben - Campagna,"""Hartleben, Otto Erich""",Campagna,4.97
Hartleben - Der Magdalenenstein,"""Hartleben, Otto Erich""",Der Magdalenenstein,4.59
Hartleben - Die Brüder,"""Hartleben, Otto Erich""",Die Brüder,4.41
Hartleben - Die Fremde,"""Hartleben, Otto Erich""",Die Fremde,2.9
Hartleben - Frauenliebe,"""Hartleben, Otto Erich""",Frauenliebe,4.46
Hartleben - Olmütz 1942-1945,"""Hartleben, Otto Erich""",Olmütz 1942-1945,5.2
Hartleben - Wohin du horchst,"""Hartleben, Otto Erich""",Wohin du horchst,4.80
"Hartmann, J. - In Gottes Namen scheiden wir","""Hartmann, Johannes""",In Gottes Namen scheiden wir,4.57
"Hartmann, T. - Ach Herr Jesu, du treuer Hort","""Hartmann, Thomas""","Ach Herr Jesu, du treuer Hort",8.30
Hartung - Rheinwärts,"""Hartung, Rudolf""",Rheinwärts,4.20
Hartung - Trunkenheit im Dienst,"""Hartung, Rudolf""",Trunkenheit im Dienst,4.37
Haschka - Gott erhalte Franz den Kaiser,"""Haschka, Lorenz Leopold""",Gott erhalte Franz den Kaiser,8.26
Hasenclever - Der politische Dichter,"""Hasenclever, Walter""",Der politische Dichter,4.109
Hasenclever - Die Beiden,"""Hasenclever, Walter""",Die Beiden,4.67
Hauff - An Emilie,"""Hauff, Wilhelm""",An Emilie,8.34
Hauff - Das Burschentum,"""Hauff, Wilhelm""",Das Burschentum,6.30
Hauff - Grabgesang,"""Hauff, Wilhelm""",Grabgesang,6.27
Hauff - Hans Huttens Ende,"""Hauff, Wilhelm""",Hans Huttens Ende,4.62
Hauff - Steh ich in finstrer Mitternacht,"""Hauff, Wilhelm""",Steh ich in finstrer Mitternacht,4.58
Hauff - Stille Liebe,"""Hauff, Wilhelm""",Stille Liebe,8.46
Hauff - Trost,"""Hauff, Wilhelm""",Trost,6.37
Haugwitz - Es dreht sich in ewigen,"""Haugwitz, Otto von""",Es dreht sich in ewigen,4.62
Hauptmann - Der Tod des Gracchus,"""Hauptmann, Gerhart""",Der Tod des Gracchus,8.17
Hauptmann - Die blaue Blume,"""Hauptmann, Gerhart""",Die blaue Blume,8.47
Hauptmann - Falter im Schnee,"""Hauptmann, Gerhart""",Falter im Schnee,4.110
Hauptmann - Im Nachtzug,"""Hauptmann, Gerhart""",Im Nachtzug,10.0
Hauptmann - Mondscheinlerche,"""Hauptmann, Gerhart""",Mondscheinlerche,4.31
Hauptmann - Verhör ich Hauch und Klang,"""Hauptmann, Gerhart""",Verhör ich Hauch und Klang,4.100
Hauser - Der Leierkasten bringt was,"""Hauser, Frank""",Der Leierkasten bringt was,4.16
Hauser - Diebstahl lohnend,"""Hauser, Frank""",Diebstahl lohnend,4.11
Hauser - Gefährliches Unternehmen,"""Hauser, Frank""",Gefährliches Unternehmen,3.2
Hausmann - Auf der Insel,"""Hausmann, Manfred""",Auf der Insel,6.46
Hausmann - Berührung,"""Hausmann, Manfred""",Berührung,2.9
Hausmann - Birke im Nebel,"""Hausmann, Manfred""",Birke im Nebel,4.106
Hausmann - Das Vergebliche,"""Hausmann, Manfred""",Das Vergebliche,5.15
Hausmann - Ein harfenspielender König,"""Hausmann, Manfred""",Ein harfenspielender König,4.74
Hausmann - Geheimnis,"""Hausmann, Manfred""",Geheimnis,4.67
Hausmann - Gesang der kleinen,"""Hausmann, Manfred""",Gesang der kleinen,2.9
Hausmann - Kinder mit Papierlaternen,"""Hausmann, Manfred""",Kinder mit Papierlaternen,5.16
Hausmann - Kore von der Akropolis,"""Hausmann, Manfred""",Kore von der Akropolis,4.93
Hausmann - Liebeslied im Dezember,"""Hausmann, Manfred""",Liebeslied im Dezember,4.20
Hausmann - Mittag,"""Hausmann, Manfred""",Mittag,4.78
Hausmann - Oktoberlied,"""Hausmann, Manfred""",Oktoberlied,4.20
Hausmann - Santissima,"""Hausmann, Manfred""",Santissima,4.105
Hausmann - Sommermorgen,"""Hausmann, Manfred""",Sommermorgen,4.86
Hausmann - Traumboot,"""Hausmann, Manfred""",Traumboot,5.14
Hausmann - Verschneite Saat,"""Hausmann, Manfred""",Verschneite Saat,4.49
Hausmann - Verzweifelt und getrost,"""Hausmann, Manfred""",Verzweifelt und getrost,4.106
Hausmann - Vor dem Gewitter,"""Hausmann, Manfred""",Vor dem Gewitter,4.78
Hausmann - Vorgefühl,"""Hausmann, Manfred""",Vorgefühl,4.40
Hausmann - Wisse aber,"""Hausmann, Manfred""",Wisse aber,4.48
Hebbel - An den Tod,"""Hebbel, Friedrich""",An den Tod,4.12
Hebbel - An des Kaisers von Österreich Majestät. Bei Gelegenheit des Attentats,"""Hebbel, Friedrich""",An des Kaisers von Österreich Majestät. Bei Gelegenheit des Attentats,8.47
Hebbel - An die Jünglinge,"""Hebbel, Friedrich""",An die Jünglinge,8.20
Hebbel - An einen Freund,"""Hebbel, Friedrich""",An einen Freund,4.49
Hebbel - An Freund La Roche,"""Hebbel, Friedrich""",An Freund La Roche,4.67
"Hebbel - An Seine Majestät, König Wilhelm I. von Preußen","""Hebbel, Friedrich""","An Seine Majestät, König Wilhelm I. von Preußen",8.37
Hebbel - Auf dem Meer,"""Hebbel, Friedrich""",Auf dem Meer,4.106
Hebbel - Auf ein altes Mädchen,"""Hebbel, Friedrich""",Auf ein altes Mädchen,8.31
Hebbel - Auf ein schlummerndes Kind,"""Hebbel, Friedrich""",Auf ein schlummerndes Kind,6.40
Hebbel - Blume und Duft,"""Hebbel, Friedrich""",Blume und Duft,4.26
Hebbel - Böser Ort,"""Hebbel, Friedrich""",Böser Ort,4.20
Hebbel - Dämmer-Empfindung,"""Hebbel, Friedrich""",Dämmer-Empfindung,4.27
Hebbel - Das Abendmahl,"""Hebbel, Friedrich""",Das Abendmahl,4.86
Hebbel - Das alte Haus,"""Hebbel, Friedrich""",Das alte Haus,7.7
Hebbel - Das Haus am Meer,"""Hebbel, Friedrich""",Das Haus am Meer,5.2
Hebbel - Das Kind,"""Hebbel, Friedrich""",Das Kind,4.34
Hebbel - Das Kind am Brunnen,"""Hebbel, Friedrich""",Das Kind am Brunnen,4.36
Hebbel - Dem Schmerz sein Recht 6,"""Hebbel, Friedrich""",Dem Schmerz sein Recht 6,4.67
Hebbel - Der Heideknabe,"""Hebbel, Friedrich""",Der Heideknabe,4.39
Hebbel - Der junge Schiffer,"""Hebbel, Friedrich""",Der junge Schiffer,"5.2,5.2x"
Hebbel - Der letzte Baum,"""Hebbel, Friedrich""",Der letzte Baum,4.34
Hebbel - Der Ring,"""Hebbel, Friedrich""",Der Ring,4.39
Hebbel - Der Tod kennt den Weg,"""Hebbel, Friedrich""",Der Tod kennt den Weg,8.26
Hebbel - Der Zauberhain,"""Hebbel, Friedrich""",Der Zauberhain,4.54
Hebbel - Die Erde und der Mensch,"""Hebbel, Friedrich""",Die Erde und der Mensch,8.48
Hebbel - Die heilige Drei,"""Hebbel, Friedrich""",Die heilige Drei,8.7
Hebbel - Die Odaliske,"""Hebbel, Friedrich""",Die Odaliske,4.59
Hebbel - Diokletian,"""Hebbel, Friedrich""",Diokletian,6.42
Hebbel - Drei Schwestern,"""Hebbel, Friedrich""",Drei Schwestern,6.42
Hebbel - Ein Dithmarsischer Bauer,"""Hebbel, Friedrich""",Ein Dithmarsischer Bauer,8.7
Hebbel - Ein Reiseabenteuer in,"""Hebbel, Friedrich""",Ein Reiseabenteuer in,4.36
Hebbel - Ein Spaziergang in Paris,"""Hebbel, Friedrich""",Ein Spaziergang in Paris,6.42
Hebbel - Einziges Geschiedensein,"""Hebbel, Friedrich""",Einziges Geschiedensein,4.12
Hebbel - Elegie,"""Hebbel, Friedrich""",Elegie,4.86
Hebbel - Erleuchtung,"""Hebbel, Friedrich""",Erleuchtung,4.67
Hebbel - Frühlingslied,"""Hebbel, Friedrich""",Frühlingslied,5.2
"Hebbel - Herbstbild (Dies ist ein Herbsttag, wie ...)","""Hebbel, Friedrich""","Herbstbild (Dies ist ein Herbsttag, wie ...)","4.100,4.100a"
Hebbel - Höchstes Gebot,"""Hebbel, Friedrich""",Höchstes Gebot,4.65
Hebbel - Knabentod,"""Hebbel, Friedrich""",Knabentod,6.2
Hebbel - Liebeszauber,"""Hebbel, Friedrich""",Liebeszauber,4.98
Hebbel - Lied,"""Hebbel, Friedrich""",Lied,4.49
Hebbel - Meisenglück,"""Hebbel, Friedrich""",Meisenglück,4.31
Hebbel - Melancholie einer Stunde,"""Hebbel, Friedrich""",Melancholie einer Stunde,4.87
Hebbel - Morgen und Abend,"""Hebbel, Friedrich""",Morgen und Abend,8.15
Hebbel - Nachtgefühl,"""Hebbel, Friedrich""",Nachtgefühl,4.21
Hebbel - Nachtlied,"""Hebbel, Friedrich""",Nachtlied,4.12
Hebbel - Nachts,"""Hebbel, Friedrich""",Nachts,7.7
Hebbel - Schlachtlied,"""Hebbel, Friedrich""",Schlachtlied,8.14
Hebbel - Sommerbild,"""Hebbel, Friedrich""",Sommerbild,4.100
Hebbel - Spaziergang am Herbstabend,"""Hebbel, Friedrich""",Spaziergang am Herbstabend,4.53
Hebbel - Stanzen auf ein sizilianisches Schwesternpaar,"""Hebbel, Friedrich""",Stanzen auf ein sizilianisches Schwesternpaar,8.48
Hebbel - Sturmabend,"""Hebbel, Friedrich""",Sturmabend,8.13
Hebbel - Süße Täuschung,"""Hebbel, Friedrich""",Süße Täuschung,8.34
Hebbel - Tändelei,"""Hebbel, Friedrich""",Tändelei,4.34
Hebbel - Unergründlicher Schmerz,"""Hebbel, Friedrich""",Unergründlicher Schmerz,4.12
Hebbel - Vater und Sohn,"""Hebbel, Friedrich""",Vater und Sohn,4.34
Hebbel - Vaterunser,"""Hebbel, Friedrich""",Vaterunser,4.49
Hebbel - Winterreise,"""Hebbel, Friedrich""",Winterreise,4.17
Hebbel - Zu Pferd! zu Pferd!,"""Hebbel, Friedrich""",Zu Pferd! zu Pferd!,5.4
"Hebbel - Zürnt, Edle, nicht","""Hebbel, Friedrich""","Zürnt, Edle, nicht",4.78
Hebbel - Zwei Wanderer,"""Hebbel, Friedrich""",Zwei Wanderer,5.2
Hebeisen - Heldenlied von D. Martin Luther,"""Hebeisen, Valentin""",Heldenlied von D. Martin Luther,13.2
"Heermann - Ach Jesu, dessen Treu","""Heermann, Johann""","Ach Jesu, dessen Treu",4.120
"Heermann - Ach traure nicht, du frommer Christ","""Heermann, Johann""","Ach traure nicht, du frommer Christ",6.16
"Heermann - Als Christ, der Herr, zu Bethlehem","""Heermann, Johann""","Als Christ, der Herr, zu Bethlehem",10.3
Heermann - Den Herren meine Seel erhebt,"""Heermann, Johann""",Den Herren meine Seel erhebt,6.19
Heermann - Du weinest für Jerusalem,"""Heermann, Johann""",Du weinest für Jerusalem,9.3
Heermann - Ein armes Weib ruft mit Begier,"""Heermann, Johann""",Ein armes Weib ruft mit Begier,10.2
Heermann - Es nahet sich zum Ende,"""Heermann, Johann""",Es nahet sich zum Ende,6.9
"Heermann - Gott lob, die Stund ist kommen","""Heermann, Johann""","Gott lob, die Stund ist kommen",6.9
"Heermann - Herr, unser Gott, laß nicht","""Heermann, Johann""","Herr, unser Gott, laß nicht",4.83
"Heermann - Herzliebster Jesu, was hast","""Heermann, Johann""","Herzliebster Jesu, was hast",4.83
Heermann - Ich armer Sünder komm zu dir,"""Heermann, Johann""",Ich armer Sünder komm zu dir,10.2
"Heermann - Ich glaub, o Gott, von Herzengrund","""Heermann, Johann""","Ich glaub, o Gott, von Herzengrund",11.1
Heermann - Ich preise dich,"""Heermann, Johann""",Ich preise dich,12.1
Heermann - Kein größer Trost kann sein in Schmerz,"""Heermann, Johann""",Kein größer Trost kann sein in Schmerz,4.58
"Heermann - O Gott, du frommer Gott","""Heermann, Johann""","O Gott, du frommer Gott",8.4
"Heermann - O Jesu Christe, wahres Licht","""Heermann, Johann""","O Jesu Christe, wahres Licht",4.58
"Heermann - O Mensch, merk auf, was ich dir sag","""Heermann, Johann""","O Mensch, merk auf, was ich dir sag",5.6
"Heermann - So wahr ich lebe, spricht dein Gott","""Heermann, Johann""","So wahr ich lebe, spricht dein Gott",6.33
Heermann - Treuer Wächter Israel,"""Heermann, Johann""",Treuer Wächter Israel,7.8
"Heermann - Wach auf, o Mensch, o Mensch","""Heermann, Johann""","Wach auf, o Mensch, o Mensch",8.31
Heermann - Wo soll ich fliehen hin,"""Heermann, Johann""",Wo soll ich fliehen hin,6.5
Heermann - Zion klagt mit Angst und Schmerzen,"""Heermann, Johann""",Zion klagt mit Angst und Schmerzen,8.25
"Hegenwalt - Erbarm dich mein, o Herre","""Hegenwalt, Erhart""","Erbarm dich mein, o Herre",8.31
Heine - Ach wenn ich nur der Schemel,"""Heine, Heinrich""",Ach wenn ich nur der Schemel,4.59
"Heine - Ach, die Augen sind es wieder","""Heine, Heinrich""","Ach, die Augen sind es wieder",4.54
Heine - Adam der Erste,"""Heine, Heinrich""",Adam der Erste,4.36
Heine - Ali Bey,"""Heine, Heinrich""",Ali Bey,4.56
Heine - Allnächtlich im Traume seh,"""Heine, Heinrich""",Allnächtlich im Traume seh,4.36
Heine - Almansor,"""Heine, Heinrich""",Almansor,4.54
Heine - Am leuchtenden Sommermorgen,"""Heine, Heinrich""",Am leuchtenden Sommermorgen,4.21
Heine - An die Jungen,"""Heine, Heinrich""",An die Jungen,4.68
Heine - An einen politischen Dichter,"""Heine, Heinrich""",An einen politischen Dichter,4.36
Heine - Atta Troll,"""Heine, Heinrich""",Atta Troll,4.56
Heine - Auf den Wällen Salamancas,"""Heine, Heinrich""",Auf den Wällen Salamancas,4.54
Heine - Auf Flügeln des Gesanges,"""Heine, Heinrich""",Auf Flügeln des Gesanges,4.20
Heine - Auf ihrem Grab da steht eine Linde,"""Heine, Heinrich""",Auf ihrem Grab da steht eine Linde,4.69
Heine - Aus alten Märchen winkt es,"""Heine, Heinrich""",Aus alten Märchen winkt es,4.20
Heine - Belsazar,"""Heine, Heinrich""",Belsazar,2.5
Heine - Bertrand de Born,"""Heine, Heinrich""",Bertrand de Born,4.67
Heine - Bin ich bei dir,"""Heine, Heinrich""",Bin ich bei dir,4.47
Heine - Böses Geträume,"""Heine, Heinrich""",Böses Geträume,4.106
Heine - Das Fräulein stand am Meere,"""Heine, Heinrich""",Das Fräulein stand am Meere,4.20
Heine - Das Herz ist mir bedrückt,"""Heine, Heinrich""",Das Herz ist mir bedrückt,4.67
Heine - Das Liedchen von der Reue,"""Heine, Heinrich""",Das Liedchen von der Reue,4.36
"Heine - Daß du mich liebst, das wußt","""Heine, Heinrich""","Daß du mich liebst, das wußt",4.20
Heine - Der Abgekühlte,"""Heine, Heinrich""",Der Abgekühlte,4.63
Heine - Der Asra,"""Heine, Heinrich""",Der Asra,4.56
Heine - Der Mohrenkönig,"""Heine, Heinrich""",Der Mohrenkönig,4.56
Heine - Der Tambourmajor,"""Heine, Heinrich""",Der Tambourmajor,4.36
Heine - Der Tannhäuser,"""Heine, Heinrich""",Der Tannhäuser,4.36
Heine - Deutschland. 1815,"""Heine, Heinrich""",Deutschland. 1815,4.49
Heine - Deutschland. Ein Wintermärchen,"""Heine, Heinrich""",Deutschland. Ein Wintermärchen,4.36
Heine - Die alten bösen Lieder,"""Heine, Heinrich""",Die alten bösen Lieder,4.20
Heine - Die Botschaft,"""Heine, Heinrich""",Die Botschaft,4.34
Heine - Die Fensterschau,"""Heine, Heinrich""",Die Fensterschau,4.36
Heine - Die Grenadiere,"""Heine, Heinrich""",Die Grenadiere,4.37
Heine - Die heilgen drei Könige aus Morgenland ...,"""Heine, Heinrich""",Die heilgen drei Könige aus Morgenland ...,"4.37,4.37x_ff=4.36x_ff"
Heine - Die Heimkehr,"""Heine, Heinrich""",Die Heimkehr,4.20
Heine - Die Lotosblume ängstigt,"""Heine, Heinrich""",Die Lotosblume ängstigt,4.20
Heine - Die Unbekannte,"""Heine, Heinrich""",Die Unbekannte,4.56
Heine - Die Wallfahrt nach Kevlaar,"""Heine, Heinrich""",Die Wallfahrt nach Kevlaar,4.20
"Heine - Die Welt ist dumm, die Welt","""Heine, Heinrich""","Die Welt ist dumm, die Welt",4.36
Heine - Diese schönen Gliedermassen,"""Heine, Heinrich""",Diese schönen Gliedermassen,4.48
Heine - Diesem liebenswürdgen,"""Heine, Heinrich""",Diesem liebenswürdgen,4.54
Heine - Disputation,"""Heine, Heinrich""",Disputation,4.54
Heine - Donna Clara,"""Heine, Heinrich""",Donna Clara,4.54
Heine - DonRamiro,"""Heine, Heinrich""",DonRamiro,4.54
Heine - Du bist wie eine Blume,"""Heine, Heinrich""",Du bist wie eine Blume,4.20
Heine - Du schönes Fischermädchen,"""Heine, Heinrich""",Du schönes Fischermädchen,4.20
Heine - Ein Fichtenbaum steht einsam,"""Heine, Heinrich""",Ein Fichtenbaum steht einsam,4.20
Heine - Ein Jüngling liebt ein,"""Heine, Heinrich""",Ein Jüngling liebt ein,4.21
Heine - Erleuchtung,"""Heine, Heinrich""",Erleuchtung,4.49
Heine - Es hat die warme,"""Heine, Heinrich""",Es hat die warme,4.36
Heine - Es kommt der Tod,"""Heine, Heinrich""",Es kommt der Tod,4.66
"Heine - Es kommt zu spät, was du mir","""Heine, Heinrich""","Es kommt zu spät, was du mir",4.67
Heine - Es war ein alter König,"""Heine, Heinrich""",Es war ein alter König,4.26
Heine - Es ziehen die brausenden,"""Heine, Heinrich""",Es ziehen die brausenden,4.9
Heine - Fortuna,"""Heine, Heinrich""",Fortuna,4.45
Heine - Frau Mette,"""Heine, Heinrich""",Frau Mette,4.36
Heine - Geoffroy Rudel und Melisande,"""Heine, Heinrich""",Geoffroy Rudel und Melisande,4.54
Heine - Georg Herwegh,"""Heine, Heinrich""",Georg Herwegh,4.64
Heine - Gesanglos war ich und,"""Heine, Heinrich""",Gesanglos war ich und,4.72
Heine - Habe mich mit Liebesreden,"""Heine, Heinrich""",Habe mich mit Liebesreden,4.49
Heine - Heinrich,"""Heine, Heinrich""",Heinrich,4.54
"Heine - Herz, mein Herz","""Heine, Heinrich""","Herz, mein Herz",4.48
Heine - Ich grolle nicht,"""Heine, Heinrich""",Ich grolle nicht,4.99
Heine - Ich hab im Traum geweinet,"""Heine, Heinrich""",Ich hab im Traum geweinet,4.20
"Heine - Ich weiß nicht, was soll es bedeuten","""Heine, Heinrich""","Ich weiß nicht, was soll es bedeuten",4.21
Heine - In meinen Tagesträumen,"""Heine, Heinrich""",In meinen Tagesträumen,4.24
Heine - In meiner Erinnrung erblühen,"""Heine, Heinrich""",In meiner Erinnrung erblühen,4.24
Heine - Jehuda ben Halevy,"""Heine, Heinrich""",Jehuda ben Halevy,4.56
Heine - Jetzt kannst du mit vollem Recht,"""Heine, Heinrich""",Jetzt kannst du mit vollem Recht,4.46
Heine - Jetzt wohin,"""Heine, Heinrich""",Jetzt wohin,4.46
Heine - Kirchenrat Prometheus,"""Heine, Heinrich""",Kirchenrat Prometheus,4.54
Heine - König Harald Harfagar,"""Heine, Heinrich""",König Harald Harfagar,4.36
Heine - Lehn deine Wang an,"""Heine, Heinrich""",Lehn deine Wang an,4.36
Heine - Leise zieht durch mein Gemüt,"""Heine, Heinrich""",Leise zieht durch mein Gemüt,4.31
"Heine - Lieb Liebchen, legs Händchen aufs Herze mein","""Heine, Heinrich""","Lieb Liebchen, legs Händchen aufs Herze mein",4.62
Heine - Mädchen mit dem roten,"""Heine, Heinrich""",Mädchen mit dem roten,4.49
Heine - Manchmal wenn ich bei,"""Heine, Heinrich""",Manchmal wenn ich bei,4.46
Heine - Meeresstille,"""Heine, Heinrich""",Meeresstille,4.56
"Heine - Mein süßes Lieb, wenn","""Heine, Heinrich""","Mein süßes Lieb, wenn",4.36
Heine - Minnegruß,"""Heine, Heinrich""",Minnegruß,4.42
Heine - Mit deinen blauen Augen,"""Heine, Heinrich""",Mit deinen blauen Augen,4.20
Heine - Mondscheintrunkne Lindenblüten,"""Heine, Heinrich""",Mondscheintrunkne Lindenblüten,4.54
Heine - Morgen steh ich auf und frage,"""Heine, Heinrich""",Morgen steh ich auf und frage,"4.32,4.32a"
Heine - Nachtgedanken,"""Heine, Heinrich""",Nachtgedanken,4.63
Heine - Nächtliche Fahrt,"""Heine, Heinrich""",Nächtliche Fahrt,4.34
Heine - O schwöre nicht und küsse nur,"""Heine, Heinrich""",O schwöre nicht und küsse nur,6.33
Heine - Rhampsenit,"""Heine, Heinrich""",Rhampsenit,4.54
Heine - Ritter Olaf 1,"""Heine, Heinrich""",Ritter Olaf 1,4.56
Heine - Schon wieder bin ich fortgerisssen,"""Heine, Heinrich""",Schon wieder bin ich fortgerisssen,4.72
Heine - Schöne Wiege meiner Leiden,"""Heine, Heinrich""",Schöne Wiege meiner Leiden,4.49
"Heine - Sei mir gegrüßt, du große","""Heine, Heinrich""","Sei mir gegrüßt, du große",4.20
Heine - Sie floh vor mir wie 'n Reh,"""Heine, Heinrich""",Sie floh vor mir wie 'n Reh,4.36
Heine - Sie saßen und tranken am Teetisch,"""Heine, Heinrich""",Sie saßen und tranken am Teetisch,4.21
Heine - So hast du ganz und gar vergessen,"""Heine, Heinrich""",So hast du ganz und gar vergessen,4.69
Heine - Spanische Atriden,"""Heine, Heinrich""",Spanische Atriden,4.56
Heine - Sterbende,"""Heine, Heinrich""",Sterbende,4.45
"Heine - Stunden, Tage, Ewigkeiten","""Heine, Heinrich""","Stunden, Tage, Ewigkeiten",4.53
Heine - Teurer Freund! Was soll es,"""Heine, Heinrich""",Teurer Freund! Was soll es,4.54
Heine - Traumbilder 1 (Mir träumte einst von wildem Liebesglühen),"""Heine, Heinrich""",Traumbilder 1 (Mir träumte einst von wildem Liebesglühen),4.104
Heine - Unterm weißen Baume sitzend,"""Heine, Heinrich""",Unterm weißen Baume sitzend,4.54
Heine - Unvollkommenheit,"""Heine, Heinrich""",Unvollkommenheit,4.102
Heine - Verdroßnen Sinn im kalten,"""Heine, Heinrich""",Verdroßnen Sinn im kalten,4.105
Heine - Vermächtnis,"""Heine, Heinrich""",Vermächtnis,4.53
Heine - Viel arme Herbste sah ich,"""Heine, Heinrich""",Viel arme Herbste sah ich,4.104
Heine - Vitzliputzli,"""Heine, Heinrich""",Vitzliputzli,4.56
Heine - Waldeinsamkeit,"""Heine, Heinrich""",Waldeinsamkeit,4.69
Heine - Walküren,"""Heine, Heinrich""",Walküren,4.51
Heine - Wartet nur,"""Heine, Heinrich""",Wartet nur,4.67
Heine - Warum ich eigentlich erschuf,"""Heine, Heinrich""",Warum ich eigentlich erschuf,4.65
Heine - Warum sind denn die Rosen,"""Heine, Heinrich""",Warum sind denn die Rosen,4.34
"Heine - Weil ich dich liebe, muß ich","""Heine, Heinrich""","Weil ich dich liebe, muß ich",4.67
Heine - Wie der Mond sich leuchtend,"""Heine, Heinrich""",Wie der Mond sich leuchtend,4.49
Heine - Wie des Mondes Abbild zittert,"""Heine, Heinrich""",Wie des Mondes Abbild zittert,4.54
Heine - Wie kannst du ruhig schlafen,"""Heine, Heinrich""",Wie kannst du ruhig schlafen,4.20
"Heine - Wie Merlin, der eitle Weise","""Heine, Heinrich""","Wie Merlin, der eitle Weise",4.48
Heine - Wie rasch du auch,"""Heine, Heinrich""",Wie rasch du auch,4.67
Heine - Wieder ist das Herz,"""Heine, Heinrich""",Wieder ist das Herz,4.54
Heine - Wir standen an der,"""Heine, Heinrich""",Wir standen an der,4.36
Heine - Wünnebergiade,"""Heine, Heinrich""",Wünnebergiade,4.56
Heine - Zum Lazarus 3,"""Heine, Heinrich""",Zum Lazarus 3,4.64
Heine - Zum Lazarus 6,"""Heine, Heinrich""",Zum Lazarus 6,4.108
Heine - Zwei Brüder,"""Heine, Heinrich""",Zwei Brüder,4.49
"Heinrich, Herzog von Braunschweig - Freu dich mit großem Schalle","""Heinrich, Herzog von Braunschweig""",Freu dich mit großem Schalle,9.1
Heinse - Dieser Jüngling scheinet mir,"""Heinse, Wilhelm""",Dieser Jüngling scheinet mir,4.81
Heinse - Laidion oder die Eleusinischen Geheimnisse,"""Heinse, Wilhelm""",Laidion oder die Eleusinischen Geheimnisse,8.47
"Heinzelin v. Konstanz - Got, herre, din almehtikeit",Heinzelin von Konstanz,"Got, herre, din almehtikeit",7.4
Heiseler - Die Legende der Seele. Prolog,"""Heiseler, Henry von""",Die Legende der Seele. Prolog,8.48
Heitmann - De Preester vun Buptee,"""Heitmann, Hans""",De Preester vun Buptee,4.122
Heitmann - De Spinnfru,"""Heitmann, Hans""",De Spinnfru,6.20
Heitmann - Harald Blautään,"""Heitmann, Hans""",Harald Blautään,5.5
Heitmann - Johann Wittenborg,"""Heitmann, Hans""",Johann Wittenborg,5.5
Heitmann - Jürgen Wullenwever,"""Heitmann, Hans""",Jürgen Wullenwever,5.7
Heitmann - Oktoberdag,"""Heitmann, Hans""",Oktoberdag,4.58
Heitmann - Ool Märken,"""Heitmann, Hans""",Ool Märken,5.3
Heitmann - Spöök in Newel,"""Heitmann, Hans""",Spöök in Newel,6.18
Heitmann - Ut de Dörpskröönk,"""Heitmann, Hans""",Ut de Dörpskröönk,4.58
Held - Gott sei Dank durch alle Welt,"""Held, Heinrich""",Gott sei Dank durch alle Welt,4.42
"Held - Komm, o komm, du Geist des Lebens","""Held, Heinrich""","Komm, o komm, du Geist des Lebens",6.27
Held - So oft ich schrei aus meines Herzens Grunde,"""Held, Heinrich""",So oft ich schrei aus meines Herzens Grunde,6.47
Helder - Das himmlische Heer,"""Helder, Bartholomäus""",Das himmlische Heer,12.1
"Helmbold - Ach Herr, Du siehst die Fährlichkeit","""Helmbold, Ludewig""","Ach Herr, Du siehst die Fährlichkeit",8.30
Helmbold - Ein Stern im Morgenland,"""Helmbold, Ludewig""",Ein Stern im Morgenland,2.5
"Helmbold - Herr Gott, du hast mir geben","""Helmbold, Ludewig""","Herr Gott, du hast mir geben",7.2
"Helmbold - Herr Gott, regier mich durch dein Wort","""Helmbold, Ludewig""","Herr Gott, regier mich durch dein Wort",6.19
Helmbold - Hilf Gott den armen Menschen,"""Helmbold, Ludewig""",Hilf Gott den armen Menschen,7.3
"Helmbold - Nun laßt uns Gott, dem Herren","""Helmbold, Ludewig""","Nun laßt uns Gott, dem Herren",4.23
Helmbold - Von Gott will ich nicht lassen,"""Helmbold, Ludewig""",Von Gott will ich nicht lassen,8.6
"Helmbold - Wie ist dein Schutz so groß, o Herr","""Helmbold, Ludewig""","Wie ist dein Schutz so groß, o Herr",10.2
Henckell - Lockspitzel-Lied,"""Henckell, Karl""",Lockspitzel-Lied,8.14
"Henrici - Was begehrst du von uns, Herr","""Henrici, Michael""","Was begehrst du von uns, Herr",4.31
Hensel - Nachtgebet,"""Hensel, Luise""",Nachtgebet,4.42
Herberger - Valet will ich dir geben,"""Herberger, Valerius""",Valet will ich dir geben,8.7
"Herbert - Preis, Lob und Dank sei Gott dem Herren","""Herbert, Petrus""","Preis, Lob und Dank sei Gott dem Herren",8.37
Herder - Amor und Psyche,"""Herder, Johann Gottfried""",Amor und Psyche,8.11
Herder - Danklied,"""Herder, Johann Gottfried""",Danklied,7.7
Herder - Das Eine in der Natur,"""Herder, Johann Gottfried""",Das Eine in der Natur,5.11
Herder - Das Flüchtigste,"""Herder, Johann Gottfried""",Das Flüchtigste,"5.8,5.8a"
Herder - Das Unvergleichliche (Du kleines Sternenheer der Nacht),Herder (Volksliedübertragung),Das Unvergleichliche (Du kleines Sternenheer der Nacht),5.11
Herder - Der Cid,"""Herder, Johann Gottfried""",Der Cid,"4.49,4.52,4.56"
Herder - Die Raupe und der,"""Herder, Johann Gottfried""",Die Raupe und der,4.95
Herder - Die Rettung,"""Herder, Johann Gottfried""",Die Rettung,4.83
Herder - Germanien,"""Herder, Johann Gottfried""",Germanien,4.111
Herder (Volksl.übertr.) - Das Mädchen am Ufer (Die See war wild im Heulen),Herder (Volksliedübertragung),Das Mädchen am Ufer (Die See war wild im Heulen),8.7
"Herder (Volksl.übertr.) - Das Mädchen am Ufer (Im säuselnden Winde, am murmelnden Bach)",Herder (Volksliedübertragung),"Das Mädchen am Ufer (Im säuselnden Winde, am murmelnden Bach)",4.62
"Herder (Volksl.übertr.) - Das nußbraune Mädchen (Falsch oder wahr, man sagt es klar)",Herder (Volksliedübertragung),"Das nußbraune Mädchen (Falsch oder wahr, man sagt es klar)",8.14
"Herder (Volksl.übertr.) - Der Lorbeerkranz (Für die süße, zarte Liebe)",Herder (Volksliedübertragung),"Der Lorbeerkranz (Für die süße, zarte Liebe)",5.8
Herder (Volksl.übertr.) - Der Wassermann,Herder (Volksliedübertragung),Der Wassermann,2.5
"Herder (Volksl.übertr.) - Die Gräfin Linda (Ihr zarten Herzen, hört ein Trauerlied)",Herder (Volksliedübertragung),"Die Gräfin Linda (Ihr zarten Herzen, hört ein Trauerlied)",4.99
Herder (Volksl.übertr.) - Die schöne Rosemunde,Herder (Volksliedübertragung),Die schöne Rosemunde,4.34
Herder (Volksl.übertr.) - Elisabeths Trauer im Gefängnis (Wollt ihr hören wie Elise),Herder (Volksliedübertragung),Elisabeths Trauer im Gefängnis (Wollt ihr hören wie Elise),8.26
Herder (Volksl.übertr.) - Erlkönigs Tochter,Herder (Volksliedübertragung),Erlkönigs Tochter,2.5
Herder (Volksl.übertr.) - Gazul und Zaida,Herder (Volksliedübertragung),Gazul und Zaida,4.56
"Herder (Volksl.übertr.) - Lied im Gefängnis (Wenn Liebe, froh und freigeschwingt)",Herder (Volksliedübertragung),"Lied im Gefängnis (Wenn Liebe, froh und freigeschwingt)",8.14
"Herder (Volksl.übertr.) - O weh, o weh, hinab ins Tal",Herder (Volksliedübertragung),"O weh, o weh, hinab ins Tal",8.31
Herder (Volksl.übertr.) - Röschen und Kalin,Herder (Volksliedübertragung),Röschen und Kalin,4.34
Herder (Volksl.übertr.) - Wiegenlied einer unglücklichen Mutter,Herder (Volksliedübertragung),Wiegenlied einer unglücklichen Mutter,8.30
Herder (Volksl.übertr.) - Wilhelms Geist,Herder (Volksliedübertragung),Wilhelms Geist,4.34
Herder (Volksl.übertr.) - Zaid und Zaida,Herder (Volksliedübertragung),Zaid und Zaida,4.56
Herder (Volksl.übertr.) - Zelindaja,Herder (Volksliedübertragung),Zelindaja,4.56
"Herman - Herr, segne unsre Kirch und Schul","""Herman, Nicolaus""","Herr, segne unsre Kirch und Schul",4.58
Herman - Heute singt die liebe,"""Herman, Nicolaus""",Heute singt die liebe Christenheit,6.19
"Herman - Hört, ihr lieben Kinderlein, / Spricht das Herze Jesulein","""Herman, Nicolaus""","Hört, ihr lieben Kinderlein, / Spricht das Herze Jesulein",7.8
"Herman - Lobt Gott, ihr Christen","""Herman, Nicolaus""","Lobt Gott, ihr Christen",4.34
Herman - Weil in der argen bösen Welt,"""Herman, Nicolaus""",Weil in der argen bösen Welt,6.33
Herman - Wenn mein Stündlein vorhanden ist,"""Herman, Nicolaus""",Wenn mein Stündlein vorhanden ist,7.7
"Herman - Will niemand singen, so will singen ich","""Herman, Nicolaus""","Will niemand singen, so will singen ich",2.9
Hermann-Neisse - Das Lied von der Freundschaft,"""Hermann-Neisse, Max""",Das Lied von der Freundschaft,4.98
Hermes - Ich hab von ferne,"""Hermes, Johann Timotheus""",Ich hab von ferne,4.80
Hermlin - Ballade für die guten Leute,"""Hermlin, Stephan""",Ballade für die guten Leute,8.31
Hermlin - Ballade nach zwei vergeblichen Sommern,"""Hermlin, Stephan""",Ballade nach zwei vergeblichen Sommern,8.8
Hermlin - Ballade vom Land der ungesprochenen Worte,"""Hermlin, Stephan""",Ballade vom Land der ungesprochenen Worte,8.14
Hermlin - Ballade vom Stabsfeldwebel,"""Hermlin, Stephan""",Ballade vom Stabsfeldwebel,2.9
Hermlin - Ballade von den Unsichtbar,"""Hermlin, Stephan""",Ballade von den Unsichtbar,4.94
Hermlin - Der Tod des Dichters,"""Hermlin, Stephan""",Der Tod des Dichters,4.111
Hermlin - Die Ebene,"""Hermlin, Stephan""",Die Ebene,4.94
Hermlin - Die Einen und die Anderen,"""Hermlin, Stephan""",Die Einen und die Anderen,8.7
Hermlin - Die Terrassen von Albin,"""Hermlin, Stephan""",Die Terrassen von Albin,4.106
Hermlin - Epitaph für einen deutschen,"""Hermlin, Stephan""",Epitaph für einen deutschen,2.9
"Herrmann - Geht hin, ihr gläubigen Gedanken","""Herrmann, Johann Gottfried""","Geht hin, ihr gläubigen Gedanken",6.38
Herwegh - An die deutsche Jugend,"""Herwegh, Georg""",An die deutsche Jugend,8.46
Herwegh - Auch dies gehört dem König,"""Herwegh, Georg""",Auch dies gehört dem König,3.7
Herwegh - Aufruf,"""Herwegh, Georg""",Aufruf,6.30
Herwegh - Der Freiheit eine Gasse,"""Herwegh, Georg""",Der Freiheit eine Gasse,8.15
Herwegh - Der sterbende Trompeter,"""Herwegh, Georg""",Der sterbende Trompeter,4.37
Herwegh - Die Partei,"""Herwegh, Georg""",Die Partei,8.46
Herwegh - Die Schweiz,"""Herwegh, Georg""",Die Schweiz,4.124
Herwegh - Gebet,"""Herwegh, Georg""",Gebet,4.124
Herwegh - Groß,"""Herwegh, Georg""",Groß,8.26
Herwegh - Neujahr,"""Herwegh, Georg""",Neujahr,8.13
"Hesenthaler - Ach Jammer, Tränen, Angst und Not","""Hesenthaler, Magnus""","Ach Jammer, Tränen, Angst und Not",5.6
"Hesenthaler - Jesu, Jesu, laß dein Leiden","""Hesenthaler, Magnus""","Jesu, Jesu, laß dein Leiden",7.10
Hesse - Abends auf der Brücke,"""Hesse, Hermann""",Abends auf der Brücke,4.96
Hesse - Abschied,"""Hesse, Hermann""",Abschied,5.2
Hesse - Alter Park,"""Hesse, Hermann""",Alter Park,4.55
Hesse - Ankunft in Cremona,"""Hesse, Hermann""",Ankunft in Cremona,4.101
Hesse - Auf einer Nachtwanderung,"""Hesse, Hermann""",Auf einer Nachtwanderung,4.104
Hesse - Aufstieg,"""Hesse, Hermann""",Aufstieg,4.59
Hesse - August,"""Hesse, Hermann""",August,4.59
Hesse - Beim Wein,"""Hesse, Hermann""",Beim Wein,4.103
Hesse - Beim Wiederlesen des Maler Nolten,"""Hesse, Hermann""",Beim Wiederlesen des Maler Nolten,4.100
Hesse - Berggeist,"""Hesse, Hermann""",Berggeist,2.9
Hesse - Bhagavad Gita,"""Hesse, Hermann""",Bhagavad Gita,2.8
Hesse - Bruder Tod,"""Hesse, Hermann""",Bruder Tod,4.30
Hesse - Bücher,"""Hesse, Hermann""",Bücher,4.30
Hesse - Chopin. Berceuse,"""Hesse, Hermann""",Chopin: Berceuse,6.34
Hesse - Das Fest,"""Hesse, Hermann""",Das Fest,4.64
Hesse - Das Glasperlenspiel,"""Hesse, Hermann""",Das Glasperlenspiel,4.87
Hesse - Daß ich so oft mit leisem Lied,"""Hesse, Hermann""",Daß ich so oft mit leisem Lied,4.64
Hesse - Dennoch,"""Hesse, Hermann""",Dennoch,4.72
Hesse - Der Ausgestoßene,"""Hesse, Hermann""",Der Ausgestoßene,6.3
Hesse - Der böse Tag,"""Hesse, Hermann""",Der böse Tag,4.53
Hesse - Der Dichter (Zu schönem Spiel und liebem Tand),"""Hesse, Hermann""",Der Dichter (Zu schönem Spiel und liebem Tand),4.28
Hesse - Der Dichter und seine Zeit,"""Hesse, Hermann""",Der Dichter und seine Zeit,4.105
Hesse - Der Enttäuschte,"""Hesse, Hermann""",Der Enttäuschte,4.109
Hesse - Der Geliebten,"""Hesse, Hermann""",Der Geliebten,4.91
"Hesse - Der Kreuzgang von Santo Stefano, Venedig","""Hesse, Hermann""","Der Kreuzgang von Santo Stefano, Venedig",2.9
Hesse - Der stille Hof,"""Hesse, Hermann""",Der stille Hof,"3.4,3.4aak"
Hesse - Der Tod als Angler,"""Hesse, Hermann""",Der Tod als Angler,4.110
Hesse - Die Geheimnisvolle,"""Hesse, Hermann""",Die Geheimnisvolle,6.45
Hesse - Die junge Mutter,"""Hesse, Hermann""",Die junge Mutter,4.27
Hesse - Die Schmerzen,"""Hesse, Hermann""",Die Schmerzen,4.97
Hesse - Dienst,"""Hesse, Hermann""",Dienst,4.105
Hesse - Dorfabend (Der Schäfer mit den Schafen),"""Hesse, Hermann""",Dorfabend (Der Schäfer mit den Schafen),4.27
Hesse - Dorfabend (Vor den blanken Fenstern glühen),"""Hesse, Hermann""",Dorfabend (Vor den blanken Fenstern glühen),4.54
Hesse - Eine Geige in den Gärten,"""Hesse, Hermann""",Eine Geige in den Gärten,4.49
Hesse - Einer Frau,"""Hesse, Hermann""",Einer Frau,4.89
Hesse - Elisabeth 1,"""Hesse, Hermann""",Elisabeth 1,4.59
Hesse - Ende August,"""Hesse, Hermann""",Ende August,4.109
Hesse - Entschluß (Ich will nicht länger in dem Dunkel tasten),"""Hesse, Hermann""",Entschluß (Ich will nicht länger in dem Dunkel tasten),4.105
Hesse - Enzianblüte,"""Hesse, Hermann""",Enzianblüte,4.67
Hesse - Er ging im Dunkel,"""Hesse, Hermann""",Er ging im Dunkel,2.10
Hesse - Es wird dir sonderbar,"""Hesse, Hermann""",Es wird dir sonderbar,4.72
Hesse - Feierabend,"""Hesse, Hermann""",Feierabend,4.103
Hesse - Frühsommernacht,"""Hesse, Hermann""",Frühsommernacht,4.4
Hesse - Für Ninon,"""Hesse, Hermann""",Für Ninon,4.27
Hesse - Gebet,"""Hesse, Hermann""",Gebet,4.110
Hesse - Gedächtnis der Mutter,"""Hesse, Hermann""",Gedächtnis der Mutter,4.49
Hesse - Genesung,"""Hesse, Hermann""",Genesung,4.91
Hesse - Glück,"""Hesse, Hermann""",Glück,"3.4,3.4kaa"
Hesse - Glut der Schmerzen,"""Hesse, Hermann""",Glut der Schmerzen,4.74
Hesse - Gondel,"""Hesse, Hermann""",Gondel,4.88
Hesse - Grindelwald,"""Hesse, Hermann""",Grindelwald,2.9
Hesse - Häuser am Abend,"""Hesse, Hermann""",Häuser am Abend,4.60
Hesse - Heimkehr (Nun bin ich lang gewesen),"""Hesse, Hermann""",Heimkehr (Nun bin ich lang gewesen),4.20
Hesse - Herbstgeruch,"""Hesse, Hermann""",Herbstgeruch,4.97
Hesse - Hochgebirgsabend,"""Hesse, Hermann""",Hochgebirgsabend,4.104
Hesse - Höhe des Sommers,"""Hesse, Hermann""",Höhe des Sommers,4.36
Hesse - Ich bin ein Stern,"""Hesse, Hermann""",Ich bin ein Stern,"3.4,3.4axa"
Hesse - Ich bin nur Einer,"""Hesse, Hermann""",Ich bin nur Einer,8.44
Hesse - Ich liebe Frauen,"""Hesse, Hermann""",Ich liebe Frauen,2.10
Hesse - Irgendwo,"""Hesse, Hermann""",Irgendwo,4.92
Hesse - Jahrestag,"""Hesse, Hermann""",Jahrestag,4.67
Hesse - Jugendflucht,"""Hesse, Hermann""",Jugendflucht,4.41
Hesse - Klage,"""Hesse, Hermann""",Klage,4.100
Hesse - Ländlicher Friedhof,"""Hesse, Hermann""",Ländlicher Friedhof,2.7
Hesse - Landstreicherherberge,"""Hesse, Hermann""",Landstreicherherberge,4.59
Hesse - Levkoyen und Reseden,"""Hesse, Hermann""",Levkoyen und Reseden,4.46
Hesse - Malerfreude,"""Hesse, Hermann""",Malerfreude,4.90
Hesse - Marienlieder 1,"""Hesse, Hermann""",Marienlieder 1,4.26
Hesse - Marienlieder 2,"""Hesse, Hermann""",Marienlieder 2,4.98
Hesse - Meine Liebe,"""Hesse, Hermann""",Meine Liebe,4.73
Hesse - Meiner Liebe 1,"""Hesse, Hermann""",Meiner Liebe 1,4.24
Hesse - Morgen (Nun lockt mich keine Liebesnacht),"""Hesse, Hermann""",Morgen (Nun lockt mich keine Liebesnacht),4.41
Hesse - Nach dem Fest,"""Hesse, Hermann""",Nach dem Fest,4.46
Hesse - Nacht im Odenwald,"""Hesse, Hermann""",Nacht im Odenwald,4.58
Hesse - Nachtgefühl,"""Hesse, Hermann""",Nachtgefühl,4.30
Hesse - Nelke,"""Hesse, Hermann""",Nelke,5.9
Hesse - November,"""Hesse, Hermann""",November,4.98
Hesse - Ode an Hölderlin,"""Hesse, Hermann""",Ode an Hölderlin,4.111
Hesse - Postkarte an die Freundin,"""Hesse, Hermann""",Postkarte an die Freundin,4.16
Hesse - Ravenna 2,"""Hesse, Hermann""",Ravenna 2,4.72
Hesse - Reiselied,"""Hesse, Hermann""",Reiselied,4.91
Hesse - Schönes Heute,"""Hesse, Hermann""",Schönes Heute,4.46
Hesse - Schönheit,"""Hesse, Hermann""",Schönheit,4.41
Hesse - September (Herbst will es werden allerwärts),"""Hesse, Hermann""",September (Herbst will es werden allerwärts),4.65
Hesse - So schön bist du,"""Hesse, Hermann""",So schön bist du,4.40
Hesse - So ziehn die Sterne,"""Hesse, Hermann""",So ziehn die Sterne,4.65
Hesse - Sommerruhe 1,"""Hesse, Hermann""",Sommerruhe 1,4.20
Hesse - Sommerruhe 2,"""Hesse, Hermann""",Sommerruhe 2,4.46
Hesse - Sommerwanderung,"""Hesse, Hermann""",Sommerwanderung,4.47
Hesse - Späte Prüfung,"""Hesse, Hermann""",Späte Prüfung,4.55
Hesse - Spielmann,"""Hesse, Hermann""",Spielmann,4.54
Hesse - Sprache des Frühlings,"""Hesse, Hermann""",Sprache des Frühlings,4.91
Hesse - Stiller Tag,"""Hesse, Hermann""",Stiller Tag,4.110
Hesse - Traum von der Mutter,"""Hesse, Hermann""",Traum von der Mutter,5.9
Hesse - Trost,"""Hesse, Hermann""",Trost,4.26
Hesse - Über die Alpen,"""Hesse, Hermann""",Über die Alpen,4.59
Hesse - Und dennoch hofft mein Herz,"""Hesse, Hermann""",Und dennoch hofft mein Herz,4.66
Hesse - Und morgen,"""Hesse, Hermann""",Und morgen,4.72
Hesse - Vereinsamung,"""Hesse, Hermann""",Vereinsamung,4.104
Hesse - Wanderer im Schnee,"""Hesse, Hermann""",Wanderer im Schnee,2.7
Hesse - Weiße Wolken,"""Hesse, Hermann""",Weiße Wolken,4.20
Hesse - Wetterleuchten,"""Hesse, Hermann""",Wetterleuchten,4.46
Hesse - Wie kommt es?,"""Hesse, Hermann""",Wie kommt es?,4.60
Hesse - Wir leben hin,"""Hesse, Hermann""",Wir leben hin,4.64
Hesse - Wolken,"""Hesse, Hermann""",Wolken,4.49
Hesse - Zunachten,"""Hesse, Hermann""",Zunachten,4.27
Hesse - Zuschauer,"""Hesse, Hermann""",Zuschauer,4.102
"Hesse, J. - O Welt, ich muß dich lassen","""Hesse, Johannes""","O Welt, ich muß dich lassen",6.9
"Hessel - Edler Herr Jesu, du Seelenschatz, dich wir bekennen","""Hessel, Peter""","Edler Herr Jesu, du Seelenschatz, dich wir bekennen",5.13
Hesselloher - Von üppiglichen Dingen,"""Hesselloher, Hans""",Von üppiglichen Dingen,9.1
"Heunisch - O Ewigkeit, du Freudenwort","""Heunisch, Kaspar""","O Ewigkeit, du Freudenwort",8.18
Heyden - Als Jesus Christus unser Herr,"""Heyden, Sebald""",Als Jesus Christus unser Herr,12.4
Heyden - Ich glaub an den allmächtgen Gott,"""Heyden, Sebald""",Ich glaub an den allmächtgen Gott,6.33
"Heyden - O Mensch, bewein dein Sünden groß","""Heyden, Sebald""","O Mensch, bewein dein Sünden groß",12.4
Heym - Ach du bist wunderschlank,"""Heym, Georg""",Ach du bist wunderschlank,"3.4,3.4aak"
Heym - An mein Herz,"""Heym, Georg""",An mein Herz,4.98
Heym - Anna-Maria,"""Heym, Georg""",Anna-Maria,4.93
Heym - Asien,"""Heym, Georg""",Asien,4.100
Heym - Bayard,"""Heym, Georg""",Bayard,4.52
Heym - Blau. Weiß. Grün,"""Heym, Georg""",Blau. Weiß. Grün,4.104
Heym - Columbus,"""Heym, Georg""",Columbus,4.106
Heym - Da mitternachts ein feiner,"""Heym, Georg""",Da mitternachts ein feiner,4.101
Heym - Da sank der Abend,"""Heym, Georg""",Da sank der Abend,4.101
Heym - Das Lettehaus,"""Heym, Georg""",Das Lettehaus,4.99
Heym - Das schwarze Wasser stockt,"""Heym, Georg""",Das schwarze Wasser stockt,4.101
Heym - Das Stromtal ist von schweren,"""Heym, Georg""",Das Stromtal ist von schweren,4.100
Heym - Der Abend,"""Heym, Georg""",Der Abend,4.103
Heym - Der Asket,"""Heym, Georg""",Der Asket,4.100
Heym - Der Blinde,"""Heym, Georg""",Der Blinde,4.101
Heym - Der Bucklige,"""Heym, Georg""",Der Bucklige,4.100
Heym - Der Gott der Stadt,"""Heym, Georg""",Der Gott der Stadt,4.100
Heym - Der Herbst,"""Heym, Georg""",Der Herbst,4.93
Heym - Der Himmel wird so schwarz,"""Heym, Georg""",Der Himmel wird so schwarz,4.101
Heym - Der Krieg,"""Heym, Georg""",Der Krieg,4.112
Heym - Der Schläfer im Walde,"""Heym, Georg""",Der Schläfer im Walde,4.100
Heym - Der Seiler,"""Heym, Georg""",Der Seiler,4.101
Heym - Der Totenkranz,"""Heym, Georg""",Der Totenkranz,4.100
Heym - Der Wald (Ein stiller Wald. Ein blasses Königreich),"""Heym, Georg""",Der Wald (Ein stiller Wald. Ein blasses Königreich),4.101
Heym - Der Winter,"""Heym, Georg""",Der Winter,3.9
Heym - Der Winzerzug,"""Heym, Georg""",Der Winzerzug,4.110
Heym - Die Bienen fallen in den,"""Heym, Georg""",Die Bienen fallen in den,3.7
Heym - Die blinden Frauen,"""Heym, Georg""",Die blinden Frauen,4.106
Heym - Die Dämonen der Städte,"""Heym, Georg""",Die Dämonen der Städte,4.100
Heym - Die Gefangenen 1,"""Heym, Georg""",Die Gefangenen 1,4.101
Heym - Die gefangenen Tiere,"""Heym, Georg""",Die gefangenen Tiere,4.21
Heym - Die Gehängten,"""Heym, Georg""",Die Gehängten,4.110
Heym - Die Greise,"""Heym, Georg""",Die Greise,4.100
Heym - Die Heimat der Toten,"""Heym, Georg""",Die Heimat der Toten,4.100
Heym - Die hellen Dörfer ruhen in,"""Heym, Georg""",Die hellen Dörfer ruhen in,4.105
Heym - Die Irren,"""Heym, Georg""",Die Irren,4.110
Heym - Die Luft ist warm,"""Heym, Georg""",Die Luft ist warm,4.101
Heym - Die Märkte,"""Heym, Georg""",Die Märkte,4.94
Heym - Die niedren Himmel hingen,"""Heym, Georg""",Die niedren Himmel hingen,4.101
Heym - Die Opferschale zittert in,"""Heym, Georg""",Die Opferschale zittert in,4.110
Heym - Die Stadt in den Wolken,"""Heym, Georg""",Die Stadt in den Wolken,4.109
Heym - Die Tote im Wasser,"""Heym, Georg""",Die Tote im Wasser,4.101
Heym - Die Toten auf dem Berge,"""Heym, Georg""",Die Toten auf dem Berge,4.103
Heym - Die Wanderer,"""Heym, Georg""",Die Wanderer,4.106
Heym - Die weißen Wolken,"""Heym, Georg""",Die weißen Wolken,4.101
Heym - Die Wiesen des Todes,"""Heym, Georg""",Die Wiesen des Todes,4.100
Heym - Dorf,"""Heym, Georg""",Dorf,4.101
Heym - Eine Heimat wüßte ich uns,"""Heym, Georg""",Eine Heimat wüßte ich uns,4.97
Heym - Einem toten Freunde,"""Heym, Georg""",Einem toten Freunde,4.61
Heym - Einklang,"""Heym, Georg""",Einklang,4.64
Heym - Einteilt der Sommer,"""Heym, Georg""",Einteilt der Sommer,4.101
Heym - Enzio,"""Heym, Georg""",Enzio,4.54
Heym - Es hallt vom schwarzen Turm,"""Heym, Georg""",Es hallt vom schwarzen Turm,4.59
Heym - Fröhlichkeit,"""Heym, Georg""",Fröhlichkeit,4.110
Heym - Frühlingsabend,"""Heym, Georg""",Frühlingsabend,4.105
Heym - Gegen Norden,"""Heym, Georg""",Gegen Norden,4.105
Heym - Herbst,"""Heym, Georg""",Herbst,4.106
Heym - Herbstnachmittag,"""Heym, Georg""",Herbstnachmittag,4.99
Heym - Hinten fällt ein Tier im,"""Heym, Georg""",Hinten fällt ein Tier im,4.98
Heym - Im Osten zieht das ungeheure,"""Heym, Georg""",Im Osten zieht das ungeheure,4.100
Heym - In der Öde,"""Heym, Georg""",In der Öde,4.72
Heym - In meinem Herzen steht ein,"""Heym, Georg""",In meinem Herzen steht ein,4.67
"Heym - Kennst du die Stunden, wenn","""Heym, Georg""","Kennst du die Stunden, wenn",4.104
Heym - Madrigal,"""Heym, Georg""",Madrigal,3.7
Heym - Nachtfahrt,"""Heym, Georg""",Nachtfahrt,4.60
Heym - Nebelschauer,"""Heym, Georg""",Nebelschauer,4.20
Heym - Novembertag,"""Heym, Georg""",Novembertag,4.34
"Heym - Reicher Sommer, da die","""Heym, Georg""","Reicher Sommer, da die",4.97
Heym - Schatten von Kähnen,"""Heym, Georg""",Schatten von Kähnen,4.101
Heym - Schwarze Visionen,"""Heym, Georg""",Schwarze Visionen,4.106
Heym - Sonnwendtag,"""Heym, Georg""",Sonnwendtag,3.2
Heym - Tod eines Hirten,"""Heym, Georg""",Tod eines Hirten,4.100
Heym - Trost,"""Heym, Georg""",Trost,4.80
Heym - Trostloser Herbst,"""Heym, Georg""",Trostloser Herbst,4.105
Heym - Ultima hora,"""Heym, Georg""",Ultima hora,4.100
Heym - Und immer noch der alte,"""Heym, Georg""",Und immer noch der alte,4.60
Heym - Vor einem Gewitter,"""Heym, Georg""",Vor einem Gewitter,4.100
Heym - Wenn dir der Abend auf die,"""Heym, Georg""",Wenn dir der Abend auf die,6.44
Heym - Westwärts,"""Heym, Georg""",Westwärts,4.104
Heym - Wie Augen schauen,"""Heym, Georg""",Wie Augen schauen,4.110
Heym - Wo eben rauschten noch die,"""Heym, Georg""",Wo eben rauschten noch die,4.105
Heym - Wolken,"""Heym, Georg""",Wolken,4.110
Heym - Wunsch,"""Heym, Georg""",Wunsch,4.54
Heym - Δήμω,"""Heym, Georg""",Δήμω,4.98
Heymel - Der Übermütige singt,"""Heymel, Alfred Walter""",Der Übermütige singt,5.4
Heyse - Abend auf der Heide,"""Heyse, Paul""",Abend auf der Heide,4.49
Heyse - Abschied,"""Heyse, Paul""",Abschied,8.22
Heyse - Alpenfeuer,"""Heyse, Paul""",Alpenfeuer,4.8
Heyse - Am Fluß,"""Heyse, Paul""",Am Fluß,4.36
Heyse - Am Genfer See,"""Heyse, Paul""",Am Genfer See,4.46
Heyse - Amor in der Klause,"""Heyse, Paul""",Amor in der Klause,4.49
Heyse - An Beethoven,"""Heyse, Paul""",An Beethoven,8.45
Heyse - An Grillparzer,"""Heyse, Paul""",An Grillparzer,8.37
Heyse - Brautlied,"""Heyse, Paul""",Brautlied,4.46
Heyse - Das Spinett,"""Heyse, Paul""",Das Spinett,4.46
Heyse - Dem Andenken König Maximilians II. von Bayern,"""Heyse, Paul""",Dem Andenken König Maximilians II. von Bayern,8.47
Heyse - Die Judith des Christofano,"""Heyse, Paul""",Die Judith des Christofano,3.7
Heyse - Die Tabaksmühle,"""Heyse, Paul""",Die Tabaksmühle,4.62
Heyse - Ein Wintertagebuch. Ankunft,"""Heyse, Paul""",Ein Wintertagebuch. Ankunft,4.126
Heyse - Gunnar,"""Heyse, Paul""",Gunnar,4.59
Heyse - In der Bucht,"""Heyse, Paul""",In der Bucht,4.58
Heyse - In Florenz,"""Heyse, Paul""",In Florenz,8.37
Heyse - In so und so viel Wochen,"""Heyse, Paul""",In so und so viel Wochen,4.39
Heyse - In Venedig,"""Heyse, Paul""",In Venedig,6.44
Heyse - Johannes Brahms,"""Heyse, Paul""",Johannes Brahms,2.9
Heyse - Lebensgeheimnis,"""Heyse, Paul""",Lebensgeheimnis,4.88
Heyse - Lied von Sorrent,"""Heyse, Paul""",Lied von Sorrent,8.26
Heyse - Lieder aus Sorrent 10,"""Heyse, Paul""",Lieder aus Sorrent 10,4.100
Heyse - Odysseus,"""Heyse, Paul""",Odysseus,6.20
Heyse - Resignation,"""Heyse, Paul""",Resignation,4.46
Heyse - Romanzen vom Henker,"""Heyse, Paul""",Romanzen vom Henker,4.36
Heyse - Servize Domino in laetitia,"""Heyse, Paul""",Servize Domino in laetitia,4.60
Heyse - Sie schreibt,"""Heyse, Paul""",Sie schreibt,4.54
Heyse - Telegonos,"""Heyse, Paul""",Telegonos,4.27
Heyse - Tiefer Brunnen,"""Heyse, Paul""",Tiefer Brunnen,4.59
Heyse - Verklärung,"""Heyse, Paul""",Verklärung,4.67
Heyse - Waldesnacht,"""Heyse, Paul""",Waldesnacht,8.26
Heyse - Wilhelm Hertz,"""Heyse, Paul""",Wilhelm Hertz,2.9
Heyse - Zueignung,"""Heyse, Paul""",Zueignung,8.32
"Hiller, F.K. - Ich lobe dich von ganzer Seelen","""Hiller, Friedrich Konrad""",Ich lobe dich von ganzer Seelen,8.37
"Hiller, P.F. - Jesus Christus herrscht als König","""Hiller, Philipp Friedrich""",Jesus Christus herrscht als König,6.30
"Hiller, P.F. - Mir ist Erbarmung widerfahren","""Hiller, Philipp Friedrich""",Mir ist Erbarmung widerfahren,6.38
"Hiller, P.F. - Wir warten dein, o Gottes Sohn","""Hiller, Philipp Friedrich""","Wir warten dein, o Gottes Sohn",8.12
Hiltstein - In Gottes Namen scheiden wir,"""Hiltstein, Johannes""",In Gottes Namen scheiden wir,4.57
Hiltstein - Wer lebt und glaubt in dieser Zeit,"""Hiltstein, Johannes""",Wer lebt und glaubt in dieser Zeit,4.57
Höck - An die Satiren,"""Höck, Theobald""",An die Satiren,5.4
Höck - Den Jungen wird die Lieb belohnt,"""Höck, Theobald""",Den Jungen wird die Lieb belohnt,4.59
"Höck - Der Mensch soll sich dessen nit rühmen, was nit sein ist","""Höck, Theobald""","Der Mensch soll sich dessen nit rühmen, was nit sein ist",5.4
"Höck - Der schönen Julia (Schöns Lieb, ich muß dich lassen)","""Höck, Theobald""","Der schönen Julia (Schöns Lieb, ich muß dich lassen)",2.2
Höck - Ein Armer kann jetzund zu keinem Amt kommen,"""Höck, Theobald""",Ein Armer kann jetzund zu keinem Amt kommen,5.4
Höck - Einen Freund zu probieren ehe man sein bedarf,"""Höck, Theobald""",Einen Freund zu probieren ehe man sein bedarf,4.36
Höck - Laß dich kein Mühe zum Guten verdrießen,"""Höck, Theobald""",Laß dich kein Mühe zum Guten verdrießen,7.3
Höck - Trau der Lieb nit zuviel,"""Höck, Theobald""",Trau der Lieb nit zuviel,4.36
Hoddis - Der Todesengel,"""Hoddis, Jakob van""",Der Todesengel,4.103
Hoddis - Varieté 1,"""Hoddis, Jakob van""",Varieté 1,4.110
Hoffmann v. Fallersleben - Abendlied,"""Hoffmann von Fallersleben, August Heinrich""",Abendlied,4.58
Hoffmann v. Fallersleben - Am Rheine,"""Hoffmann von Fallersleben, August Heinrich""",Am Rheine,8.29
Hoffmann v. Fallersleben - An eine Freundin,"""Hoffmann von Fallersleben, August Heinrich""",An eine Freundin,4.67
Hoffmann v. Fallersleben - An einen Freund beim Tode,"""Hoffmann von Fallersleben, August Heinrich""",An einen Freund beim Tode,4.108
Hoffmann v. Fallersleben - Armut ohne Liebesglück,"""Hoffmann von Fallersleben, August Heinrich""",Armut ohne Liebesglück,4.57
Hoffmann v. Fallersleben - Bescheidenheit siegt,"""Hoffmann von Fallersleben, August Heinrich""",Bescheidenheit siegt,4.34
Hoffmann v. Fallersleben - Burschenlied,"""Hoffmann von Fallersleben, August Heinrich""",Burschenlied,14.0
Hoffmann v. Fallersleben - Dann ist er da,"""Hoffmann von Fallersleben, August Heinrich""",Dann ist er da,8.19
"Hoffmann v. Fallersleben - Das Lied der Deutschen (Deutschland, Deutschland über alles)","""Hoffmann von Fallersleben, August Heinrich""","Das Lied der Deutschen (Deutschland, Deutschland über alles)",8.26
Hoffmann v. Fallersleben - Das Tanzen ist nicht jedermanns,"""Hoffmann von Fallersleben, August Heinrich""",Das Tanzen ist nicht jedermanns,6.19
Hoffmann v. Fallersleben - Das treue Roß,"""Hoffmann von Fallersleben, August Heinrich""",Das treue Roß,5.2
Hoffmann v. Fallersleben - Der alte Landsknecht in,"""Hoffmann von Fallersleben, August Heinrich""",Der alte Landsknecht in,5.2
Hoffmann v. Fallersleben - Der Beichtzettel,"""Hoffmann von Fallersleben, August Heinrich""",Der Beichtzettel,4.39
Hoffmann v. Fallersleben - Der Blümlein Antwort,"""Hoffmann von Fallersleben, August Heinrich""",Der Blümlein Antwort,4.25
Hoffmann v. Fallersleben - Der frühe Tod nach langem,"""Hoffmann von Fallersleben, August Heinrich""",Der frühe Tod nach langem,4.18
Hoffmann v. Fallersleben - Der Frühling ist da,"""Hoffmann von Fallersleben, August Heinrich""",Der Frühling ist da,4.34
Hoffmann v. Fallersleben - Der kleine Seemann,"""Hoffmann von Fallersleben, August Heinrich""",Der kleine Seemann,5.2
Hoffmann v. Fallersleben - Der kleine Vogelfänger,"""Hoffmann von Fallersleben, August Heinrich""",Der kleine Vogelfänger,4.36
Hoffmann v. Fallersleben - Der Kuckuck und der Esel,"""Hoffmann von Fallersleben, August Heinrich""",Der Kuckuck und der Esel,4.20
Hoffmann v. Fallersleben - Des Landsknechts Kirmeßlied,"""Hoffmann von Fallersleben, August Heinrich""",Des Landsknechts Kirmeßlied,4.1
Hoffmann v. Fallersleben - Die Treulose,"""Hoffmann von Fallersleben, August Heinrich""",Die Treulose,4.49
Hoffmann v. Fallersleben - Frühling und Liebe,"""Hoffmann von Fallersleben, August Heinrich""",Frühling und Liebe,6.33
Hoffmann v. Fallersleben - Frühlings-Mahnung,"""Hoffmann von Fallersleben, August Heinrich""",Frühlings-Mahnung,7.5
Hoffmann v. Fallersleben - Frühlingswonne,"""Hoffmann von Fallersleben, August Heinrich""",Frühlingswonne,6.22
"Hoffmann v. Fallersleben - Hab Dank, du lieber Wind","""Hoffmann von Fallersleben, August Heinrich""","Hab Dank, du lieber Wind",5.2
Hoffmann v. Fallersleben - Heimkehr aus Frankreich,"""Hoffmann von Fallersleben, August Heinrich""",Heimkehr aus Frankreich,6.27
Hoffmann v. Fallersleben - Heimweh in Frankreich 1839,"""Hoffmann von Fallersleben, August Heinrich""",Heimweh in Frankreich 1839,4.106
Hoffmann v. Fallersleben - Herbstlied,"""Hoffmann von Fallersleben, August Heinrich""",Herbstlied,4.38
Hoffmann v. Fallersleben - Lied der Deutschen,"""Hoffmann von Fallersleben, August Heinrich""",Lied der Deutschen,8.26
Hoffmann v. Fallersleben - Mägdleins Klage,"""Hoffmann von Fallersleben, August Heinrich""",Mägdleins Klage,4.46
Hoffmann v. Fallersleben - Mein Hans und mein Peter,"""Hoffmann von Fallersleben, August Heinrich""",Mein Hans und mein Peter,2.6
Hoffmann v. Fallersleben - Mein Lämmchen,"""Hoffmann von Fallersleben, August Heinrich""",Mein Lämmchen,4.36
Hoffmann v. Fallersleben - Pater Guardian,"""Hoffmann von Fallersleben, August Heinrich""",Pater Guardian,4.58
Hoffmann v. Fallersleben - Schlacht von Pavia,"""Hoffmann von Fallersleben, August Heinrich""",Schlacht von Pavia,5.12
Hoffmann v. Fallersleben - Schlachtgesang,"""Hoffmann von Fallersleben, August Heinrich""",Schlachtgesang,4.36
Hoffmann v. Fallersleben - Schwabenkrieg,"""Hoffmann von Fallersleben, August Heinrich""",Schwabenkrieg,5.4
Hoffmann v. Fallersleben - Soldatenlied,"""Hoffmann von Fallersleben, August Heinrich""",Soldatenlied,4.5
Hoffmann v. Fallersleben - Treue Liebe,"""Hoffmann von Fallersleben, August Heinrich""",Treue Liebe,4.51
Hoffmann v. Fallersleben - Trink-Lied,"""Hoffmann von Fallersleben, August Heinrich""",Trink-Lied,5.3
Hoffmann v. Fallersleben - Veilchen,"""Hoffmann von Fallersleben, August Heinrich""",Veilchen,6.3
Hoffmann v. Fallersleben - Von den vier Temperamentis,"""Hoffmann von Fallersleben, August Heinrich""",Von den vier Temperamentis,8.30
Hoffmann v. Fallersleben - Wanderlied,"""Hoffmann von Fallersleben, August Heinrich""",Wanderlied,5.8
Hoffmann v. Fallersleben - Weinlied,"""Hoffmann von Fallersleben, August Heinrich""",Weinlied,4.67
Hoffmann v. Fallersleben - Wer hat die schönsten,"""Hoffmann von Fallersleben, August Heinrich""",Wer hat die schönsten,4.20
Hoffmann v. Fallersleben - Wiegenlied,"""Hoffmann von Fallersleben, August Heinrich""",Wiegenlied,4.42
Höfling - O alte Burschenherrlichkeit,"""Höfling, Eugen""",O alte Burschenherrlichkeit,8.17
Hofmannsthal - An Josephine von Wertheim,"""Hofmannsthal, Hugo von""",An Josephine von Wertheim,4.93
Hofmannsthal - Ballade des äußeren Lebens,"""Hofmannsthal, Hugo von""",Ballade des äußeren Lebens,3.7
Hofmannsthal - Das Wort,"""Hofmannsthal, Hugo von""",Das Wort,4.3
Hofmannsthal - Der Beherrschte,"""Hofmannsthal, Hugo von""",Der Beherrschte,4.103
Hofmannsthal - Der Schatten eines Toten,"""Hofmannsthal, Hugo von""",Der Schatten eines Toten,4.100
"Hofmannsthal - Der Schiffskoch, ein Gefangener, singt","""Hofmannsthal, Hugo von""","Der Schiffskoch, ein Gefangener, singt",4.54
Hofmannsthal - Ein Knabe 1,"""Hofmannsthal, Hugo von""",Ein Knabe 1,4.103
Hofmannsthal - Ein Traum von großer Magie,"""Hofmannsthal, Hugo von""",Ein Traum von großer Magie,"3.7,3.7m"
Hofmannsthal - Gute Stunde,"""Hofmannsthal, Hugo von""",Gute Stunde,2.6
Hofmannsthal - Ich ging hernieder,"""Hofmannsthal, Hugo von""",Ich ging hernieder,4.108
Hofmannsthal - Kindergebet,"""Hofmannsthal, Hugo von""",Kindergebet,4.42
Hofmannsthal - Leben,"""Hofmannsthal, Hugo von""",Leben,8.48
Hofmannsthal - Melusine,"""Hofmannsthal, Hugo von""",Melusine,4.5
Hofmannsthal - Siehst du die Stadt,"""Hofmannsthal, Hugo von""",Siehst du die Stadt,4.100
Hofmannsthal - Stille,"""Hofmannsthal, Hugo von""",Stille,4.54
Hofmannsthal - Terzinen über Vergänglichkeit,"""Hofmannsthal, Hugo von""",Terzinen über Vergänglichkeit,3.7
Hofmannsthal - Vom Schiff aus,"""Hofmannsthal, Hugo von""",Vom Schiff aus,4.100
Hofmannsthal - Weltgeheimnis,"""Hofmannsthal, Hugo von""",Weltgeheimnis,"3.0,3.4,3.4kaa"
Hofmannswaldau - Ach daß ich euch nicht meiden müßte,"""Hofmannswaldau, Christian Hofmann von""",Ach daß ich euch nicht meiden müßte,8.35
"Hofmannswaldau - Ach, was wollt ihr trüben Sinnen","""Hofmannswaldau, Christian Hofmann von""","Ach, was wollt ihr trüben Sinnen",6.12
Hofmannswaldau - Als Flavia wieder gesund worden (Ist dies Flavia? Ihr Augen irret ihr?),"""Hofmannswaldau, Christian Hofmann von""",Als Flavia wieder gesund worden (Ist dies Flavia? Ihr Augen irret ihr?),4.115
Hofmannswaldau - Auf den Mund,"""Hofmannswaldau, Christian Hofmann von""",Auf den Mund,4.113
"Hofmannswaldau - Chlorinde, kannst du lustig stehen","""Hofmannswaldau, Christian Hofmann von""","Chlorinde, kannst du lustig stehen",8.37
Hofmannswaldau - Der schwarze Flügel trüber Welt,"""Hofmannswaldau, Christian Hofmann von""",Der schwarze Flügel trüber Welt,4.36
Hofmannswaldau - Flavie schaut meine Tränen,"""Hofmannswaldau, Christian Hofmann von""",Flavie schaut meine Tränen,6.27
Hofmannswaldau - Flora deine Rosenwangen,"""Hofmannswaldau, Christian Hofmann von""",Flora deine Rosenwangen,6.29
"Hofmannswaldau - Herr, der du den Kreis der Erden","""Hofmannswaldau, Christian Hofmann von""","Herr, der du den Kreis der Erden",8.28
Hofmannswaldau - Ihr bleichen Buhler schwarzer Zeit,"""Hofmannswaldau, Christian Hofmann von""",Ihr bleichen Buhler schwarzer Zeit,8.12
Hofmannswaldau - Laurette bleibst du ewig Stein,"""Hofmannswaldau, Christian Hofmann von""",Laurette bleibst du ewig Stein,6.34
Hofmannswaldau - Niemand weiß wie schwer mirs fällt,"""Hofmannswaldau, Christian Hofmann von""",Niemand weiß wie schwer mirs fällt,8.23
"Hofmannswaldau - O Göttin, der ich voller Pflicht","""Hofmannswaldau, Christian Hofmann von""","O Göttin, der ich voller Pflicht",6.34
Hofmannswaldau - So soll der Purpur deiner Lippen,"""Hofmannswaldau, Christian Hofmann von""",So soll der Purpur deiner Lippen,6.39
Hofmannswaldau - Soll der Degen an den Nagel,"""Hofmannswaldau, Christian Hofmann von""",Soll der Degen an den Nagel,8.26
Hofmannswaldau - Soll Solimene meine Glut,"""Hofmannswaldau, Christian Hofmann von""",Soll Solimene meine Glut,6.34
"Hofmannswaldau - Vergnügung sein selbst, die man bei der Verachtung schöpfen kann","""Hofmannswaldau, Christian Hofmann von""","Vergnügung sein selbst, die man bei der Verachtung schöpfen kann",8.37
Hofmannswaldau - Verzweiflungsgedicht (Die Augen schloß ich traurig zu),"""Hofmannswaldau, Christian Hofmann von""",Verzweiflungsgedicht (Die Augen schloß ich traurig zu),10.8
Hofmannswaldau - Was denkt aus mir der Himmel doch zu machen?,"""Hofmannswaldau, Christian Hofmann von""",Was denkt aus mir der Himmel doch zu machen?,6.45
"Hohberg - Dort, wo die hohen Berg","""Hohberg, Wolfgang Helmhard von""","Dort, wo die hohen Berg",4.120
Hölderlin - Abendphantasie,"""Hölderlin, Friedrich""",Abendphantasie,4.80
Hölderlin - An die Deutschen,"""Hölderlin, Friedrich""",An die Deutschen,4.111
Hölderlin - An die Hoffnung,"""Hölderlin, Friedrich""",An die Hoffnung,4.80
Hölderlin - An die Natur,"""Hölderlin, Friedrich""",An die Natur,8.41
Hölderlin - An die Parzen,"""Hölderlin, Friedrich""",An die Parzen,4.80
Hölderlin - An die Stille,"""Hölderlin, Friedrich""",An die Stille,8.41
Hölderlin - An die Unerkannte,"""Hölderlin, Friedrich""",An die Unerkannte,6.41
Hölderlin - An Landauer,"""Hölderlin, Friedrich""",An Landauer,4.87
Hölderlin - An Lyda,"""Hölderlin, Friedrich""",An Lyda,8.41
Hölderlin - An meine Freundinnen,"""Hölderlin, Friedrich""",An meine Freundinnen,4.111
Hölderlin - An meinen B.,"""Hölderlin, Friedrich""",An meinen B.,4.111
Hölderlin - Aussicht (Wenn Menschen fröhlich sind),"""Hölderlin, Friedrich""",Aussicht (Wenn Menschen fröhlich sind),4.121
Hölderlin - Brot und Wein,"""Hölderlin, Friedrich""",Brot und Wein,2.11
Hölderlin - Burg Tübingen,"""Hölderlin, Friedrich""",Burg Tübingen,8.41
Hölderlin - Das Ahnenbild,"""Hölderlin, Friedrich""",Das Ahnenbild,4.111
Hölderlin - Das Schicksal,"""Hölderlin, Friedrich""",Das Schicksal,8.37
Hölderlin - Der Gott der Jugend,"""Hölderlin, Friedrich""",Der Gott der Jugend,8.7
Hölderlin - Der Jüngling an die klugen Ratgeber,"""Hölderlin, Friedrich""",Der Jüngling an die klugen Ratgeber,8.46
Hölderlin - Der Kirchhof,"""Hölderlin, Friedrich""",Der Kirchhof,4.105
Hölderlin - Der Neckar,"""Hölderlin, Friedrich""",Der Neckar,4.80
Hölderlin - Der Ruhm,"""Hölderlin, Friedrich""",Der Ruhm,4.105
Hölderlin - Dichtermut,"""Hölderlin, Friedrich""",Dichtermut,4.111
Hölderlin - Die Demut,"""Hölderlin, Friedrich""",Die Demut,4.106
Hölderlin - Die Ehrsucht,"""Hölderlin, Friedrich""",Die Ehrsucht,4.93
Hölderlin - Die Heimat,"""Hölderlin, Friedrich""",Die Heimat,4.80
Hölderlin - Die Liebe,"""Hölderlin, Friedrich""",Die Liebe,4.111
Hölderlin - Diotima (Du schweigst und),"""Hölderlin, Friedrich""",Diotima (Du schweigst und),4.80
Hölderlin - Diotima (Lange tot und tiefverschlossen),"""Hölderlin, Friedrich""",Diotima (Lange tot und tiefverschlossen),8.26
Hölderlin - Diotima (Leuchtest du wie vormals nieder),"""Hölderlin, Friedrich""",Diotima (Leuchtest du wie vormals nieder),12.5
Hölderlin - Ehmals und jetzt,"""Hölderlin, Friedrich""",Ehmals und jetzt,4.80
Hölderlin - Freundeswunsch,"""Hölderlin, Friedrich""",Freundeswunsch,8.26
Hölderlin - Gesang des Deutschen,"""Hölderlin, Friedrich""",Gesang des Deutschen,4.80
Hölderlin - Griechenland,"""Hölderlin, Friedrich""",Griechenland,8.41
Hölderlin - Heidelberg,"""Hölderlin, Friedrich""",Heidelberg,4.111
Hölderlin - Hero,"""Hölderlin, Friedrich""",Hero,8.41
Hölderlin - Hymne an den Genius der,"""Hölderlin, Friedrich""",Hymne an den Genius der,8.26
Hölderlin - Hymne an die Freiheit (Wie den Aar im grauen Felsenhange),"""Hölderlin, Friedrich""",Hymne an die Freiheit (Wie den Aar im grauen Felsenhange),8.41
Hölderlin - Hymne an die Freiheit (Wonne säng ich an des Orkus Toren),"""Hölderlin, Friedrich""",Hymne an die Freiheit (Wonne säng ich an des Orkus Toren),8.41
Hölderlin - Hymne an die Freundschaft,"""Hölderlin, Friedrich""",Hymne an die Freundschaft,8.26
Hölderlin - Hymne an die Göttin der Harmonie,"""Hölderlin, Friedrich""",Hymne an die Göttin der Harmonie,8.41
Hölderlin - Hymne an die Liebe,"""Hölderlin, Friedrich""",Hymne an die Liebe,8.26
Hölderlin - Hymne an die Muse,"""Hölderlin, Friedrich""",Hymne an die Muse,8.41
Hölderlin - Hymne an die Schönheit,"""Hölderlin, Friedrich""",Hymne an die Schönheit,10.0
Hölderlin - Hymne an die Unsterblichkeit,"""Hölderlin, Friedrich""",Hymne an die Unsterblichkeit,8.41
Hölderlin - Lebenslauf,"""Hölderlin, Friedrich""",Lebenslauf,4.111
Hölderlin - Lied der Freundschaft,"""Hölderlin, Friedrich""",Lied der Freundschaft,6.30
Hölderlin - Lied der Liebe,"""Hölderlin, Friedrich""",Lied der Liebe,8.26
Hölderlin - Meine Genesung,"""Hölderlin, Friedrich""",Meine Genesung,8.26
Hölderlin - Melodie,"""Hölderlin, Friedrich""",Melodie,8.41
Hölderlin - Menons Klage um Diotima,"""Hölderlin, Friedrich""",Menons Klage um Diotima,2.11
Hölderlin - Menschenbeifall,"""Hölderlin, Friedrich""",Menschenbeifall,4.111
Hölderlin - Rückkehr in die Heimat,"""Hölderlin, Friedrich""",Rückkehr in die Heimat,4.80
Hölderlin - Schwabens Mägdelein,"""Hölderlin, Friedrich""",Schwabens Mägdelein,4.34
Hölderlin - Sokrates und Alkibiades,"""Hölderlin, Friedrich""",Sokrates und Alkibiades,4.111
Hölderlin - Unter den Alpen gesungen,"""Hölderlin, Friedrich""",Unter den Alpen gesungen,4.82
Höllerer - Buntspecht,"""Höllerer, Walter""",Buntspecht,4.80
Höllerer - Eléphant von Bernini,"""Höllerer, Walter""",Eléphant von Bernini,4.100
Höllerer - Fortgehn. Unbestimmtes,"""Höllerer, Walter""",Fortgehn. Unbestimmtes,4.81
Höllerer - Krüge stehen bereit,"""Höllerer, Walter""",Krüge stehen bereit,4.111
Höllerer - Lob der Kamille,"""Höllerer, Walter""",Lob der Kamille,4.20
"Höllerer - O sieh den roten Mohn, erschrick","""Höllerer, Walter""","O sieh den roten Mohn, erschrick","3.4,3.4axa"
Höllerer - So schlafen so wachen,"""Höllerer, Walter""",So schlafen so wachen,4.61
Holm - Keen brotlose Kunst,"""Holm, Hans Henning""",Keen brotlose Kunst,4.36
Holtei - An a Härrn Dukter Middeldorpf,"""Holtei, Karl von""",An a Härrn Dukter Middeldorpf,8.13
Holtei - De ehrlichen Diebe,"""Holtei, Karl von""",De ehrlichen Diebe,8.37
Holtei - De lahme Grethe,"""Holtei, Karl von""",De lahme Grethe,4.67
Holtei - Der faule Müller,"""Holtei, Karl von""",Der faule Müller,6.39
Holtei - Der Schaferknächt,"""Holtei, Karl von""",Der Schaferknächt,8.19
Holtei - Eduard Trewendt,"""Holtei, Karl von""",Eduard Trewendt,4.93
Holtei - Fordre niemand mein Schicksal zu hören,"""Holtei, Karl von""",Fordre niemand mein Schicksal zu hören,8.26
Holtei - Fruhjährlid,"""Holtei, Karl von""",Fruhjährlid,6.15
Holtei - Kalenderbildel,"""Holtei, Karl von""",Kalenderbildel,4.36
Holtei - Zu Frau Weinholden ihrem,"""Holtei, Karl von""",Zu Frau Weinholden ihrem,4.95
Holthusen - Hamlets Tod,"""Holthusen, Hans Egon""",Hamlets Tod,4.106
Holthusen - Sommermorgen in Wallis,"""Holthusen, Hans Egon""",Sommermorgen in Wallis,4.93
Hölty - Adelstan und Röschen,"""Hölty, Ludwig Christoph Heinrich""",Adelstan und Röschen,8.14
"Hölty - An den Mond (Geuß, lieber Mond)","""Hölty, Ludwig Christoph Heinrich""","An den Mond (Geuß, lieber Mond)",4.76
Hölty - An den Mond (Was schauest so hell und klar),"""Hölty, Ludwig Christoph Heinrich""",An den Mond (Was schauest du so hell und klar),8.15
Hölty - An die Grille,"""Hölty, Ludwig Christoph Heinrich""",An die Grille,4.82
Hölty - An ein Ideal,"""Hölty, Ludwig Christoph Heinrich""","An ein Ideal [= Das Traumbild (Geliebtes Bild, das mir mit Feurentzücken)]",4.75
Hölty - An eine Nachtigall,"""Hölty, Ludwig Christoph Heinrich""",An eine Nachtigall,4.75
Hölty - An einen Blumengarten,"""Hölty, Ludwig Christoph Heinrich""",An einen Blumengarten,4.81
"Hölty - An einen Freund, der sich in","""Hölty, Ludwig Christoph Heinrich""","An einen Freund, der sich in",4.78
Hölty - An Gott,"""Hölty, Ludwig Christoph Heinrich""",An Gott,4.80
Hölty - An meine Freunde,"""Hölty, Ludwig Christoph Heinrich""",An meine Freunde,4.111
Hölty - An Minnas Geist,"""Hölty, Ludwig Christoph Heinrich""",An Minnas Geist,4.76
Hölty - Apoll und Daphne,"""Hölty, Ludwig Christoph Heinrich""",Apoll und Daphne,4.29
Hölty - Auf den Tod des Herrn J.C. Sunter,"""Hölty, Ludwig Christoph Heinrich""",Auf den Tod des Herrn J.C. Sunter,8.40
Hölty - Aufmunterung zur Freude,"""Hölty, Ludwig Christoph Heinrich""",Aufmunterung zur Freude,4.67
Hölty - Ballade,"""Hölty, Ludwig Christoph Heinrich""",Ballade,8.14
Hölty - Bardengesang,"""Hölty, Ludwig Christoph Heinrich""",Bardengesang,4.77
Hölty - Das Traumbild (Wo bist du),"""Hölty, Ludwig Christoph Heinrich""","Das Traumbild (Wo bist du, Bild, das vor mir stand)",8.15
Hölty - Der alte Landmann an seinen Sohn (Üb immer Treu und Redlichkeit),"""Hölty, Ludwig Christoph Heinrich""",Der alte Landmann an seinen Sohn (Üb immer Treu und Redlichkeit),8.14
Hölty - Der Anger,"""Hölty, Ludwig Christoph Heinrich""",Der Anger,6.16
Hölty - Der befreite Sklave,"""Hölty, Ludwig Christoph Heinrich""",Der befreite Sklave,4.34
Hölty - Der Kuß,"""Hölty, Ludwig Christoph Heinrich""",Der Kuß,4.111
Hölty - Der Misogyn,"""Hölty, Ludwig Christoph Heinrich""",Der Misogyn,8.11
Hölty - Die künftige Geliebte (Brächte der nächste Frühling),"""Hölty, Ludwig Christoph Heinrich""",Die künftige Geliebte (Brächte der nächste Frühling),4.82
Hölty - Die künftige Geliebte (Entschwebtest du dem Seelengefilde schon),"""Hölty, Ludwig Christoph Heinrich""",Die künftige Geliebte (Entschwebtest du dem Seelengefilde schon),4.80
Hölty - Die Mainacht,"""Hölty, Ludwig Christoph Heinrich""",Die Mainacht,4.111
Hölty - Die Nonne,"""Hölty, Ludwig Christoph Heinrich""",Die Nonne,8.15
Hölty - Die Schiffende,"""Hölty, Ludwig Christoph Heinrich""",Die Schiffende,4.76
Hölty - Die Seligkeit der Liebenden,"""Hölty, Ludwig Christoph Heinrich""",Die Seligkeit der Liebenden,4.78
Hölty - Elegie auf ein Landmädchen,"""Hölty, Ludwig Christoph Heinrich""",Elegie auf ein Landmädchen,8.40
Hölty - Elegie bei dem Grabe meines Vaters,"""Hölty, Ludwig Christoph Heinrich""",Elegie bei dem Grabe meines Vaters,4.86
Hölty - Entzückung,"""Hölty, Ludwig Christoph Heinrich""",Entzückung,4.86
Hölty - Erinnerung,"""Hölty, Ludwig Christoph Heinrich""",Erinnerung,6.19
Hölty - Frühlingslied,"""Hölty, Ludwig Christoph Heinrich""",Frühlingslied,6.16
Hölty - Hexenlied,"""Hölty, Ludwig Christoph Heinrich""",Hexenlied,6.2
Hölty - Klaglied eines Mädchens über den Tod ihres Geliebten,"""Hölty, Ludwig Christoph Heinrich""",Klaglied eines Mädchens über den Tod ihres Geliebten,8.14
Hölty - Laura (Kein Blick der Hoffnung heitert die Seele mir),"""Hölty, Ludwig Christoph Heinrich""",Laura (Kein Blick der Hoffnung heitert die Seele mir),4.80
Hölty - Leander und Ismene,"""Hölty, Ludwig Christoph Heinrich""",Leander und Ismene,8.15
Hölty - Lebenspflichten,"""Hölty, Ludwig Christoph Heinrich""",Lebenspflichten,4.31
Hölty - Lied eines Liebenden,"""Hölty, Ludwig Christoph Heinrich""",Lied eines Liebenden,6.2
Hölty - Lied eines Mädchens auf den Tod ihrer Gespielin,"""Hölty, Ludwig Christoph Heinrich""",Lied eines Mädchens auf den Tod ihrer Gespielin,8.15
Hölty - Mailied (Schön im Feierschmucke lächelt),"""Hölty, Ludwig Christoph Heinrich""",Mailied (Schön im Feierschmucke lächelt),8.26
Hölty - Mailied (Tanzt dem schönen Mai entgegen),"""Hölty, Ludwig Christoph Heinrich""",Mailied (Tanzt dem schönen Mai entgegen),8.26
Hölty - Minnehuldigung,"""Hölty, Ludwig Christoph Heinrich""",Minnehuldigung,4.49
Hölty - Minnelied (Es ist ein halbes Himmelreich),"""Hölty, Ludwig Christoph Heinrich""",Minnelied (Es ist ein halbes Himmelreich),6.19
Hölty - Minnelied (Süßer klingt der Vogelsang),"""Hölty, Ludwig Christoph Heinrich""",Minnelied (Süßer klingt der Vogelsang),4.31
Hölty - Narziss und Echo,"""Hölty, Ludwig Christoph Heinrich""",Narziss und Echo,8.15
Hölty - Sehnsucht nach Liebe,"""Hölty, Ludwig Christoph Heinrich""",Sehnsucht nach Liebe,4.111
Hölty - Siegeslied bei Eroberung des heiligen Grabes,"""Hölty, Ludwig Christoph Heinrich""",Siegeslied bei Eroberung des heiligen Grabes,4.34
Hölty - Töffel und Käthe,"""Hölty, Ludwig Christoph Heinrich""",Töffel und Käthe,8.7
Hölty - Totengräberlied,"""Hölty, Ludwig Christoph Heinrich""",Totengräberlied,6.3
Hölty - Trauerlied,"""Hölty, Ludwig Christoph Heinrich""",Trauerlied,4.75
Hölty - Trinklied,"""Hölty, Ludwig Christoph Heinrich""",Trinklied,8.14
Hölty - Trinklied im Mai,"""Hölty, Ludwig Christoph Heinrich""",Trinklied im Mai,8.1
Hölty - Trinklied im Winter,"""Hölty, Ludwig Christoph Heinrich""",Trinklied im Winter,6.2
Hölty - Vaterlandslied,"""Hölty, Ludwig Christoph Heinrich""",Vaterlandslied,"3.4,3.4aaa"
Hölty - Vermächtnis,"""Hölty, Ludwig Christoph Heinrich""",Vermächtnis,4.80
"Hölty - Willkommen, liebe Sommerzeit","""Hölty, Ludwig Christoph Heinrich""","Mailied (Willkommen, liebe Sommerzeit)",4.34
Holz - Amerika,"""Holz, Arno""",Amerika,4.72
Holz - An die >obern Zehntausend<,"""Holz, Arno""",An die >obern Zehntausend<,4.106
Holz - An die Konventionellen,"""Holz, Arno""",An die Konventionellen,4.106
Holz - An die Wölfflinge,"""Holz, Arno""",An die Wölfflinge,4.109
Holz - An Friedrich Rückert,"""Holz, Arno""",An Friedrich Rückert,4.103
Holz - An neunundneunzig von hundert,"""Holz, Arno""",An neunundneunzig von hundert,4.66
Holz - An unser Volk,"""Holz, Arno""",An unser Volk,4.87
Holz - Auf alle Fälle,"""Holz, Arno""",Auf alle Fälle,4.63
Holz - Bibelbiereifrig,"""Holz, Arno""",Bibelbiereifrig,4.46
Holz - Chaos,"""Holz, Arno""",Chaos,2.10
Holz - Chorus der Lyriker,"""Holz, Arno""",Chorus der Lyriker,4.67
Holz - Das kommt davon!,"""Holz, Arno""",Das kommt davon!,4.67
Holz - Das Volk an die Fürsten,"""Holz, Arno""",Das Volk an die Fürsten,4.96
Holz - Deutsche Literaturballade,"""Holz, Arno""",Deutsche Literaturballade,4.59
Holz - Die Dichterin / Fragment aus,"""Holz, Arno""",Die Dichterin / Fragment aus,2.4
Holz - Drei Ringe,"""Holz, Arno""",Drei Ringe,4.102
Holz - Een Boot is noch buten!,"""Holz, Arno""",Een Boot is noch buten!,10.0
Holz - Ein Andres [Bild],"""Holz, Arno""",Ein Andres [Bild],8.44
Holz - Ein Bild,"""Holz, Arno""",Ein Bild,8.44
Holz - Ein dunkles Blatt,"""Holz, Arno""",Ein dunkles Blatt,4.64
Holz - Einem abgeblitzten Collegen,"""Holz, Arno""",Einem abgeblitzten Collegen,4.74
Holz - Emmanuel Geibel,"""Holz, Arno""",Emmanuel Geibel,8.37
Holz - Er bluhstert sich auff,"""Holz, Arno""",Holz - Er bluhstert sich auff / alß ob er der Daradiridatumtarides wäre,4.22
Holz - Er bokulirt im Hirschen,"""Holz, Arno""",Er bokulirt im Hirschen,5.8
Holz - Er freut sich daß es Frühling ist,"""Holz, Arno""",Er freut sich / daß es Frühling ist,5.4
Holz - Er ligt alt und kranck,"""Holz, Arno""",Er ligt alt und kranck und kombt sich für geschlagner denn Hiob!,6.36
Holz - Er pirscht bei ihr,"""Holz, Arno""",Er pirscht bey ihr auff den Cupidinem,6.7
Holz - Er siht Arsinoen,"""Holz, Arno""",Er siht Arsinoen,8.19
Holz - Er sizzt mit seinen Kompanen im Sauff-Haus,"""Holz, Arno""",Er sizzt mit seinen Kompanen im Sauff-Hauß und solmisirt ihnen/ wofor er sie frey-hält,4.18
Holz - Er verlöffelt sich in seine Kammer-Magd,"""Holz, Arno""",Er verlöffelt sich in seine Kammer-Magd,8.27
"Holz - Erst jetzt, da du dich von","""Holz, Arno""","Erst jetzt, da du dich von",10.9
Holz - Es verdreusst ihm!,"""Holz, Arno""",Es verdreusst ihm!,4.51
Holz - F. v. B.,"""Holz, Arno""",F. v. B.,8.32
Holz - Herbst,"""Holz, Arno""",Herbst,4.40
Holz - Im Volkston,"""Holz, Arno""",Im Volkston,8.5
Holz - In memoriam!,"""Holz, Arno""",In memoriam!,4.47
"Holz - Ja, ich gebs zu, und du hast recht mein Freund (Zwischen siebzehn und achtzehn 17)","""Holz, Arno""","Ja, ich gebs zu, und du hast recht mein Freund (Zwischen siebzehn und achtzehn 17)",6.43
Holz - Lehrfreiheit,"""Holz, Arno""",Lehrfreiheit,4.21
Holz - Mein Herz schlägt laut,"""Holz, Arno""",Mein Herz schlägt laut,8.30
Holz - Meine Nachbarschaft,"""Holz, Arno""",Meine Nachbarschaft,8.44
Holz - Müde,"""Holz, Arno""",Müde,8.29
Holz - Nach einer Wanderung,"""Holz, Arno""",Nach einer Wanderung,8.41
Holz - Noch Eins!,"""Holz, Arno""",Noch Eins!,8.14
Holz - Phantasus,"""Holz, Arno""",Phantasus,8.37
Holz - Rückblick,"""Holz, Arno""",Rückblick,4.67
Holz - So ist's!,"""Holz, Arno""",So ist's!,4.67
Holz - Tagtäglich,"""Holz, Arno""",Tagtäglich,4.64
Holz - Verschiedenen Collegen,"""Holz, Arno""",Verschiedenen Collegen,4.106
Holz - Von Ewigkeit zu Ewigkeit,"""Holz, Arno""",Von Ewigkeit zu Ewigkeit,8.44
Holz - Vorfrühling,"""Holz, Arno""",Vorfrühling,4.14
Holz - Zum Ausgang,"""Holz, Arno""",Zum Ausgang,4.101
Holz - Zum Eingang,"""Holz, Arno""",Zum Eingang,4.65
Holz - Zwischen Siebzehn und Achtzehn 6,"""Holz, Arno""",Zwischen Siebzehn und Achtzehn 6,4.78
"Homburg - Ach liebste Seele, zage nicht","""Homburg, Ernst Christoph""","Ach liebste Seele, zage nicht",5.6
Homburg - Ach wundergroßer Siegesheld,"""Homburg, Ernst Christoph""",Ach wundergroßer Siegesheld,12.3
"Homburg - Ach, was ist unser Leben","""Homburg, Ernst Christoph""","Ach, was ist unser Leben",4.20
Homburg - An seinen Erlöser Jesus wegen seines bittern Leidens (O falsche Treu! / Ach Heuchelei!),"""Homburg, Ernst Christoph""",An seinen Erlöser Jesus wegen seines bittern Leidens (O falsche Treu! / Ach Heuchelei!),5.1
Homburg - Damen ohne Freier,"""Homburg, Ernst Christoph""",Damen ohne Freier,4.51
Homburg - Du wahre Christenseele du,"""Homburg, Ernst Christoph""",Du wahre Christenseele du,6.33
"Homburg - Frisch auf, mein Geist, sei wohlgemut","""Homburg, Ernst Christoph""","Frisch auf, mein Geist, sei wohlgemut",6.15
Homburg - Ich danke dir,"""Homburg, Ernst Christoph""",Ich danke dir,4.107
"Homburg - Jesu, meines Lebens Leben","""Homburg, Ernst Christoph""","Jesu, meines Lebens Leben",8.27
"Homburg - Jesu, Retter in der Not","""Homburg, Ernst Christoph""","Jesu, Retter in der Not",4.42
"Homburg - Komm Kreuzeslast, / du wehrter Gast","""Homburg, Ernst Christoph""","Komm Kreuzeslast, / du wehrter Gast",6.2
"Homburg - Komm, Schönste, laß uns eilen","""Homburg, Ernst Christoph""","Komm, Schönste, laß uns eilen",8.7
Homburg - Mein Jesus ist getreu,"""Homburg, Ernst Christoph""",Mein Jesus ist getreu,6.5
"Homburg - Nun ade, du Jammerwelt","""Homburg, Ernst Christoph""","Nun ade, du Jammerwelt",6.23
Homburg - Nun hat sich angefangen,"""Homburg, Ernst Christoph""",Nun hat sich angefangen,8.6
Homburg - Um Ruhe Palinarus fleht,"""Homburg, Ernst Christoph""",Um Ruhe Palinarus fleht,6.36
Horn - Da Christus geboren war / Freuet sich der Engel Schar,"""Horn, Johannes""",Da Christus geboren war / Freuet sich der Engel Schar,7.8
Horn - O liebster Herr Jesu Christ,"""Horn, Johannes""",O liebster Herr Jesu Christ,4.42
Hornbostel - Wir sitzen im traulichen,"""Hornbostel, August Gottlieb""",Wir sitzen im traulichen,4.21
Hoyers - Auf auf Zion / und schmück dich schon,"""Hoyers, Anna Owena""",Auf auf Zion / und schmück dich schon,6.2
"Hoyers - Christe, Gotts einger Sohn du bist","""Hoyers, Anna Owena""","Christe, Gotts einger Sohn du bist",6.16
Huber - Morgenlied eines Gefangenen,"""Huber, Johann Ludwig""",Morgenlied eines Gefangenen,4.76
Huber - Nachtempfindungen eines,"""Huber, Johann Ludwig""",Nachtempfindungen eines,4.106
"Hubert - Allein zu dir, Herr Jesu Christ","""Hubert, Konrad""","Allein zu dir, Herr Jesu Christ",9.3
Hübner - Martis und Veneris Aufzug,"""Hübner, Tobias""",Martis und Veneris Aufzug,4.120
Huch - Abschied,"""Huch, Ricarda""",Abschied,4.16
"Huch - Ach Gott, ein Grablied mein","""Huch, Ricarda""","Ach Gott, ein Grablied mein",2.9
Huch - An ein Kind,"""Huch, Ricarda""",An ein Kind,4.67
Huch - Baum im Herbst,"""Huch, Ricarda""",Baum im Herbst,4.33
Huch - Die jungen Gefallenen,"""Huch, Ricarda""",Die jungen Gefallenen,4.106
Huch - Die Marmorlampe,"""Huch, Ricarda""",Die Marmorlampe,4.46
Huch - Du warst nur kurze Tage,"""Huch, Ricarda""",Du warst nur kurze Tage,4.105
Huch - Einem Helden,"""Huch, Ricarda""",Einem Helden,4.74
Huch - Erinnerung,"""Huch, Ricarda""",Erinnerung,4.27
Huch - Frist,"""Huch, Ricarda""",Frist,4.96
Huch - Gebet,"""Huch, Ricarda""",Gebet,4.81
Huch - Gebet in höchster Not,"""Huch, Ricarda""",Gebet in höchster Not,8.15
Huch - Geleit,"""Huch, Ricarda""",Geleit,4.46
Huch - Heimkehr,"""Huch, Ricarda""",Heimkehr,"4.10,4.81,4.100"
Huch - Jephtha,"""Huch, Ricarda""",Jephtha,4.62
Huch - Luzifer,"""Huch, Ricarda""",Luzifer,6.45
Huch - Nachtigall und Rose,"""Huch, Ricarda""",Nachtigall und Rose,4.97
Huch - Schicksal,"""Huch, Ricarda""",Schicksal,4.50
Huch - Serenade,"""Huch, Ricarda""",Serenade,4.75
Huch - Todesahnung,"""Huch, Ricarda""",Todesahnung,4.92
Huch - Träumerei,"""Huch, Ricarda""",Träumerei,4.97
Huch - Vergangenheit,"""Huch, Ricarda""",Vergangenheit,6.41
Huch - Versuchung,"""Huch, Ricarda""",Versuchung,4.104
Huch - Zu Musik,"""Huch, Ricarda""",Zu Musik,4.7
Huch - Zuversicht,"""Huch, Ricarda""",Zuversicht,4.24
Huch - Zwei Gärten,"""Huch, Ricarda""",Zwei Gärten,4.75
"Huchel - Chausseen, Chausseen","""Huchel, Peter""","Chausseen, Chausseen",2.6
Huchel - Corenc,"""Huchel, Peter""",Corenc,4.38
Huchel - Der Herbst,"""Huchel, Peter""",Der Herbst,8.37
Huchel - Der Vetriebene,"""Huchel, Peter""",Der Vetriebene,4.103
Huchel - Dezember,"""Huchel, Peter""",Dezember,4.67
Huchel - Dezember 1942,"""Huchel, Peter""",Dezember 1942,2.6
Huchel - Die Hirtenstrophe,"""Huchel, Peter""",Die Hirtenstrophe,4.34
Huchel - Die Magd,"""Huchel, Peter""",Die Magd,4.58
Huchel - Die schilfige Nymphe,"""Huchel, Peter""",Die schilfige Nymphe,4.5
Huchel - Die Sternenreuse,"""Huchel, Peter""",Die Sternenreuse,8.34
Huchel - Havelnacht,"""Huchel, Peter""",Havelnacht,4.49
Huchel - Herbst,"""Huchel, Peter""",Herbst,8.37
Huchel - Kindheit in Alt-Langerwisch,"""Huchel, Peter""",Kindheit in Alt-Langerwisch,4.11
Huchel - Krähenwinter,"""Huchel, Peter""",Krähenwinter,4.45
Huchel - Kreuzspinne,"""Huchel, Peter""",Kreuzspinne,4.36
Huchel - Letzte Fahrt,"""Huchel, Peter""",Letzte Fahrt,4.34
Huchel - Löwenzahn,"""Huchel, Peter""",Löwenzahn,4.44
Huchel - Totenregen,"""Huchel, Peter""",Totenregen,4.71
Huchel - Wendische Heide,"""Huchel, Peter""",Wendische Heide,4.67
Huchel - Wilde Kastanie,"""Huchel, Peter""",Wilde Kastanie,8.37
Huchel - Wintersee,"""Huchel, Peter""",Wintersee,4.6
Hugo von Montfort - Ich schrieb dir gern kluge,Hugo von Montfort,Ich schrieb dir gern kluge wort,4.36
Hürtlin - O Gott im höchsten Throne,"""Hürtlin, Veit""",O Gott im höchsten Throne,4.20
Hus - Jesus Christus nostra salus,"""Hus, Johann""",Jesus Christus nostra salus,4.51
Immermann - Merlin,"""Immermann, Karl Leberecht""",Merlin,4.104
Immermann - Xenien,"""Immermann, Karl Leberecht""",Xenien,2.16
"Ingelstätter - Ich bin mit dir, mein Gott","""Ingelstätter, Andreas""","Ich bin mit dir, mein Gott",6.38
Jacobi - Abend,"""Jacobi, Johann Georg""",Abend,"4.5,4.5a"
Jacobi - An Belinden,"""Jacobi, Johann Georg""",An Belinden,4.20
Jacobi - An Chloe,"""Jacobi, Johann Georg""",An Chloe,4.49
Jacobi - An die Liebesgötter,"""Jacobi, Johann Georg""",An die Liebesgötter,6.7
Jacobi - An die Nachtigall,"""Jacobi, Johann Georg""",An die Nachtigall,4.20
Jacobi - An Philai den,"""Jacobi, Johann Georg""",An Philai den,4.67
Jacobi - Belinde,"""Jacobi, Johann Georg""",Belinde,6.41
Jacobi - Das Täubchen,"""Jacobi, Johann Georg""",Das Täubchen,6.7
Jacobi - Der Faun,"""Jacobi, Johann Georg""",Der Faun,4.20
Jacobi - Der Mond an einem Sommerabend,"""Jacobi, Johann Georg""",Der Mond an einem Sommerabend,4.29
Jacobi - Der neue Pygmalion,"""Jacobi, Johann Georg""",Der neue Pygmalion,6.19
Jacobi - Die Dichter,"""Jacobi, Johann Georg""",Die Dichter,7.7
Jacobi - Venus im Bade,"""Jacobi, Johann Georg""",Venus im Bade,6.30
Jahn - Alleen in de Nacht,"""Jahn, Moritz""",Alleen in de Nacht,2.7
Jahn - Alter Park,"""Jahn, Moritz""",Alter Park,4.113
Jahn - An einen Mathematiker,"""Jahn, Moritz""",An einen Mathematiker,4.72
Jahn - Damon ist in Paris gewesen,"""Jahn, Moritz""",Damon ist in Paris gewesen,10.9
Jahn - Das gespaltene Ich,"""Jahn, Moritz""",Das gespaltene Ich,2.7
Jahn - Das Meerwunder,"""Jahn, Moritz""",Das Meerwunder,2.7
Jahn - Das Merkewohl,"""Jahn, Moritz""",Das Merkewohl,2.4
Jahn - Dat Bild,"""Jahn, Moritz""",Dat Bild,4.61
Jahn - De Adoratio van Jannis,"""Jahn, Moritz""",De Adoratio van Jannis,4.39
Jahn - De Wulf,"""Jahn, Moritz""",De Wulf,4.20
Jahn - Der alte Landsknecht,"""Jahn, Moritz""",Der alte Landsknecht,8.5
Jahn - Der Buttervogel,"""Jahn, Moritz""",Der Buttervogel,6.34
Jahn - Der Karbunkel,"""Jahn, Moritz""",Der Karbunkel,2.3
Jahn - Der Psychophage,"""Jahn, Moritz""",Der Psychophage,2.8
Jahn - Die heiligen drei Könige,"""Jahn, Moritz""",Die heiligen drei Könige,4.112
Jahn - Die Sphinx,"""Jahn, Moritz""",Die Sphinx,2.3
Jahn - Een mooi nee Leed van de Schodeeven Jan Alken un Gärd Bohlen,"""Jahn, Moritz""",Een mooi nee Leed van de Schodeeven Jan Alken un Gärd Bohlen,5.6
Jahn - Gärd Onken,"""Jahn, Moritz""",Gärd Onken,2.5
Jahn - In einem alten Buche,"""Jahn, Moritz""",In einem alten Buche (Spiel im Barock 6),6.7
Jahn - Marias Traum,"""Jahn, Moritz""",Marias Traum,2.5
Jahn - Meller Gesellenlied,"""Jahn, Moritz""",Meller Gesellenlied,8.5
Jahn - Sein oder Nichtsein,"""Jahn, Moritz""",Sein oder Nichtsein,"3.3,3.3aaa"
Jahn - Unkepunz tanzt mit dem,"""Jahn, Moritz""",Unkepunz tanzt mit dem,4.95
Jandl - Der Greis,"""Jandl, Ernst""",Der Greis,4.20
Jandl - Legende,"""Jandl, Ernst""",Legende,2.5
"Janus - O Jesu, deine große Pein","""Janus, Martin""","O Jesu, deine große Pein",5.6
Jonas - Der Herr erhör euch in der Not,"""Jonas, Justus""",Der Herr erhör euch in der Not,6.33
"Jonas - Herr Jesu Christ, dein Erb wir sind","""Jonas, Justus""","Herr Jesu Christ, dein Erb wir sind",7.7
Jonas - Wo Gott der Herr nicht bei uns hält,"""Jonas, Justus""",Wo Gott der Herr nicht bei uns hält,7.7
"Jorissen - Jauchzt, alle Lande, Gott zu Ehren","""Jorissen, Matthias""","Jauchzt, alle Lande, Gott zu Ehren",8.37
"Jud - Ach Herr, vernimm","""Jud, Leo""","Ach Herr, vernimm",12.1
Jung - Bei dem Grabe eines Arztes,"""Jung, Michael""",Bei dem Grabe eines Arztes,6.38
Jünger - Angel und Anker,"""Jünger, Friedrich""",Angel und Anker,4.6
Jünger - Beschwörung,"""Jünger, Friedrich""",Beschwörung,2.3
Jünger - Brautlied,"""Jünger, Friedrich""",Brautlied,2.9
Jünger - Das Weinberghaus,"""Jünger, Friedrich""",Das Weinberghaus,4.54
Jünger - Der See,"""Jünger, Friedrich""",Der See,4.8
Jünger - Die Delphine,"""Jünger, Friedrich""",Die Delphine,4.55
Jünger - Die Eulen,"""Jünger, Friedrich""",Die Eulen,4.54
Jünger - Die Quelle,"""Jünger, Friedrich""",Die Quelle,4.29
Jünger - Die Ratte,"""Jünger, Friedrich""",Die Ratte,4.8
Jünger - Die Seerosen,"""Jünger, Friedrich""",Die Seerosen,4.80
Jünger - Die Silberdistelklause,"""Jünger, Friedrich""",Die Silberdistelklause,4.54
Jünger - Die Sonnenuhr,"""Jünger, Friedrich""",Die Sonnenuhr,"4.97,4.97x"
Jünger - Eisvogel,"""Jünger, Friedrich""",Eisvogel,4.8
Jünger - Erwiderung,"""Jünger, Friedrich""",Erwiderung,"3.3,3.3axa"
Jünger - Geleitspruch,"""Jünger, Friedrich""",Geleitspruch,2.8
Jünger - Medea,"""Jünger, Friedrich""",Medea,2.8
Jünger - Mich schmerzt ein jeder,"""Jünger, Friedrich""",Mich schmerzt ein jeder,4.100
Jünger - Stromwärts,"""Jünger, Friedrich""",Stromwärts,4.29
Jünger - Überdruß,"""Jünger, Friedrich""",Überdruß,4.54
Jünger - Ultima ratio,"""Jünger, Friedrich""",Ultima ratio,4.8
Jünger - Weltlauf,"""Jünger, Friedrich""",Weltlauf,4.100
Jünger - Wörlitz,"""Jünger, Friedrich""",Wörlitz,4.81
Kahlau - Haus der Kindheit,"""Kahlau, Heinz""",Haus der Kindheit,4.93
Kahlau - Nach seinem Tode,"""Kahlau, Heinz""",Nach seinem Tode,4.106
Kaiser - A und O,"""Kaiser, Georg""",A und O,4.64
Kaiser - Anruf,"""Kaiser, Georg""",Anruf,4.106
Kaiser - Das Wundermahl,"""Kaiser, Georg""",Das Wundermahl,4.100
Kaiser - Der Ruf,"""Kaiser, Georg""",Der Ruf,4.44
Kaiser - Der Stab,"""Kaiser, Georg""",Der Stab,4.106
Kaiser - Die Saite,"""Kaiser, Georg""",Die Saite,4.106
Kaiser - Ecce deus,"""Kaiser, Georg""",Ecce deus,5.15
Kaiser - Er,"""Kaiser, Georg""",Er,4.106
Kaiser - Ich brenne,"""Kaiser, Georg""",Ich brenne,4.18
Kaiser - Ichlust,"""Kaiser, Georg""",Ichlust,4.90
Kaiser - Im Park Sans-Souci,"""Kaiser, Georg""",Im Park Sans-Souci,4.109
Kaiser - Sei du dem Abend willig ein,"""Kaiser, Georg""",Sei du dem Abend willig ein,4.105
Kaiser - Selbstbildnis,"""Kaiser, Georg""",Selbstbildnis,4.121
Kaiser - Tafellied,"""Kaiser, Georg""",Tafellied,6.17
Kaldenbach - Flora meine Freude,"""Kaldenbach, Christoph""",Flora meine Freude,10.1
"Kaldenbach - Wohin ich außer dir, mein Gott","""Kaldenbach, Christoph""","Wohin ich außer dir, mein Gott",4.65
"Karsch[in] - An den Apoll, daß er die","""Karsch[in], Anna Luisa""","An den Apoll, daß er die",4.67
Karsch[in] - An die göttliche Vorsehung,"""Karsch[in], Anna Luisa""",An die göttliche Vorsehung,8.44
Karsch[in] - AnThyrsis,"""Karsch[in], Anna Luisa""",AnThyrsis,4.34
Karsch[in] - Auf den Tod einer Nachtigall,"""Karsch[in], Anna Luisa""",Auf den Tod einer Nachtigall,8.21
Karsch[in] - Bei dem jubelvollen Empfange der Königin. Den 16. Februar 1763,"""Karsch[in], Anna Luisa""",Bei dem jubelvollen Empfange der Königin. Den 16. Februar 1763,4.79
Kaschnitz - Aegina,"""Kaschnitz, Marie Luise""",Aegina,4.67
Kaschnitz - Am Himmel,"""Kaschnitz, Marie Luise""",Am Himmel,2.6
Kaschnitz - Am Strande,"""Kaschnitz, Marie Luise""",Am Strande,4.89
Kaschnitz - Amalfi,"""Kaschnitz, Marie Luise""",Amalfi,4.106
Kaschnitz - Campanien,"""Kaschnitz, Marie Luise""",Campanien,4.94
Kaschnitz - Das alte Pferd,"""Kaschnitz, Marie Luise""",Das alte Pferd,2.10
Kaschnitz - Der Mond,"""Kaschnitz, Marie Luise""",Der Mond,4.16
Kaschnitz - Die Dinge und der Tod,"""Kaschnitz, Marie Luise""",Die Dinge und der Tod,4.109
Kaschnitz - Die fremde Erde,"""Kaschnitz, Marie Luise""",Die fremde Erde,4.106
Kaschnitz - Die Straße gen Osten,"""Kaschnitz, Marie Luise""",Die Straße gen Osten,4.49
Kaschnitz - Die Straße nach Süden,"""Kaschnitz, Marie Luise""",Die Straße nach Süden,4.35
Kaschnitz - Gewitter im Bruch,"""Kaschnitz, Marie Luise""",Gewitter im Bruch,4.94
Kaschnitz - Grabstelle,"""Kaschnitz, Marie Luise""",Grabstelle,4.84
Kaschnitz - Haus am Meer 2,"""Kaschnitz, Marie Luise""",Haus am Meer 2,4.94
Kaschnitz - Kephalari,"""Kaschnitz, Marie Luise""",Kephalari,4.109
Kaschnitz - Kindheit,"""Kaschnitz, Marie Luise""",Kindheit,4.106
Kaschnitz - Kloster in Daphne,"""Kaschnitz, Marie Luise""",Kloster in Daphne,5.14
Kaschnitz - Monte Giordano,"""Kaschnitz, Marie Luise""",Monte Giordano,2.9
Kaschnitz - Sounion,"""Kaschnitz, Marie Luise""",Sounion,4.93
Kaschnitz - Trotz in Tränen,"""Kaschnitz, Marie Luise""",Trotz in Tränen,4.54
Kaschnitz - Tulpen,"""Kaschnitz, Marie Luise""",Tulpen,4.89
Kaschnitz - Vergänglichkeit,"""Kaschnitz, Marie Luise""",Vergänglichkeit,2.5
Kaschnitz - ViaAppia,"""Kaschnitz, Marie Luise""",ViaAppia,4.100
Kästner - An ein Scheusal im Abendkleid,"""Kästner, Erich""",An ein Scheusal im Abendkleid,4.66
"Kästner - Apropos, Einsamkeit","""Kästner, Erich""","Apropos, Einsamkeit",4.104
Kästner - Ball im Osten,"""Kästner, Erich""",Ball im Osten,6.22
Kästner - Ballade vom Defraudanten,"""Kästner, Erich""",Ballade vom Defraudanten,4.106
Kästner - Besagter Lenz ist da,"""Kästner, Erich""",Besagter Lenz ist da,4.104
Kästner - Bilanz per Zufall,"""Kästner, Erich""",Bilanz per Zufall,6.19
Kästner - Das Altersheim,"""Kästner, Erich""",Das Altersheim,4.29
Kästner - Das Gemurmel eines Kellners,"""Kästner, Erich""",Das Gemurmel eines Kellners,4.36
Kästner - Das Riesenspielzeug,"""Kästner, Erich""",Das Riesenspielzeug,4.65
Kästner - Der Blinde,"""Kästner, Erich""",Der Blinde,8.26
Kästner - Der Traum vom Gesichtertausch,"""Kästner, Erich""",Der Traum vom Gesichtertausch,5.14
Kästner - Die Ballade vom Nachahmungstrieb,"""Kästner, Erich""",Die Ballade vom Nachahmungstrieb,4.103
Kästner - Die Wälder schweigen,"""Kästner, Erich""",Die Wälder schweigen,5.16
Kästner - Die Zeit fährt Auto,"""Kästner, Erich""",Die Zeit fährt Auto,5.16
Kästner - Ein gutes Mädchen träumt,"""Kästner, Erich""",Ein gutes Mädchen träumt,4.37
Kästner - Ein Hund hält Reden,"""Kästner, Erich""",Ein Hund hält Reden,4.105
Kästner - Elegie nach allen Seiten,"""Kästner, Erich""",Elegie nach allen Seiten,4.87
"Kästner - Elegie, ohne große Worte","""Kästner, Erich""","Elegie, ohne große Worte",4.106
Kästner - Ganz vergebliches Gelächter,"""Kästner, Erich""",Ganz vergebliches Gelächter,4.86
Kästner - Gewisse Ehepaare,"""Kästner, Erich""",Gewisse Ehepaare,4.75
Kästner - Herbst auf der ganzen Linie,"""Kästner, Erich""",Herbst auf der ganzen Linie,4.67
Kästner - Hinweis auf die Hände einer,"""Kästner, Erich""",Hinweis auf die Hände einer,4.20
Kästner - Höhere Töchter im Gespräch,"""Kästner, Erich""",Höhere Töchter im Gespräch,6.19
Kästner - Hotelsolo für eine,"""Kästner, Erich""",Hotelsolo für eine,4.106
Kästner - In der Seitenstraße,"""Kästner, Erich""",In der Seitenstraße,4.106
Kästner - Klassenzusammenkunft,"""Kästner, Erich""",Klassenzusammenkunft,6.19
Kästner - Kleine Stadt am Sonntagmorgen,"""Kästner, Erich""",Kleine Stadt am Sonntagmorgen,4.67
Kästner - Lob der Volksvertreter,"""Kästner, Erich""",Lob der Volksvertreter,4.106
Kästner - Mißtrauenvotum,"""Kästner, Erich""",Mißtrauenvotum,4.40
Kästner - Möblierte Melancholie,"""Kästner, Erich""",Möblierte Melancholie,4.93
Kästner - Nächtliches Rezept für Städter,"""Kästner, Erich""",Nächtliches Rezept für Städter,4.104
Kästner - Nasser November,"""Kästner, Erich""",Nasser November,4.93
Kästner - Polly oder das jähe Ende,"""Kästner, Erich""",Polly oder das jähe Ende,4.36
Kästner - Prima Wetter,"""Kästner, Erich""",Prima Wetter,5.16
Kästner - Sachliche Romanze,"""Kästner, Erich""",Sachliche Romanze,4.68
Kästner - Schicksal eines stilisierten,"""Kästner, Erich""",Schicksal eines stilisierten,4.66
Kästner - Sogenannte Klassefrauen,"""Kästner, Erich""",Sogenannte Klassefrauen,5.14
Kästner - Sozusagen in der Fremde,"""Kästner, Erich""",Sozusagen in der Fremde,5.3
Kästner - Spruch für die Silvesternacht,"""Kästner, Erich""",Spruch für die Silvesternacht,4.66
Kästner - Stehgeigers Leiden,"""Kästner, Erich""",Stehgeigers Leiden,4.90
"Kästner - Vornehme Leute, 1200 Meter","""Kästner, Erich""","Vornehme Leute, 1200 Meter",5.3
Kästner - Warnung vor Selbstmord,"""Kästner, Erich""",Warnung vor Selbstmord,4.48
"Kästner - Weihnachtslied, chemisch gereinigt","""Kästner, Erich""","Weihnachtslied, chemisch gereinigt",6.27
"Kästner - Wiegenlied, väterlicherseits","""Kästner, Erich""","Wiegenlied, väterlicherseits",5.4
Kästner - Wohltätigkeit,"""Kästner, Erich""",Wohltätigkeit,4.67
"Kästner - Zeitgenossen, haufenweise","""Kästner, Erich""","Zeitgenossen, haufenweise",4.106
"Kästner, A.G. - Auf die Stein- und  Sonnenkallische Verbindung","""Kästner, Abraham Gotthelf""",Auf die Stein- und Sonnenkallische Verbindung,6.40
"Kästner, A.G. - Auf meinen seligen Vater","""Kästner, Abraham Gotthelf""",Auf meinen seligen Vater,8.46
"Kästner, A.G. - Betrachtung bei Gelegenheit","""Kästner, Abraham Gotthelf""",Betrachtung bei Gelegenheit,4.67
"Kästner, A.G. - Dem Andenken Christlob Mylius","""Kästner, Abraham Gotthelf""",Dem Andenken Christlob Mylius,4.106
"Kästner, A.G. - Der Liebhaber ohne Eifersucht","""Kästner, Abraham Gotthelf""",Der Liebhaber ohne Eifersucht,6.40
"Kästner, A.G. - Die Macht des Menschen","""Kästner, Abraham Gotthelf""",Die Macht des Menschen,6.40
"Kästner, A.G. - Gedanken bei dem Grabe eines Mathematikverständigen","""Kästner, Abraham Gotthelf""",Gedanken bei dem Grabe eines Mathematikverständigen,4.120
"Kästner, A.G. - Hannchen","""Kästner, Abraham Gotthelf""",Hannchen,4.51
"Kästner, A.G. - Klage der Guttätigkeit bei dem Grabe der Frau Friederike Sophie","""Kästner, Abraham Gotthelf""",Klage der Guttätigkeit bei dem Grabe der Frau Friederike Sophie,8.46
"Kästner, A.G. - Sehnsucht nach Wilhelminen","""Kästner, Abraham Gotthelf""",Sehnsucht nach Wilhelminen,8.46
Kazner - Heinrich und Wilhelmine (Heinrich schlief bei seiner Neuvermählten),"""Kazner, Johann""",Heinrich und Wilhelmine (Heinrich schlief bei seiner Neuvermählten),4.93
Keil - Es saßen beim schäumenden,"""Keil, Robert""",Es saßen beim schäumenden,4.37
Keimann - Meine Seele Gott erhebt,"""Keimann, Christian""",Meine Seele Gott erhebt,8.19
Keimann - Meinen Jesum laß ich nicht,"""Keimann, Christian""",Meinen Jesum laß ich nicht,6.23
"Keimann - Sei gegrüsset, Jesu gütig","""Keimann, Christian""","Sei gegrüsset, Jesu gütig",6.32
Keller - Abendlied,"""Keller, Gottfried""",Abendlied,4.88
Keller - Abendlied an die Natur,"""Keller, Gottfried""",Abendlied an die Natur,8.37
Keller - Agnes,"""Keller, Gottfried""",Agnes,4.34
"Keller - Als endlich sie nach langem, schwanken Lauf","""Keller, Gottfried""","Als endlich sie nach langem, schwanken Lauf",4.99
Keller - Am Sarg eines neunzigjährigen Landmanns vom Zürichsee,"""Keller, Gottfried""",Am Sarg eines neunzigjährigen Landmanns vom Zürichsee,6.9
Keller - An das Herz,"""Keller, Gottfried""",An das Herz,4.13
Keller - An einer Kindesleiche,"""Keller, Gottfried""",An einer Kindesleiche,8.43
Keller - An Freiligrath,"""Keller, Gottfried""",An Freiligrath,3.7
Keller - An Lenau,"""Keller, Gottfried""",An Lenau,4.49
Keller - An Ludwig Uhland 1818,"""Keller, Gottfried""",An Ludwig Uhland 1818,4.67
Keller - Aroleid,"""Keller, Gottfried""",Aroleid,4.34
Keller - Auf das eidgenössische Schützenfest,"""Keller, Gottfried""",Auf das eidgenössische Schützenfest,7.6
Keller - Auf den Tod der Luise,"""Keller, Gottfried""",Auf den Tod der Luise,4.104
Keller - Auf der Landstraße,"""Keller, Gottfried""",Auf der Landstraße,8.32
Keller - Auf Martin Distelis Tod,"""Keller, Gottfried""",Auf Martin Distelis Tod,4.104
Keller - Bei Robert Steigers Befreiung und Ankunft in Zürich,"""Keller, Gottfried""",Bei Robert Steigers Befreiung und Ankunft in Zürich,8.46
Keller - Berliner Pfingsten,"""Keller, Gottfried""",Berliner Pfingsten,8.13
Keller - Ça ira,"""Keller, Gottfried""",Ça ira,8.37
Keller - Crescenz,"""Keller, Gottfried""",Crescenz,2.9
"Keller - Da lieg ich nun, ohnmächtiger Geselle","""Keller, Gottfried""","Da lieg ich nun, ohnmächtiger Geselle",4.106
Keller - Das große Schillerfest,"""Keller, Gottfried""",Das große Schillerfest,4.54
Keller - Das Tal,"""Keller, Gottfried""",Das Tal,4.31
Keller - Dein Lied ist rührend,"""Keller, Gottfried""",Dein Lied ist rührend,4.67
Keller - Der Apotheker von Chamounix,"""Keller, Gottfried""",Der Apotheker von Chamounix,4.56
Keller - Der erste Tannenbaum,"""Keller, Gottfried""",Der erste Tannenbaum,4.103
Keller - Der Kirchenbesuch (Wie ein Fischlein in dem Netz),"""Keller, Gottfried""",Der Kirchenbesuch (Wie ein Fischlein in dem Netz),8.23
Keller - Der schönste Tannenbaum,"""Keller, Gottfried""",Der schönste Tannenbaum,4.103
Keller - Der Waadtländer Schild,"""Keller, Gottfried""",Der Waadtländer Schild,8.26
Keller - Des Friedens Engel,"""Keller, Gottfried""",Des Friedens Engel,4.122
Keller - Dich zieret dein Glauben,"""Keller, Gottfried""",Dich zieret dein Glauben,8.16
Keller - Die Aufgeregten,"""Keller, Gottfried""",Die Aufgeregten,4.93
Keller - Die falsche Scham,"""Keller, Gottfried""",Die falsche Scham,4.62
Keller - Die Landesversammlung zur Tilgung der Sonderbundskriegsschuld,"""Keller, Gottfried""",Die Landesversammlung zur Tilgung der Sonderbundskriegsschuld,8.14
Keller - Die Nacht wiegt sich mit,"""Keller, Gottfried""",Die Nacht wiegt sich mit,4.109
Keller - Die Spinnerin 1,"""Keller, Gottfried""",Die Spinnerin 1,4.54
Keller - Die Winzerin,"""Keller, Gottfried""",Die Winzerin,8.15
"Keller - Die Zeit geht nicht, sie","""Keller, Gottfried""","Die Zeit geht nicht, sie",4.34
Keller - Du willst dich freventlich,"""Keller, Gottfried""",Du willst dich freventlich,4.106
"Keller - Durch den Garten, in die Felder","""Keller, Gottfried""","Durch den Garten, in die Felder",8.29
Keller - Durchs Frührot zog das Wolkenschiff,"""Keller, Gottfried""",Durchs Frührot zog das Wolkenschiff,8.31
Keller - Ehescheidung,"""Keller, Gottfried""",Ehescheidung,"4.34,4.34x"
Keller - Ei wie das kracht,"""Keller, Gottfried""",Ei wie das kracht,4.104
Keller - Ein Fischlein steht am kühlen,"""Keller, Gottfried""",Ein Fischlein steht am kühlen,4.36
Keller - Eine Nacht,"""Keller, Gottfried""",Eine Nacht,3.7
Keller - Es gehet eine schöne Sage,"""Keller, Gottfried""",Es gehet eine schöne Sage,4.67
Keller - Es schneit und eist den,"""Keller, Gottfried""",Es schneit und eist den,4.59
"Keller - Fahre herauf, du kristallener","""Keller, Gottfried""","Fahre herauf, du kristallener",4.50
Keller - Feuer-Idylle,"""Keller, Gottfried""",Feuer-Idylle,4.99
"Keller - Flackre, fernes Licht im Tal","""Keller, Gottfried""","Flackre, fernes Licht im Tal",4.46
"Keller - Fliehe nicht, du heitre Maid","""Keller, Gottfried""","Fliehe nicht, du heitre Maid",4.46
Keller - Frühgesicht,"""Keller, Gottfried""",Frühgesicht,4.65
Keller - Frühling 1,"""Keller, Gottfried""",Frühling 1,4.43
Keller - Gewitter im Mai,"""Keller, Gottfried""",Gewitter im Mai,4.59
Keller - Gott weiß warum,"""Keller, Gottfried""",Gott weiß warum,4.63
Keller - Grillen,"""Keller, Gottfried""",Grillen,6.15
Keller - Has von Überlingen,"""Keller, Gottfried""",Has von Überlingen,4.67
Keller - Herbst 2,"""Keller, Gottfried""",Herbst 2,4.59
Keller - Herbstlied,"""Keller, Gottfried""",Herbstlied,8.37
Keller - Ich bete in der Frühe,"""Keller, Gottfried""",Ich bete in der Frühe,4.24
Keller - Ich fahre mit den Winden,"""Keller, Gottfried""",Ich fahre mit den Winden,4.26
"Keller - Ich fühlte wohl, warum ich","""Keller, Gottfried""","Ich fühlte wohl, warum ich",4.41
Keller - Ich hab in kalten Wintertagen,"""Keller, Gottfried""",Ich hab in kalten Wintertagen,4.67
Keller - Ich muß ein Weilchen wohl geschlafen haben,"""Keller, Gottfried""",Ich muß ein Weilchen wohl geschlafen haben,4.106
Keller - Im Glase blüht ein frischer,"""Keller, Gottfried""",Im Glase blüht ein frischer,4.99
Keller - Im Wald 1,"""Keller, Gottfried""",Im Wald 1,2.17
Keller - Im Wald 2,"""Keller, Gottfried""",Im Wald 2,4.31
Keller - In einem schweizerischen,"""Keller, Gottfried""",In einem schweizerischen,4.53
Keller - In eines Armen Gärtlein,"""Keller, Gottfried""",In eines Armen Gärtlein,4.109
Keller - Ins Innre jedes Sarges,"""Keller, Gottfried""",Ins Innre jedes Sarges,4.99
"Keller - Jung gewohnt, alt getan","""Keller, Gottfried""","Jung gewohnt, alt getan",4.103
Keller - Klage der Magd,"""Keller, Gottfried""",Klage der Magd,8.10
Keller - Klärchen,"""Keller, Gottfried""",Klärchen,4.5
Keller - Konditor und Poet,"""Keller, Gottfried""",Konditor und Poet,4.54
Keller - Kunigunde,"""Keller, Gottfried""",Kunigunde,4.9
Keller - Land im Herbste,"""Keller, Gottfried""",Land im Herbste,4.67
Keller - Lied der Sonne,"""Keller, Gottfried""",Lied der Sonne,4.13
Keller - Lied der Zerrissenen,"""Keller, Gottfried""",Lied der Zerrissenen,4.34
Keller - Lustig ist das Nebelgrau,"""Keller, Gottfried""",Lustig ist das Nebelgrau,7.5
Keller - Marschlied für das,"""Keller, Gottfried""",Marschlied für das,4.36
Keller - Meer,"""Keller, Gottfried""",Meer,4.57
Keller - Morgenlied,"""Keller, Gottfried""",Morgenlied,6.34
Keller - Nikolai,"""Keller, Gottfried""",Nikolai,2.17
Keller - O teure Luft,"""Keller, Gottfried""",O teure Luft,4.100
Keller - Parteigänger,"""Keller, Gottfried""",Parteigänger,7.2
Keller - Prolog zur Feier von Beethovenshundertstem Geburtstag,"""Keller, Gottfried""",Prolog zur Feier von Beethovenshundertstem Geburtstag,5.4
Keller - Rheingruß,"""Keller, Gottfried""",Rheingruß,4.31
Keller - Rot,"""Keller, Gottfried""",Rot,4.49
Keller - Schlafwandel am Tage,"""Keller, Gottfried""",Schlafwandel am Tage,8.14
Keller - Schon war die letzte Schwalbe,"""Keller, Gottfried""",Schon war die letzte Schwalbe,4.41
"Keller - Schöne Brücke, du hast mich oft getragen","""Keller, Gottfried""","Schöne Brücke, du hast mich oft getragen",6.41
Keller - Schütz im Stichfieber,"""Keller, Gottfried""",Schütz im Stichfieber,8.20
Keller - Sieh! kaum glimmt des Stromes,"""Keller, Gottfried""",Sieh! kaum glimmt des Stromes,4.49
Keller - Siehst du den Stern im,"""Keller, Gottfried""",Siehst du den Stern im,4.34
Keller - Sitzt man mit geschloßnen Augen,"""Keller, Gottfried""",Sitzt man mit geschloßnen Augen,8.29
Keller - Sommer 1,"""Keller, Gottfried""",Sommer 1,4.59
Keller - Sommernacht,"""Keller, Gottfried""",Sommernacht,8.37
Keller - Spielmannslied,"""Keller, Gottfried""",Spielmannslied,8.31
Keller - Ständchen einer Verlassenen,"""Keller, Gottfried""",Ständchen einer Verlassenen,4.107
Keller - Stille der Nacht,"""Keller, Gottfried""",Stille der Nacht,4.59
Keller - Stilleben,"""Keller, Gottfried""",Stilleben,4.58
Keller - Stutzenbart,"""Keller, Gottfried""",Stutzenbart,4.31
Keller - Tafelgüter,"""Keller, Gottfried""",Tafelgüter,4.36
Keller - Tokaier Reminiszenz an Lenau,"""Keller, Gottfried""",Tokaier Reminiszenz an Lenau,4.32
Keller - Türkischer Brauch,"""Keller, Gottfried""",Türkischer Brauch,7.11
Keller - Und wieder grünt der schöne,"""Keller, Gottfried""",Und wieder grünt der schöne,5.3
Keller - Unter Sternen,"""Keller, Gottfried""",Unter Sternen,"4.31,4.31a"
Keller - Unverhofft nach trüben Tagen,"""Keller, Gottfried""",Unverhofft nach trüben Tagen,8.29
"Keller - Verlornes Recht, verlornes","""Keller, Gottfried""","Verlornes Recht, verlornes",4.42
Keller - Viel besser wars,"""Keller, Gottfried""",Viel besser wars,4.100
Keller - Viele Wochen sind entflohn,"""Keller, Gottfried""",Viele Wochen sind entflohn,4.31
Keller - Waldstätte,"""Keller, Gottfried""",Waldstätte,4.20
Keller - Walpurgis,"""Keller, Gottfried""",Walpurgis,4.5
Keller - Wanderschaft,"""Keller, Gottfried""",Wanderschaft,4.20
Keller - Wardeins Brautfahrt,"""Keller, Gottfried""",Wardeins Brautfahrt,4.34
Keller - Weil ich den schwarzen untreu,"""Keller, Gottfried""",Weil ich den schwarzen untreu,4.64
Keller - Wie ich fahr in stiller Nacht,"""Keller, Gottfried""",Wie ich fahr in stiller Nacht,4.31
Keller - Wien 1848,"""Keller, Gottfried""",Wien 1848,8.26
Keller - Wilhelm von Humboldts Landhaus,"""Keller, Gottfried""",Wilhelm von Humboldts Landhaus,4.36
"Keller - Willkommen, klare Sommernacht","""Keller, Gottfried""","Willkommen, klare Sommernacht",4.59
Keller - Winternacht,"""Keller, Gottfried""",Winternacht,4.89
Keller - Zwölf hats geschlagen,"""Keller, Gottfried""",Zwölf hats geschlagen,4.99
Kempner - Am Scheidewege,"""Kempner, Friederike""",Am Scheidewege,4.32
Kempner - An den Kaiser Friedrich III.,"""Kempner, Friederike""",An den Kaiser Friedrich III.,4.13
Kempner - Atheismus,"""Kempner, Friederike""",Atheismus,4.68
Kempner - Das Burschenlied,"""Kempner, Friederike""",Das Burschenlied,6.15
Kempner - Der deutsche Tribun,"""Kempner, Friederike""",Der deutsche Tribun,4.21
Kempner - Der Kontrast,"""Kempner, Friederike""",Der Kontrast,4.67
Kempner - Der Polterabend,"""Kempner, Friederike""",Der Polterabend,4.38
Kempner - Die Tscherkessen,"""Kempner, Friederike""",Die Tscherkessen,4.33
Kempner - Frauenbild,"""Kempner, Friederike""",Frauenbild,4.32
Kempner - Gegen die Vivisektion,"""Kempner, Friederike""",Gegen die Vivisektion,4.78
Kempner - Lied,"""Kempner, Friederike""",Lied,"3.4,3.4aaa"
Kempner - Stimmung,"""Kempner, Friederike""",Stimmung,4.32
Kern - Es geht ein frischer Sommer,"""Kern, Konrad""",Es geht ein frischer Sommer,5.6
Kerner - Ade,"""Kerner, Justinus""",Ade,4.5
Kerner - Alte Heimat,"""Kerner, Justinus""",Alte Heimat,4.17
Kerner - Alter und Winter,"""Kerner, Justinus""",Alter und Winter,4.104
Kerner - An das Eßlinger Tal und seine,"""Kerner, Justinus""",An das Eßlinger Tal und seine Sänger,6.15
Kerner - An die ärztlichen Genossen,"""Kerner, Justinus""",An die ärztlichen Genossen,4.67
Kerner - An einen Dichterfreund,"""Kerner, Justinus""",An einen Dichterfreund,4.49
Kerner - An König Ludwig von Bayern,"""Kerner, Justinus""",An König Ludwig von Bayern,4.64
Kerner - An Peter Bruckmann,"""Kerner, Justinus""",An Peter Bruckmann,4.48
Kerner - An Rosamunde,"""Kerner, Justinus""",An Rosamunde,4.53
Kerner - Ärztliches,"""Kerner, Justinus""",Ärztliches,7.10
Kerner - Auf den Tod eines in Wildbad,"""Kerner, Justinus""",Auf den Tod eines in Wildbad,4.19
Kerner - Auf der Schloßruine zu,"""Kerner, Justinus""",Auf der Schloßruine zu,4.67
Kerner - Auf der Wanderung,"""Kerner, Justinus""",Auf der Wanderung,4.49
Kerner - Auf die Anwesenheit des Herzogs von Braunschweig in Braunschweig,"""Kerner, Justinus""",Auf die Anwesenheit des Herzogs von Braunschweig in Braunschweig,4.120
Kerner - Badenweiler,"""Kerner, Justinus""",Badenweiler,4.101
Kerner - Das Bittre des Erdballs,"""Kerner, Justinus""",Das Bittre des Erdballs,4.49
Kerner - Dem jungen Architekten,"""Kerner, Justinus""",Dem jungen Architekten,4.67
Kerner - Der Bürgerwall,"""Kerner, Justinus""",Der Bürgerwall,4.49
Kerner - Der Einsame,"""Kerner, Justinus""",Der Einsame,4.34
Kerner - Der Gärtner auf der Höhe,"""Kerner, Justinus""",Der Gärtner auf der Höhe,5.2
Kerner - Der Pilger,"""Kerner, Justinus""",Der Pilger,"4.16,6.6"
Kerner - Der reichste Fürst,"""Kerner, Justinus""",Der reichste Fürst,4.49
Kerner - Der Ring,"""Kerner, Justinus""",Der Ring,4.16
Kerner - Der Riß durchs Herz,"""Kerner, Justinus""",Der Riß durchs Herz,5.2
Kerner - Der Rosenstrauch,"""Kerner, Justinus""",Der Rosenstrauch,4.36
Kerner - Der Sängergruß auf der Burg,"""Kerner, Justinus""",Der Sängergruß auf der Burg,5.3
Kerner - Der Wanderer in der Sägmühle,"""Kerner, Justinus""",Der Wanderer in der Sägmühle,4.20
Kerner - Des Bruders Tod 5,"""Kerner, Justinus""",Des Bruders Tod 5,4.18
Kerner - Des Landschaftsmalers Karl,"""Kerner, Justinus""",Des Landschaftsmalers Karl,4.67
Kerner - Die heilige Regiswind,"""Kerner, Justinus""",Die heilige Regiswind,4.122
Kerner - Die schwäbischen Sänger,"""Kerner, Justinus""",Die schwäbischen Sänger,6.15
Kerner - Die Stiftung des Klosters Hirschau,"""Kerner, Justinus""",Die Stiftung des Klosters Hirschau,8.15
Kerner - Die traurige Hochzeit,"""Kerner, Justinus""",Die traurige Hochzeit,2.5
Kerner - Die vier wahnsinnigen Brüder,"""Kerner, Justinus""",Die vier wahnsinnigen Brüder,6.29
Kerner - Ein Lied nach dem Herbst,"""Kerner, Justinus""",Ein Lied nach dem Herbst,8.7
Kerner - Einbrach die Nacht,"""Kerner, Justinus""",Einbrach die Nacht,4.64
Kerner - Episteln 6,"""Kerner, Justinus""",Episteln 6,4.19
Kerner - Erinnerungen an den Grafen,"""Kerner, Justinus""",Erinnerungen an den Grafen,3.8
Kerner - Für Peter Bruckmanns Arbeiter,"""Kerner, Justinus""",Für Peter Bruckmanns Arbeiter,5.3
Kerner - Graf Eberhardt,"""Kerner, Justinus""",Graf Eberhardt,4.58
Kerner - Graf Olbertus von Calw,"""Kerner, Justinus""",Graf Olbertus von Calw,4.18
Kerner - Guter Rat,"""Kerner, Justinus""",Guter Rat,4.34
Kerner - Herr von der Haide,"""Kerner, Justinus""",Herr von der Haide,4.34
Kerner - Hohenstaufen,"""Kerner, Justinus""",Hohenstaufen,4.59
Kerner - Im Grade,"""Kerner, Justinus""",Im Grade,4.67
Kerner - Im Herbste,"""Kerner, Justinus""",Im Herbste,4.43
Kerner - In ihrer Krankheit,"""Kerner, Justinus""",In ihrer Krankheit,6.32
Kerner - Kein Schwanenlied,"""Kerner, Justinus""",Kein Schwanenlied,4.64
Kerner - Klage,"""Kerner, Justinus""",Klage,"4.47,4.104"
Kerner - Liebesplage,"""Kerner, Justinus""",Liebesplage,4.60
Kerner - Lob der Spindel,"""Kerner, Justinus""",Lob der Spindel,4.20
"Kerner - Mensch, stelle dich nicht","""Kerner, Justinus""","Mensch, stelle dich nicht",4.101
Kerner - Mensch! du Gefangener in der,"""Kerner, Justinus""",Mensch! du Gefangener in der,4.64
Kerner - Morgengefühl,"""Kerner, Justinus""",Morgengefühl,4.17
Kerner - Nach der Seherin Tod,"""Kerner, Justinus""",Nach der Seherin Tod,4.67
Kerner - Nächtlicher Besuch,"""Kerner, Justinus""",Nächtlicher Besuch,"4.5,8.1"
Kerner - Nun ists genug,"""Kerner, Justinus""",Nun ists genug,4.67
Kerner - Prognostikum,"""Kerner, Justinus""",Prognostikum,4.46
Kerner - Rückkehr,"""Kerner, Justinus""",Rückkehr,4.49
Kerner - Sängerneid,"""Kerner, Justinus""",Sängerneid,4.48
Kerner - Sängers Trost,"""Kerner, Justinus""",Sängers Trost,4.13
Kerner - Sankt Alban,"""Kerner, Justinus""",Sankt Alban,8.7
Kerner - Sehnsucht,"""Kerner, Justinus""",Sehnsucht,"4.17,4.17a"
Kerner - Sommerabend auf Kloster Lorch,"""Kerner, Justinus""",Sommerabend auf Kloster Lorch,8.7
Kerner - St. Walderichs Kapelle zu,"""Kerner, Justinus""",St. Walderichs Kapelle zu,4.59
Kerner - Sterbeszene,"""Kerner, Justinus""",Sterbeszene,4.64
Kerner - Stille Liebe,"""Kerner, Justinus""",Stille Liebe,4.49
Kerner - Tod im Mai,"""Kerner, Justinus""",Tod im Mai,4.48
Kerner - Totenopfer für Karl Gangloff,"""Kerner, Justinus""",Totenopfer für Karl Gangloff,6.7
Kerner - Um Mitternacht,"""Kerner, Justinus""",Um Mitternacht,4.47
Kerner - Vogelweid,"""Kerner, Justinus""",Vogelweid,2.16
Kerner - Vom morschen Baume,"""Kerner, Justinus""",Vom morschen Baume,4.46
Kerner - Von ihr im Winter,"""Kerner, Justinus""",Von ihr im Winter,7.2
Kerner - Wanderer,"""Kerner, Justinus""",Wanderer,6.7
Kerner - Wanderers Nachtlied,"""Kerner, Justinus""",Wanderers Nachtlied,4.34
Kerner - Wanderlied,"""Kerner, Justinus""",Wanderlied,8.1
Kerner - Zwei Särge,"""Kerner, Justinus""",Zwei Särge,4.20
Kernstück - Das glückhafte Schiff,"""Kernstück, Ottokar""",Das glückhafte Schiff,8.15
Kessel - Zimperliese,"""Kessel, Martin""",Zimperliese,8.26
Kiessling - Ein Christ aus eurer Mitte,"""Kiessling, Franz""",Ein Christ aus eurer Mitte,8.30
Kinau - De dütschen Scheepen geft sick nich,"""Kinau, Johann (Gorch Fock)""",De dütschen Scheepen geft sick nich,8.39
Kinau - Finkwarder Leed,"""Kinau, Johann (Gorch Fock)""",Finkwarder Leed,2.6
Kinau - Mariner,"""Kinau, Johann (Gorch Fock)""",Mariner,4.67
Kinau - Poor Frogen an John Bull,"""Kinau, Johann (Gorch Fock)""",Poor Frogen an John Bull,6.33
Kinau - Wedder een bieben,"""Kinau, Johann (Gorch Fock)""",Wedder een bieben,5.2
Kindermann - Der Tag ist nun vergangen,"""Kindermann, Balthasar""",Der Tag ist nun vergangen,6.9
"Kindermann - Ich will dich loben, weil ich mag","""Kindermann, Balthasar""","Ich will dich loben, weil ich mag",8.18
Kinkel - Bruderlied,"""Kinkel, Gottfried""",Bruderlied,6.14
Klabund - Ballade vom Bolschewik,Klabund (Alfred Henschke),Ballade vom Bolschewik,4.106
Klabund - Der Seiltänzer,Klabund (Alfred Henschke),Der Seiltänzer,4.106
Klabund - Der sterbende Soldat,Klabund (Alfred Henschke),Der sterbende Soldat,4.100
Klabund - Die Harfenjule,Klabund (Alfred Henschke),Die Harfenjule,4.49
Klabund - Die verlorene Welt,Klabund (Alfred Henschke),Die verlorene Welt,4.90
Klabund - Ich baumle mit de Beene,Klabund (Alfred Henschke),Ich baumle mit de Beene,8.26
Klabund - In Lichterfelde Ost,Klabund (Alfred Henschke),In Lichterfelde Ost,5.3
Klabund - Matrosenlied,Klabund (Alfred Henschke),Matrosenlied,5.3
Klabund - Meier,Klabund (Alfred Henschke),Meier,4.67
Klabund - Montezuma,Klabund (Alfred Henschke),Montezuma,3.7
Klabund - Zwiegespräch,Klabund (Alfred Henschke),Zwiegespräch,6.7
Klaj - Ach Teutschland nicht mehr teutsches Land,"""Klaj, Johann""",Ach Teutschland nicht mehr teutsches Land,10.3
"Klaj - Auf, auf, mein Geist, nimm Flügel","""Klaj, Johann""","Auf, auf, mein Geist, nimm Flügel",12.2
Klaj - Chor der römischen Soldaten,"""Klaj, Johann""",Chor der römischen Soldaten,4.81
Klaj - Die Sonn hat sich verkrochen,"""Klaj, Johann""",Die Sonn hat sich verkrochen,8.7
"Klaj - Entbrenne du, mein ganzes Ich","""Klaj, Johann""","Entbrenne du, mein ganzes Ich",12.3
Klaj - Geburtstag des Friedens,"""Klaj, Johann""",Geburtstag des Friedens,4.118
Klaj - Hier in diesem Sommergarten (Chor der Flora in >Geburtstag des Friedens<),"""Klaj, Johann""",Hier in diesem Sommergarten (Chor der Flora in >Geburtstag des Friedens<),6.30
Klaj - Ihr Augen wollt ihr euch,"""Klaj, Johann""",Ihr Augen wollt ihr euch,4.119
Klaj - Lustfreudiges Friedensfest,"""Klaj, Johann""",Lustfreudiges Friedensfest,4.120
Klaj - Parodia Opitiana (Wir empfinden nun ein Grauen),"""Klaj, Johann""",Parodia Opitiana (Wir empfinden nun ein Grauen),8.24
Klaj - Schäferlied bei dem Kripplein Christi,"""Klaj, Johann""",Schäferlied bei dem Kripplein Christi,6.25
"Klaj - Vater, geh nicht ins Gericht","""Klaj, Johann""","Vater, geh nicht ins Gericht",8.13
Klaj - Wie trefflich schön und überfein,"""Klaj, Johann""",Wie trefflich schön und überfein,7.7
Klaj - Zweimal ist der Schnee zerflossen,"""Klaj, Johann""",Zweimal ist der Schnee zerflossen,6.25
"Kleist, E.C. - Amynt","""Kleist, Ewald Christian von""",Amynt,4.85
"Kleist, E.C. - An Daphnen","""Kleist, Ewald Christian von""",An Daphnen,4.29
"Kleist, E.C. - An Wilhelmine","""Kleist, Ewald Christian von""",An Wilhelmine,6.44
"Kleist, E.C. - Damöt und Lesbia","""Kleist, Ewald Christian von""",Damöt und Lesbia,2.9
"Kleist, E.C. - Das Landleben","""Kleist, Ewald Christian von""",Das Landleben,4.84
"Kleist, E.C. - Der Vorsatz","""Kleist, Ewald Christian von""",Der Vorsatz,4.84
"Kleist, E.C. - Einladung aufs Land","""Kleist, Ewald Christian von""",Einladung aufs Land,4.29
"Kleist, E.C. - Liebeslied an die Weinflasche","""Kleist, Ewald Christian von""",Liebeslied an die Weinflasche,4.75
"Kleist, E.C. - Lied eines Lappländers","""Kleist, Ewald Christian von""",Lied eines Lappländers,4.75
"Kleist, E.C. - Lob der Gottheit","""Kleist, Ewald Christian von""",Lob der Gottheit,4.124
"Kleist, E.C. - Phyllis an Damon","""Kleist, Ewald Christian von""",Phyllis an Damon,4.84
"Kleist, E.C. - Sehnsucht nach der Ruhe","""Kleist, Ewald Christian von""",Sehnsucht nach der Ruhe,6.44
"Kleist, E.C. - Trinklied","""Kleist, Ewald Christian von""",Trinklied,4.45
"Kleist, H. - An den Erzherzog Karl","""Kleist, Heinrich von""",An den Erzherzog Karl,4.93
"Kleist, H. - An den König von Preußen zur Feier seines Einzugs in Berlin","""Kleist, Heinrich von""",An den König von Preußen zur Feier seines Einzugs in Berlin,8.47
"Kleist, H. - An die Königin Luise von Preußen zur Feier ihres Geburtstags","""Kleist, Heinrich von""",An die Königin Luise von Preußen zur Feier ihres Geburtstags,8.47
"Kleist, H. - An Palafox","""Kleist, Heinrich von""",An Palafox,4.119
"Kleist, H. - Der höhere Frieden","""Kleist, Heinrich von""",Der höhere Frieden,4.93
"Kleist, H. - Germania an ihre Kinder","""Kleist, Heinrich von""",Germania an ihre Kinder,8.26
"Kleist, H. - Kriegslied der Deutschen","""Kleist, Heinrich von""",Kriegslied der Deutschen,4.31
Klenke - Mein Element,"""Klenke, Karoline Luise von""",Mein Element,4.48
Klepper - Der du die Zeit in Händen hast,"""Klepper, Jochen (Klieber?)""",Der du die Zeit in Händen hast,6.19
Klepper - Der Tag ist seiner Höhe nah,"""Klepper, Jochen (Klieber?)""",Der Tag ist seiner Höhe nah,4.34
Klepper - Die Nacht ist vorgedrungen,"""Klepper, Jochen (Klieber?)""",Die Nacht ist vorgedrungen,8.7
"Klepper - Ich weiß, der Herr der ist mein Hirt","""Klepper, Jochen (Klieber?)""","Ich weiß, der Herr der ist mein Hirt",2.5
"Klesch, C. - Auf, auf, macht Tür und Tore weit","""Klesch, Christoph""","Auf, auf, macht Tür und Tore weit",5.7
"Klesch, D. - Der Tag, der ist so freudenreich","""Klesch, Daniel""","Der Tag, der ist so freudenreich",8.12
Kloentrup - An Fr. Hahn,"""Kloentrup, Johann Ägidius""",An Fr. Hahn,4.80
Klopstock - Aedon,"""Klopstock, Friedrich Gottlieb""",Aedon,4.111
Klopstock - An die Dichter meiner Zeit,"""Klopstock, Friedrich Gottlieb""",An die Dichter meiner Zeit,4.80
Klopstock - An die rheinischen Republikaner,"""Klopstock, Friedrich Gottlieb""",An die rheinischen Republikaner,4.80
Klopstock - An Fanny,"""Klopstock, Friedrich Gottlieb""",An Fanny,4.80
Klopstock - An Gleim,"""Klopstock, Friedrich Gottlieb""",An Gleim,4.111
Klopstock - An Gott,"""Klopstock, Friedrich Gottlieb""",An Gott,4.80
Klopstock - An Herr Schmidten,"""Klopstock, Friedrich Gottlieb""",An Herr Schmidten,4.80
Klopstock - An Young,"""Klopstock, Friedrich Gottlieb""",An Young,4.111
Klopstock - Auf meine Freunde,"""Klopstock, Friedrich Gottlieb""",Auf meine Freunde (später Wingolf),4.80
Klopstock - Das Rosenband,"""Klopstock, Friedrich Gottlieb""",Das Rosenband,3.5
Klopstock - Das Wiedersehen,"""Klopstock, Friedrich Gottlieb""",Das Wiedersehen,4.34
Klopstock - Dem Erlöser,"""Klopstock, Friedrich Gottlieb""",Dem Erlöser,4.80
Klopstock - Der Abschied,"""Klopstock, Friedrich Gottlieb""",Der Abschied,4.80
Klopstock - Der Sieg der Glaubenden,"""Klopstock, Friedrich Gottlieb""",Der Sieg der Glaubenden,8.27
Klopstock - Der Zürchersee,"""Klopstock, Friedrich Gottlieb""",Der Zürchersee,4.111
Klopstock - Die Erlösung,"""Klopstock, Friedrich Gottlieb""",Die Erlösung,8.27
Klopstock - Die Jakobiner,"""Klopstock, Friedrich Gottlieb""",Die Jakobiner,4.80
Klopstock - Die Stunden der Weihe,"""Klopstock, Friedrich Gottlieb""",Die Stunden der Weihe,4.80
Klopstock - Die tote Clarissa,"""Klopstock, Friedrich Gottlieb""",Die tote Clarissa,4.82
Klopstock - Die Unschuldigen,"""Klopstock, Friedrich Gottlieb""",Die Unschuldigen,4.82
Klopstock - Die Verwandelten,"""Klopstock, Friedrich Gottlieb""",Die Verwandelten,4.82
Klopstock - Edone,"""Klopstock, Friedrich Gottlieb""",Edone,4.20
Klopstock - Elegie (Die künftige Geliebte),"""Klopstock, Friedrich Gottlieb""",Elegie (Die künftige Geliebte),2.11
Klopstock - Friedensburg,"""Klopstock, Friedrich Gottlieb""",Friedensburg,4.111
Klopstock - Furcht der Geliebten,"""Klopstock, Friedrich Gottlieb""",Furcht der Geliebten,4.82
Klopstock - Kriegslied zur Nachahmung des alten Liedes von der Chevy-Chase-Jagd (Heinrich der Vogler),"""Klopstock, Friedrich Gottlieb""",Kriegslied zur Nachahmung des alten Liedes von der Chevy-Chase-Jagd (Heinrich der Vogler),4.34
Klopstock - Mein Wäldchen,"""Klopstock, Friedrich Gottlieb""",Mein Wäldchen,4.82
Klopstock - Sinai und Golgatha,"""Klopstock, Friedrich Gottlieb""",Sinai und Golgatha,4.34
Klopstock - Stärkung,"""Klopstock, Friedrich Gottlieb""",Stärkung,8.27
Klopstock - Weihtrunk an die toten Freunde,"""Klopstock, Friedrich Gottlieb""",Weihtrunk an die toten Freunde,4.111
Klopstock - Wingolf,"""Klopstock, Friedrich Gottlieb""",Wingolf (ehmals Auf meine Freunde),4.80
Klopstock - Wunsch,"""Klopstock, Friedrich Gottlieb""",Wunsch,4.80
Klose - Das große Licht der Welt hat,"""Klose, Heinrich""",Das große Licht der Welt hat,4.84
Knaust - Nach Willen dein / Mich dir allein,"""Knaust, Henrich""",Nach Willen dein / Mich dir allein,12.1
"Knaust - O Welt, ich muß dich lassen","""Knaust, Henrich""","O Welt, ich muß dich lassen",6.7
Knaust - Wo soll ich mich hinkehren,"""Knaust, Henrich""",Wo soll ich mich hinkehren,8.5
Knöpken - Help uns in dynen namen,"""Knöpken, Andreas""",Help uns in dynen namen,7.2
"Knorr von Rosenroth - Ach Jesu, meiner Seelen Freude","""Knorr von Rosenroth, Christian""","Ach Jesu, meiner Seelen Freude",6.40
"Knorr von Rosenroth - Bewein, o Christenmensch, selbst deine eigne Not","""Knorr von Rosenroth, Christian""","Bewein, o Christenmensch, selbst deine eigne Not",4.113
Knorr von Rosenroth - Der Höchste sei gelobt,"""Knorr von Rosenroth, Christian""",Der Höchste sei gelobt,4.115
"Knorr von Rosenroth - Jesu, Kraft der blöden Herzen","""Knorr von Rosenroth, Christian""","Jesu, Kraft der blöden Herzen",6.29
Knorr von Rosenroth - Jetzund betrachten wir,"""Knorr von Rosenroth, Christian""",Jetzund betrachten wir,4.120
Knorr von Rosenroth - Nachdem das alte Jahr,"""Knorr von Rosenroth, Christian""",Nachdem das alte Jahr,6.39
"Knorr von Rosenroth - Zeuch meinen Geist, triff meine Sinnen","""Knorr von Rosenroth, Christian""","Zeuch meinen Geist, triff meine Sinnen",4.69
Kolb - Der Herr ist mein getreuer Hirt,"""Kolb, Hans""",Der Herr ist mein getreuer Hirt,7.7
Kolbenheyer - Baum im Entblättern,"""Kolbenheyer, Erwin Guido""",Baum im Entblättern,4.68
Kolbenheyer - Bis zur Neige,"""Kolbenheyer, Erwin Guido""",Bis zur Neige,4.24
Kolbenheyer - Nebel im Walde,"""Kolbenheyer, Erwin Guido""",Nebel im Walde,4.97
Kolbenheyer - Offene Erde,"""Kolbenheyer, Erwin Guido""",Offene Erde,4.67
Kolbenheyer - Wien,"""Kolbenheyer, Erwin Guido""",Wien,4.91
Koler - Da Gott der Herr Mensch wollt werden,"""Koler, Johannes""",Da Gott der Herr Mensch wollt werden,2.14
Köler - Lustlied,"""Köler, Christoph""",Lustlied,6.7
Kolmar - Abschied,"""Kolmar, Gertrud""",Abschied,8.14
Kolmar - Aquarium,"""Kolmar, Gertrud""",Aquarium,4.93
Kolmar - Arachne,"""Kolmar, Gertrud""",Arachne,8.20
Kolmar - Arras,"""Kolmar, Gertrud""",Arras,4.89
Kolmar - Begegnung,"""Kolmar, Gertrud""",Begegnung,4.89
Kolmar - Danton in Arcis,"""Kolmar, Gertrud""",Danton in Arcis,4.103
Kolmar - Das Äffchen,"""Kolmar, Gertrud""",Das Äffchen,8.37
Kolmar - Der Freund,"""Kolmar, Gertrud""",Der Freund,8.13
Kolmar - Der Rosenkäfer,"""Kolmar, Gertrud""",Der Rosenkäfer,2.13
Kolmar - Der schöne Abend,"""Kolmar, Gertrud""",Der schöne Abend,2.7
Kolmar - Die Dichterin,"""Kolmar, Gertrud""",Die Dichterin,4.100
Kolmar - Die Frau,"""Kolmar, Gertrud""",Die Frau,4.103
Kolmar - Die Fremde,"""Kolmar, Gertrud""",Die Fremde,4.58
Kolmar - Die Geliebte,"""Kolmar, Gertrud""",Die Geliebte,8.35
Kolmar - Die Häßliche,"""Kolmar, Gertrud""",Die Häßliche,4.113
Kolmar - Die Kinderdiebin,"""Kolmar, Gertrud""",Die Kinderdiebin,4.44
Kolmar - Die kleinen Kinder,"""Kolmar, Gertrud""",Die kleinen Kinder,7.7
Kolmar - Die Liebliche,"""Kolmar, Gertrud""",Die Liebliche,8.2
Kolmar - Die Morgenvögel,"""Kolmar, Gertrud""",Die Morgenvögel,4.76
Kolmar - Die Müde,"""Kolmar, Gertrud""",Die Müde,2.9
Kolmar - Die Puppe,"""Kolmar, Gertrud""",Die Puppe,4.30
Kolmar - Die Rehe,"""Kolmar, Gertrud""",Die Rehe,7.11
Kolmar - Die Schwarze,"""Kolmar, Gertrud""",Die Schwarze,4.88
Kolmar - Die Verworfene,"""Kolmar, Gertrud""",Die Verworfene,4.109
Kolmar - Ein altes Pferd,"""Kolmar, Gertrud""",Ein altes Pferd,4.89
Kolmar - Ein Hund,"""Kolmar, Gertrud""",Ein Hund,4.41
Kolmar - Ein Kind,"""Kolmar, Gertrud""",Ein Kind,8.15
Kolmar - Erschaffung,"""Kolmar, Gertrud""",Erschaffung,4.100
Kolmar - Fledermaus,"""Kolmar, Gertrud""",Fledermaus,4.30
Kolmar - Geflügelpark,"""Kolmar, Gertrud""",Geflügelpark,4.97
Kolmar - Haus der Schiffergesellschaft,"""Kolmar, Gertrud""",Haus der Schiffergesellschaft,4.91
Kolmar - Im Anbeginn,"""Kolmar, Gertrud""",Im Anbeginn,8.31
Kolmar - Im Morgen,"""Kolmar, Gertrud""",Im Morgen,3.7
Kolmar - Jedermann,"""Kolmar, Gertrud""",Jedermann,4.18
Kolmar - Junot,"""Kolmar, Gertrud""",Junot,4.98
Kolmar - Mädchen sind und Blumen,"""Kolmar, Gertrud""",Mädchen sind und Blumen,4.93
Kolmar - Marat,"""Kolmar, Gertrud""",Marat,8.46
Kolmar - Marats Antlitz,"""Kolmar, Gertrud""",Marats Antlitz,4.91
Kolmar - Nationalversammlung,"""Kolmar, Gertrud""",Nationalversammlung,4.92
Kolmar - Saint-Just in Biérancourt,"""Kolmar, Gertrud""",Saint-Just in Biérancourt,8.37
Kolmar - Simone Evrard,"""Kolmar, Gertrud""",Simone Evrard,4.101
Kolmar - Teichfrosch,"""Kolmar, Gertrud""",Teichfrosch,"4.7,4.7a"
Kolmar - Trauerspiel,"""Kolmar, Gertrud""",Trauerspiel,4.75
Kolmar - Troglodytin,"""Kolmar, Gertrud""",Troglodytin,8.26
Kolmar - Vergib,"""Kolmar, Gertrud""",Vergib,8.34
Kolmar - Wacht,"""Kolmar, Gertrud""",Wacht,4.117
Kolmar - Wahn,"""Kolmar, Gertrud""",Wahn,4.100
Kolmar - Wappen von Bernstadt,"""Kolmar, Gertrud""",Wappen von Bernstadt,4.65
Kolmar - Wappen von Bocholt,"""Kolmar, Gertrud""",Wappen von Bocholt,4.96
Kolmar - Wappen von Friedland,"""Kolmar, Gertrud""",Wappen von Friedland,6.19
Kolmar - Wappen von Stallupönen,"""Kolmar, Gertrud""",Wappen von Stallupönen,4.92
Kolmar - Wappen von Zechlin,"""Kolmar, Gertrud""",Wappen von Zechlin,4.30
Kolmar - Wappen von Zinna,"""Kolmar, Gertrud""",Wappen von Zinna,8.37
Kolrose - Got grüß euch schone hier,"""Kolrose, Johann""",Got grüß euch schone hier,4.84
"Kolrose - Ich dank dir, lieber Herre","""Kolrose, Johann""","Ich dank dir, lieber Herre",8.7
Kongehl - Der Sonnen helles Prangen,"""Kongehl, Michael""",Der Sonnen helles Prangen,6.9
Kopisch - Des kleinen Volkes Überfahrt,"""Kopisch, August""",Des kleinen Volkes Überfahrt,14.0
Kopisch - Die Heinzelmännchen,"""Kopisch, August""",Die Heinzelmännchen,14.0
Köpken - Beruf zur Freude,"""Köpken, Friedrich von""",Beruf zur Freude,4.13
Körner - Abschied von Wien,"""Körner, Theodor""",Abschied von Wien,8.47
Körner - Am Grabe Karl Friedrich Schneiders,"""Körner, Theodor""",Am Grabe Karl Friedrich Schneiders,8.47
Körner - An den Heldensänger des,"""Körner, Theodor""",An den Heldensänger des,4.56
Körner - An die Geliebte,"""Körner, Theodor""",An die Geliebte,5.14
Körner - An die Königin Luise,"""Körner, Theodor""",An die Königin Luise,8.47
Körner - An Phöbus,"""Körner, Theodor""",An Phöbus,4.111
Körner - An Sie,"""Körner, Theodor""",An Sie,4.84
Körner - Berglied,"""Körner, Theodor""",Berglied,6.15
Körner - Bundeslied,"""Körner, Theodor""",Bundeslied,8.26
Körner - Der Dreiklang des Lebens,"""Körner, Theodor""",Der Dreiklang des Lebens,8.47
Körner - Der Traum,"""Körner, Theodor""",Der Traum,8.47
Körner - Dido,"""Körner, Theodor""",Dido,8.40
Körner - Die drei Sterne,"""Körner, Theodor""",Die drei Sterne,4.21
Körner - Durch,"""Körner, Theodor""",Durch,8.7
Körner - Erinnerung,"""Körner, Theodor""",Erinnerung,4.49
"Körner - Harras, der kühne Springer","""Körner, Theodor""","Harras, der kühne Springer",8.17
"Körner - Herz, laß dich nicht zerspalten","""Körner, Theodor""","Herz, laß dich nicht zerspalten",4.20
Körner - Im Prater,"""Körner, Theodor""",Im Prater,4.70
Körner - In der Nacht,"""Körner, Theodor""",In der Nacht,4.75
Körner - In der Neujahrsnacht 1809,"""Körner, Theodor""",In der Neujahrsnacht 1809,5.16
Körner - Jägerlied,"""Körner, Theodor""",Jägerlied,5.3
Körner - LeichterSinn,"""Körner, Theodor""",LeichterSinn,4.49
Körner - Letzter Trost,"""Körner, Theodor""",Letzter Trost,6.20
Körner - Lied der schwarzen Jäger,"""Körner, Theodor""",Lied der schwarzen Jäger,4.76
Körner - Lied des Lützowschen Jäger-Corps bei Einweihung der Fahnen,"""Körner, Theodor""",Lied des Lützowschen Jäger-Corps bei Einweihung der Fahnen,7.7
Körner - Mein hohes Lied von der,"""Körner, Theodor""",Mein hohes Lied von der,8.37
Körner - Mut,"""Körner, Theodor""",Mut,6.40
Körner - Nähe des Geliebten,"""Körner, Theodor""",Nähe des Geliebten,4.75
Körner - Prolog zu einer dramatischen Behandlung des >Conradin von Schwaben<,"""Körner, Theodor""",Prolog zu einer dramatischen Behandlung des >Conradin von Schwaben<,8.47
Körner - Reiterlied,"""Körner, Theodor""",Reiterlied,8.14
Körner - Schifferlied,"""Körner, Theodor""",Schifferlied,6.15
Körner - Spielmann und Zitter,"""Körner, Theodor""",Spielmann und Zitter,4.20
Körner - St. Medardus,"""Körner, Theodor""",St. Medardus,8.47
Körner - Ständchen,"""Körner, Theodor""",Ständchen,8.13
Körner - Unsere Zuversicht,"""Körner, Theodor""",Unsere Zuversicht,6.38
Körner - Zueignung [des Dramas >Toni<] an die Frau Herzogin Anna Dorothea von Kurland,"""Körner, Theodor""",Zueignung [des Dramas >Toni<] an die Frau Herzogin Anna Dorothea von Kurland,8.47
Kortum - Die Jobsiade,"""Kortum, Karl Arnold""",Die Jobsiade,4.69
Koschwitz - Abschiedsliedchen,"""Koschwitz, Jonas Daniel""",Abschiedsliedchen,6.13
Kosegarten - Abendphantasie,"""Kosegarten, Ludwig Theobul""",Abendphantasie,4.111
Kosegarten - Abschied von Agnes,"""Kosegarten, Ludwig Theobul""",Abschied von Agnes,8.41
Kosegarten - Ahnung,"""Kosegarten, Ludwig Theobul""",Ahnung,"6.17,8.9"
Kosegarten - Alles um Liebe,"""Kosegarten, Ludwig Theobul""",Alles um Liebe,5.4
Kosegarten - An Hardenberg,"""Kosegarten, Ludwig Theobul""",An Hardenberg,4.80
Kosegarten - An Sophie,"""Kosegarten, Ludwig Theobul""",An Sophie,8.26
Kosegarten - Blick auf,"""Kosegarten, Ludwig Theobul""",Blick auf,12.2
Kosegarten - Das eine Notwendige,"""Kosegarten, Ludwig Theobul""",Das eine Notwendige,4.42
Kosegarten - Das Lied des Bundes,"""Kosegarten, Ludwig Theobul""",Das Lied des Bundes,6.30
Kosegarten - Der Dorfkirchhof,"""Kosegarten, Ludwig Theobul""",Der Dorfkirchhof,4.100
Kosegarten - Der Nachtsturm,"""Kosegarten, Ludwig Theobul""",Der Nachtsturm,4.111
Kosegarten - Der Untergang,"""Kosegarten, Ludwig Theobul""",Der Untergang,4.83
Kosegarten - Der Wagen des Himmels,"""Kosegarten, Ludwig Theobul""",Der Wagen des Himmels,4.80
Kosegarten - Die Grabschrift,"""Kosegarten, Ludwig Theobul""",Die Grabschrift,4.100
Kosegarten - Die gute Sache,"""Kosegarten, Ludwig Theobul""",Die gute Sache,4.20
Kosegarten - Die Klage,"""Kosegarten, Ludwig Theobul""",Die Klage,12.5
Kosegarten - Die Sterne,"""Kosegarten, Ludwig Theobul""",Die Sterne,8.9
Kosegarten - Die zwölf Gebote. Ein Krieger-Codex,"""Kosegarten, Ludwig Theobul""",Die zwölf Gebote. Ein Krieger-Codex,4.20
Kosegarten - Elldor an Elldore,"""Kosegarten, Ludwig Theobul""",Elldor an Elldore,8.7
Kosegarten - Elwinens Klage um Elwill,"""Kosegarten, Ludwig Theobul""",Elwinens Klage um Elwill,8.41
Kosegarten - Erhebung,"""Kosegarten, Ludwig Theobul""",Erhebung,4.76
Kosegarten - Frühgesang,"""Kosegarten, Ludwig Theobul""",Frühgesang,4.80
Kosegarten - Gewitter und Selma,"""Kosegarten, Ludwig Theobul""",Gewitter und Selma,4.111
Kosegarten - Hosiers Geist,"""Kosegarten, Ludwig Theobul""",Hosiers Geist,8.26
Kosegarten - Hymenäe,"""Kosegarten, Ludwig Theobul""",Hymenäe,8.27
Kosegarten - Klage der Brüder am Rick um ihre scheidenden Freunde,"""Kosegarten, Ludwig Theobul""",Klage der Brüder am Rick um ihre scheidenden Freunde,4.79
Kosegarten - Klage Telynhards um seine Entfernten,"""Kosegarten, Ludwig Theobul""",Klage Telynhards um seine Entfernten,8.7
Kosegarten - Klage um Lotte von Platen,"""Kosegarten, Ludwig Theobul""",Klage um Lotte von Platen,4.93
Kosegarten - Lilienlied,"""Kosegarten, Ludwig Theobul""",Lilienlied,7.7
Kosegarten - Melancholikon,"""Kosegarten, Ludwig Theobul""",Melancholikon,8.26
Kosegarten - O Jammer Jammer,"""Kosegarten, Ludwig Theobul""",O Jammer Jammer,8.31
Kosegarten - Schön Hedchen,"""Kosegarten, Ludwig Theobul""",Schön Hedchen,4.62
Kosegarten - Schwangesang,"""Kosegarten, Ludwig Theobul""",Schwangesang,8.26
Kosegarten - Theon und Theano,"""Kosegarten, Ludwig Theobul""",Theon und Theano,4.107
Kosegarten - Tränen,"""Kosegarten, Ludwig Theobul""",Tränen,4.93
Kosegarten - Trost der Ewigkeit,"""Kosegarten, Ludwig Theobul""",Trost der Ewigkeit,4.76
Kosegarten - Trutzgesang,"""Kosegarten, Ludwig Theobul""",Trutzgesang,9.0
Kosegarten - Unsere Fürsten,"""Kosegarten, Ludwig Theobul""",Unsere Fürsten,6.18
Kosegarten - Wir und Ihr,"""Kosegarten, Ludwig Theobul""",Wir und Ihr,6.18
Kosegarten - Wonna,"""Kosegarten, Ludwig Theobul""",Wonna,8.7
Kotzebue - Es kann schon nicht immer so bleiben,"""Kotzebue, August von""",Es kann schon nicht immer so bleiben,4.21
Kraus - Alle Vögel sind schon da,"""Kraus, Karl""",Alle Vögel sind schon da,4.66
"Kraus - Alles, nur nicht die Gobelins","""Kraus, Karl""","Alles, nur nicht die Gobelins",4.106
Kraus - An den Schnittlauch,"""Kraus, Karl""",An den Schnittlauch,4.80
Kraus - Bekenntnis,"""Kraus, Karl""",Bekenntnis,2.10
Kraus - Der fliehende General,"""Kraus, Karl""",Der fliehende General,4.6
Kraus - Der Mäzen,"""Kraus, Karl""",Der Mäzen,4.21
Kraus - Der sterbende Soldat,"""Kraus, Karl""",Der sterbende Soldat,4.57
Kraus - Die Ballade vom Papagei,"""Kraus, Karl""",Die Ballade vom Papagei,4.58
Kraus - Die Psychoanalen,"""Kraus, Karl""",Die Psychoanalen,6.1
Kraus - Die Republik ist schuld,"""Kraus, Karl""",Die Republik ist schuld,4.72
"Kraus - Du bist sie, die ich nie","""Kraus, Karl""","Du bist sie, die ich nie",4.65
Kraus - Du seit langem einziges,"""Kraus, Karl""",Du seit langem einziges,4.97
Kraus - Ein leicht verständliches,"""Kraus, Karl""",Ein leicht verständliches,6.35
Kraus - Elegie auf den Tod eines,"""Kraus, Karl""",Elegie auf den Tod eines,4.75
Kraus - Epigramm aufs Hochgebirge,"""Kraus, Karl""",Epigramm aufs Hochgebirge,2.9
Kraus - Eros und der Dichter,"""Kraus, Karl""",Eros und der Dichter,8.26
Kraus - Ich habe einen Blick gesehn,"""Kraus, Karl""",Ich habe einen Blick gesehn,4.87
Kraus - Kaiserlied,"""Kraus, Karl""",Kaiserlied,8.7
Kraus - Meinem Franz Grüner,"""Kraus, Karl""",Meinem Franz Grüner,4.103
Kraus - Memoiren,"""Kraus, Karl""",Memoiren,2.10
Kraus - Mir san ja eh die reinen,"""Kraus, Karl""",Mir san ja eh die reinen,4.64
Kraus - Peter Altenberg,"""Kraus, Karl""",Peter Altenberg,2.10
Kraus - Prestige,"""Kraus, Karl""",Prestige,4.106
Kraus - Restauration,"""Kraus, Karl""",Restauration,4.67
Kraus - Rückkehr in die Zeit,"""Kraus, Karl""",Rückkehr in die Zeit,6.40
"Kraus - Schweres Rätsel, leicht zu","""Kraus, Karl""","Schweres Rätsel, leicht zu",4.105
Kraus - Silvesterruf an die Welt,"""Kraus, Karl""",Silvesterruf an die Welt,4.52
Kraus - Slowenischer Leierkasten,"""Kraus, Karl""",Slowenischer Leierkasten,6.6
Kraus - Traum,"""Kraus, Karl""",Traum,4.10
Kraus - Vergleichende Erotik,"""Kraus, Karl""",Vergleichende Erotik,4.105
Kraus - Vision des Erblindeten,"""Kraus, Karl""",Vision des Erblindeten,4.99
Kraus - Vor dem Einschlafen,"""Kraus, Karl""",Vor dem Einschlafen,4.18
Kraus - Vor dem Schlaf,"""Kraus, Karl""",Vor dem Schlaf,4.104
Kraus - Vor einem Springbrunnen,"""Kraus, Karl""",Vor einem Springbrunnen,4.58
Kraus - Wiedersehn mit Schmetterlingen,"""Kraus, Karl""",Wiedersehn mit Schmetterlingen,6.7
Kraus - Zum wohltätigen Zweck,"""Kraus, Karl""",Zum wohltätigen Zweck,2.9
Krieger - Nun sich der Tag geendet hat,"""Krieger, Adam""",Nun sich der Tag geendet hat,4.34
"Krieger - Wer sich verliebt, wird sehr betrübt","""Krieger, Adam""","Wer sich verliebt, wird sehr betrübt",6.37
Krolow - Auf dem Fluß,"""Krolow, Karl""",Auf dem Fluß,6.8
Krolow - Aufschwung,"""Krolow, Karl""",Aufschwung,4.54
Krolow - Bild im Hochsommer,"""Krolow, Karl""",Bild im Hochsommer,4.6
Krolow - Der Täter,"""Krolow, Karl""",Der Täter,4.35
Krolow - Die Überwindung der Schwermut,"""Krolow, Karl""",Die Überwindung der Schwermut,4.21
Krolow - Die Unvernunft der Herzen,"""Krolow, Karl""",Die Unvernunft der Herzen,4.24
"Krolow - Drei Orangen, zwei Zitronen","""Krolow, Karl""","Drei Orangen, zwei Zitronen",4.54
Krolow - Ende eines Sommers,"""Krolow, Karl""",Ende eines Sommers,8.3
Krolow - Fabelzeit,"""Krolow, Karl""",Fabelzeit,4.11
Krolow - Fische,"""Krolow, Karl""",Fische,5.9
Krolow - Für mein Kind,"""Krolow, Karl""",Für mein Kind,4.89
Krolow - Im Birnbaumschatten,"""Krolow, Karl""",Im Birnbaumschatten,4.28
Krolow - Mahlzeit unter Bäumen,"""Krolow, Karl""",Mahlzeit unter Bäumen,4.54
Krolow - Metamorphose,"""Krolow, Karl""",Metamorphose,4.11
Krolow - Morgenlied,"""Krolow, Karl""",Morgenlied,5.3
Krolow - Nächtliches Flötenspiel,"""Krolow, Karl""",Nächtliches Flötenspiel,"4.6,4.6a"
Krolow - Notturno am Fluß,"""Krolow, Karl""",Notturno am Fluß,4.9
Krolow - Sommerlich,"""Krolow, Karl""",Sommerlich,4.3
Krolow - Sommermittag,"""Krolow, Karl""",Sommermittag,4.21
Krolow - Sommermorgen,"""Krolow, Karl""",Sommermorgen,6.6
Krolow - Strand,"""Krolow, Karl""",Strand,4.21
Krolow - Terzinen drei Uhr nachts,"""Krolow, Karl""",Terzinen drei Uhr nachts,3.0
Krolow - Undine II,"""Krolow, Karl""",Undine II,4.12
Krolow - Verlassene Küste,"""Krolow, Karl""",Verlassene Küste,4.49
Krolow - Wasserlandschaft,"""Krolow, Karl""",Wasserlandschaft,4.32
Krolow - Wolken,"""Krolow, Karl""",Wolken,4.6
Krolow - Zuflucht im Kühlen,"""Krolow, Karl""",Zuflucht im Kühlen,4.6
Krummacher - Der Knabe am Bach,"""Krummacher, Friedrich Adolf""",Der Knabe am Bach,8.14
Krummacher - Eine Herde und ein Hirt,"""Krummacher, Friedrich Adolf""",Eine Herde und ein Hirt,6.23
Krummacher - Weihnachtslied,"""Krummacher, Friedrich Adolf""",Weihnachtslied,4.58
"Krüss - Abend, Abend will es werden","""Krüss, James""","Abend, Abend will es werden",5.8
Krüss - Am siebzehnten Oktebruar,"""Krüss, James""",Am siebzehnten Oktebruar,4.36
Krüss - Auf der Insel Madagas,"""Krüss, James""",Auf der Insel Madagas,2.3
Krüss - Blumenherren und,"""Krüss, James""",Blumenherren und,4.34
Krüss - Das Feuer,"""Krüss, James""",Das Feuer,4.51
Krüss - Das Karussel,"""Krüss, James""",Das Karussel,4.25
Krüss - Das Lied vom braven,"""Krüss, James""",Das Lied vom braven,4.34
Krüss - Das Mückenballett,"""Krüss, James""",Das Mückenballett,4.39
Krüss - Das schwarze Schaf,"""Krüss, James""",Das schwarze Schaf,6.15
Krüss - Der Mohr aus Schokolade,"""Krüss, James""",Der Mohr aus Schokolade,4.25
Krüss - Der Mops von Fräulein Lunden,"""Krüss, James""",Der Mops von Fräulein Lunden,2.2
Krüss - Die rheumatische Maus,"""Krüss, James""",Die rheumatische Maus,4.20
Krüss - Die unerhörte Zeitungsfrau,"""Krüss, James""",Die unerhörte Zeitungsfrau,7.4
Krüss - Die vertauschten Hähne,"""Krüss, James""",Die vertauschten Hähne,6.19
Krüss - Ich bin das Fräulein Ilse,"""Krüss, James""",Ich bin das Fräulein Ilse,4.20
Krüss - Lied der Hunde an den Mond,"""Krüss, James""",Lied der Hunde an den Mond,4.51
Krüss - Rodelreise,"""Krüss, James""",Rodelreise,5.8
Krüss - Schneemanns-Los,"""Krüss, James""",Schneemanns-Los,4.34
Krüss - Starenlied,"""Krüss, James""",Starenlied,4.20
Krüss - Was singt der Wind,"""Krüss, James""",Was singt der Wind,6.2
Kugler - An der Saale hellem Strande,"""Kugler, Franz""",An der Saale hellem Strande,5.8
"Kuhlmann - Auf auf, mein Geist, ermuntre meinen Sinn","""Kuhlmann, Quirinus""","Auf auf, mein Geist, ermuntre meinen Sinn",6.44
"Kuhlmann - Auf Seelewig, um unsern Gott zu loben","""Kuhlmann, Quirinus""","Auf Seelewig, um unsern Gott zu loben",8.46
"Kuhlmann - Dreieiniger, du Bronnquell alles Lichts","""Kuhlmann, Quirinus""","Dreieiniger, du Bronnquell alles Lichts",4.102
"Kuhlmann - Erbarme dich, heiligstgerechter Gott","""Kuhlmann, Quirinus""","Erbarme dich, heiligstgerechter Gott",4.99
Kuhlmann - Gottes Lieb ist über Sinnen,"""Kuhlmann, Quirinus""",Gottes Lieb ist über Sinnen,8.28
"Kuhlmann - Gottlob, daß ich so weit gekommen","""Kuhlmann, Quirinus""","Gottlob, daß ich so weit gekommen",4.69
Kuhlmann - Ich komme nun vor deinen Thron,"""Kuhlmann, Quirinus""",Ich komme nun vor deinen Thron,4.63
Kuhlmann - Ich muß aufs neu lobsingen,"""Kuhlmann, Quirinus""",Ich muß aufs neu lobsingen,4.23
Kuhlmann - Jesus holdes Angedenken,"""Kuhlmann, Quirinus""",Jesus holdes Angedenken,4.51
Kuhlmann - Libhold ging unlängst spazieren,"""Kuhlmann, Quirinus""",Libhold ging unlängst spazieren,8.26
"Kuhlmann - Lobe Jesum, meine Seele","""Kuhlmann, Quirinus""","Lobe Jesum, meine Seele",8.27
Kuhlmann - Lobsinget dem Herrn,"""Kuhlmann, Quirinus""",Lobsinget dem Herrn,4.115
"Kuhlmann - O heilger Gott, Gottvater","""Kuhlmann, Quirinus""","O heilger Gott, Gottvater",6.42
"Kuhlmann - O Wundergott, wie hast du mich geführet","""Kuhlmann, Quirinus""","O Wundergott, wie hast du mich geführet",6.45
"Kuhlmann - Schau, Vater, her, du kennst allein","""Kuhlmann, Quirinus""","Schau, Vater, her, du kennst allein",4.102
Kuhlmann - Triumf! Mein Jesus hat! Triumf! sein Reich bekommen!,"""Kuhlmann, Quirinus""",Triumf! Mein Jesus hat! Triumf! sein Reich bekommen!,4.120
Kunert - Testament,"""Kunert, Günter""",Testament,2.9
Kurz - Abschied,"""Kurz, Isolde""",Abschied,6.19
Kurz - Am Schachbrett,"""Kurz, Isolde""",Am Schachbrett,4.103
Kurz - Amors Schmiede,"""Kurz, Isolde""",Amors Schmiede,4.49
Kurz - Auf San Miniato,"""Kurz, Isolde""",Auf San Miniato,4.46
Kurz - Bahnwärters Töchterlein,"""Kurz, Isolde""",Bahnwärters Töchterlein,5.7
Kurz - Das bessere Land,"""Kurz, Isolde""",Das bessere Land,2.5
Kurz - Das Bettelkind,"""Kurz, Isolde""",Das Bettelkind,6.14
Kurz - Das ist das Schlimmste,"""Kurz, Isolde""",Das ist das Schlimmste,4.110
Kurz - Das Unaussprechliche,"""Kurz, Isolde""",Das Unaussprechliche,4.110
Kurz - Der Bergsteiger,"""Kurz, Isolde""",Der Bergsteiger,2.8
Kurz - Der letzte Mediceer,"""Kurz, Isolde""",Der letzte Mediceer,4.54
Kurz - Des Apostels Heimkehr,"""Kurz, Isolde""",Des Apostels Heimkehr,4.100
Kurz - Des Reiters Braut,"""Kurz, Isolde""",Des Reiters Braut,6.19
Kurz - Deutsche Gespenster,"""Kurz, Isolde""",Deutsche Gespenster,4.106
Kurz - Die Fähre,"""Kurz, Isolde""",Die Fähre,4.93
Kurz - Die gute Wäscherin,"""Kurz, Isolde""",Die gute Wäscherin,5.4
Kurz - Entrückung,"""Kurz, Isolde""",Entrückung,4.99
Kurz - Erwachen,"""Kurz, Isolde""",Erwachen,6.42
Kurz - Geheimnis,"""Kurz, Isolde""",Geheimnis,4.99
"Kurz - Ich träume, daß das Glück den Mund mir","""Kurz, Isolde""","Ich träume, daß das Glück denMund mir",4.108
Kurz - Im Vorübergehen,"""Kurz, Isolde""",Im Vorübergehen,2.8
Kurz - Jetzt heißt es still heimlich,"""Kurz, Isolde""",Jetzt heißt es still heimlich,6.48
"Kurz - Laß mich, denn mein Herz ist","""Kurz, Isolde""","Laß mich, denn mein Herz ist",4.97
Kurz - Nachgedunkelt,"""Kurz, Isolde""",Nachgedunkelt,4.64
Kurz - Nachtgebet,"""Kurz, Isolde""",Nachtgebet,6.33
"Kurz - Nein, Liebe kann nicht sterben","""Kurz, Isolde""","Nein, Liebe kann nicht sterben",5.2
Kurz - Nekropolis,"""Kurz, Isolde""",Nekropolis,8.16
Kurz - Nun bin ich stark,"""Kurz, Isolde""",Nun bin ich stark,5.12
Kurz - O bleib bei mir,"""Kurz, Isolde""",O bleib bei mir,4.36
Kurz - O daß die Liebe sterben kann,"""Kurz, Isolde""",O daß die Liebe sterben kann,4.41
Kurz - Oft hört ich sagen,"""Kurz, Isolde""",Oft hört ich sagen,4.100
Kurz - Panacee,"""Kurz, Isolde""",Panacee,4.96
Kurz - Renaissance,"""Kurz, Isolde""",Renaissance,4.21
Kurz - Schlummerflocken,"""Kurz, Isolde""",Schlummerflocken,2.8
Kurz - Sonnendienst,"""Kurz, Isolde""",Sonnendienst,4.99
Kurz - Sprache der Seligen,"""Kurz, Isolde""",Sprache der Seligen,8.27
Kurz - Südliche Nacht,"""Kurz, Isolde""",Südliche Nacht,4.104
Kurz - Südliche Weisen,"""Kurz, Isolde""",Südliche Weisen,3.9
Kurz - Traumland,"""Kurz, Isolde""",Traumland,5.5
Kurz - Treue,"""Kurz, Isolde""",Treue,8.0
Kurz - Um dich,"""Kurz, Isolde""",Um dich,4.29
Kurz - Und bist du so von mir,"""Kurz, Isolde""",Und bist du so von mir,4.67
Kurz - Wer hat uns das getan,"""Kurz, Isolde""",Wer hat uns das getan,4.17
Kurz - Winternacht,"""Kurz, Isolde""",Winternacht,4.88
Kurz - Wo,"""Kurz, Isolde""",Wo,4.9
Kurz - Zu spät,"""Kurz, Isolde""",Zu spät,4.81
Lang - Empfindungen einiger Musikfreunde,"""Lang, Karl Friedrich""",Empfindungen einiger Musikfreunde,6.41
Lang - Ode an die Schwärmerei,"""Lang, Karl Friedrich""",Ode an die Schwärmerei,4.76
Langbein - Der Himmelsweg,"""Langbein, August Friedrich Ernst""",Der Himmelsweg,7.5
Langbein - Die Belagerung,"""Langbein, August Friedrich Ernst""",Die Belagerung,8.17
Langbein - Freuden des Lebens,"""Langbein, August Friedrich Ernst""",Freuden des Lebens,7.5
Langbein - Geboren ward zum König der,"""Langbein, August Friedrich Ernst""",Geboren ward zum König der,4.76
Langbein - Lied eines vergnügten Bauernbürschchens,"""Langbein, August Friedrich Ernst""",Lied eines vergnügten Bauernbürschchens,6.38
Langbein - Minna,"""Langbein, August Friedrich Ernst""",Minna,8.26
Langbein - Richard Löwenherz und Blondel,"""Langbein, August Friedrich Ernst""",Richard Löwenherz und Blondel,6.15
"Lange, J. - O Jesu, süßes Licht","""Lange, Joachim""","O Jesu, süßes Licht",8.4
"Lange, S.G. - Damons Empfindung, als er sie nach Thirsis Tode Heiligenthal besuchte","""Lange, Samuel Gotthold""","Damons Empfindung, als er sie nach Thirsis Tode Heiligenthal besuchte",8.38
"Lange, S.G. - Des Thirsis Empfindungen bei bei Damons Hochzeitslust","""Lange, Samuel Gotthold""",Des Thirsis Empfindungen bei Damons Hochzeitslust,6.40
Langgässer - Amselnest,"""Langgässer, Elisabeth""",Amselnest,4.50
Langgässer - Daphne,"""Langgässer, Elisabeth""",Daphne,5.12
Langgässer - Deutscher Kreuzweg,"""Langgässer, Elisabeth""",Deutscher Kreuzweg,8.44
Langgässer - Dritter Adventssonntag,"""Langgässer, Elisabeth""",Dritter Adventssonntag,4.31
Langgässer - Farben im Altjahr 1,"""Langgässer, Elisabeth""",Farben im Altjahr 1,5.15
Langgässer - Farben im Altjahr 2,"""Langgässer, Elisabeth""",Farben im Altjahr 2,6.2
Langgässer - Fest der Beschneidung des,"""Langgässer, Elisabeth""",Fest der Beschneidung des,4.106
Langgässer - Gartenkugel im Winter,"""Langgässer, Elisabeth""",Gartenkugel im Winter,5.8
Langgässer - Gesang der Reklamemänner,"""Langgässer, Elisabeth""",Gesang der Reklamemänner,4.1
Langgässer - Gleichzeitig,"""Langgässer, Elisabeth""",Gleichzeitig,8.3
Langgässer - Höfe im Frühling,"""Langgässer, Elisabeth""",Höfe im Frühling,4.11
Langgässer - Karfreitag,"""Langgässer, Elisabeth""",Karfreitag,6.7
Langgässer - Karsamstag,"""Langgässer, Elisabeth""",Karsamstag,4.104
Langgässer - Krebs,"""Langgässer, Elisabeth""",Krebs,5.16
Langgässer - Licht im Februar I,"""Langgässer, Elisabeth""",Licht im Februar I,4.13
Langgässer - Neptun,"""Langgässer, Elisabeth""",Neptun,5.16
Langgässer - Ostersonntag,"""Langgässer, Elisabeth""",Ostersonntag,4.1
Langgässer - Pfingstsonntag,"""Langgässer, Elisabeth""",Pfingstsonntag,8.7
Langgässer - Regent Merkur,"""Langgässer, Elisabeth""",Regent Merkur,6.19
Langgässer - Regent Uranus,"""Langgässer, Elisabeth""",Regent Uranus,5.9
Langgässer - Regnerischer Sommer 3,"""Langgässer, Elisabeth""",Regnerischer Sommer 3,6.17
Langgässer - Reminiscere,"""Langgässer, Elisabeth""",Reminiscere,4.1
Langgässer - Samenzug,"""Langgässer, Elisabeth""",Samenzug,5.2
Langgässer - Sonntag in der Oktav von,"""Langgässer, Elisabeth""",Sonntag in der Oktav von,4.104
Langgässer - Tulpen an der Frühlings wende,"""Langgässer, Elisabeth""",Tulpen an der Frühlings wende,4.54
Langgässer - Vigil von Weihnachten,"""Langgässer, Elisabeth""",Vigil von Weihnachten,4.100
Langgässer - Vollerblühte Rose,"""Langgässer, Elisabeth""",Vollerblühte Rose,4.14
Langgässer - Vorfrühlings wald,"""Langgässer, Elisabeth""",Vorfrühlings wald,4.44
Langgässer - Wassermann,"""Langgässer, Elisabeth""",Wassermann,4.24
Langgässer - Winterwende,"""Langgässer, Elisabeth""",Winterwende,5.8
Lappe - Glückseligkeitsgefühl,"""Lappe, Karl""",Glückseligkeitsgefühl,4.76
Lappe - Verheimlichung,"""Lappe, Karl""",Verheimlichung,4.44
Lasker-Schüler - Das Lied vom Leid,"""Lasker-Schüler, Else""",Das Lied vom Leid,5.10
Lasker-Schüler - Die Verscheuchte,"""Lasker-Schüler, Else""",Die Verscheuchte,3.7
Lasker-Schüler - Ewige Nächte,"""Lasker-Schüler, Else""",Ewige Nächte,4.103
Lasker-Schüler - Klein-Sterbelied,"""Lasker-Schüler, Else""",Klein-Sterbelied,2.1
Lasker-Schüler - Verwelkte Myrten,"""Lasker-Schüler, Else""",Verwelkte Myrten,4.100
Laufenberg - Aus dem väterlichen Herzen,"""Laufenberg, Heinrich von""",Aus dem väterlichen Herzen,7.9
"Laufenberg - Ave, aller creaturen preis","""Laufenberg, Heinrich von""","Ave, aller creaturen preis",5.7
"Laufenberg - Ave, bis gruest, du edler hört","""Laufenberg, Heinrich von""","Ave, bis gruest, du edler hört",5.7
"Laufenberg - Ave, bis grüsset maget rein","""Laufenberg, Heinrich von""","Ave, bis grüsset maget rein",6.19
Laufenberg - Ein Kind ist g'born zu,"""Laufenberg, Heinrich von""",Ein Kind ist g'born zu,2.5
Laufenberg - Es taget minnigliche,"""Laufenberg, Heinrich von""",Es taget minnigliche,4.20
"Laufenberg - Frow, muoter, magt, gebererin","""Laufenberg, Heinrich von""","Frow, muoter, magt, gebererin",5.7
Laufenberg - Glich als ein gruni wis ist gziert,"""Laufenberg, Heinrich von""",Glich als ein gruni wis ist gziert,4.59
"Laufenberg - Ich wollt, daß ich daheime war","""Laufenberg, Heinrich von""","Ich wollt, daß ich daheime war",2.5
"Laufenberg - Komm, heilger Geist, erfüll","""Laufenberg, Heinrich von""","Komm, heilger Geist, erfüll",4.36
"Laufenberg - Maria, honigsüßer Nam","""Laufenberg, Heinrich von""","Maria, honigsüßer Nam",4.57
"Laufenberg - Mein herr, mein got, o ihesu crist","""Laufenberg, Heinrich von""","Mein herr, mein got, o ihesu crist",4.58
Laufenberg - Stand uf und sieh Jesum viel rein,"""Laufenberg, Heinrich von""",Stand uf und sieh Jesum viel rein,5.4
"Laufenberg - Willkomm, Mutter unsers Herren","""Laufenberg, Heinrich von""","Willkomm, Mutter unsers Herren",6.30
Laufenberg - Zu lob der höhsten trinitat,"""Laufenberg, Heinrich von""",Zu lob der höhsten trinitat,7.4
Lauremberg - Inholt [der Scherzgedichte],"""Lauremberg, Johann""",Inholt [der Scherzgedichte],6.25
"Lavant - Herrgott, wie wäßrig wird der","""Lavant, Christine""","Herrgott, wie wäßrig wird der",4.60
Lavant - Jag doch den Stern mir fort,"""Lavant, Christine""",Jag doch den Stern mir fort,4.16
Lavater - Fortgekämpft und fortgerungen,"""Lavater, Johann Kaspar""",Fortgekämpft und fortgerungen,6.30
"Lavater - O Jesu Christe, wachs in mir","""Lavater, Johann Kaspar""","O Jesu Christe, wachs in mir",4.36
Lavater - Wilhelm Teil,"""Lavater, Johann Kaspar""",Wilhelm Teil,4.34
Le Fort - Die Heimatlosen,"""Le Fort, Gertrud von""",Die Heimatlosen,4.75
Leder - November,"""Leder, Rudolf""",November,2.7
Lehmann - Abgeblühter Löwenzahn,"""Lehmann, Wilhelm""",Abgeblühter Löwenzahn,4.59
Lehmann - Am See,"""Lehmann, Wilhelm""",Am See,4.36
Lehmann - Amrum,"""Lehmann, Wilhelm""",Amrum,4.49
Lehmann - Ariel,"""Lehmann, Wilhelm""",Ariel,4.10
Lehmann - Das goldene Vlies,"""Lehmann, Wilhelm""",Das goldene Vlies,4.43
Lehmann - Denkmal,"""Lehmann, Wilhelm""",Denkmal,4.10
Lehmann - Der Holzweg,"""Lehmann, Wilhelm""",Der Holzweg,2.5
Lehmann - Die Hornisse,"""Lehmann, Wilhelm""",Die Hornisse,2.10
Lehmann - Fahrt über den Plöner See,"""Lehmann, Wilhelm""",Fahrt über den Plöner See,4.67
Lehmann - Früher Herbst,"""Lehmann, Wilhelm""",Früher Herbst,4.32
Lehmann - Genüge,"""Lehmann, Wilhelm""",Genüge,4.22
Lehmann - Gesang der Welt,"""Lehmann, Wilhelm""",Gesang der Welt,2.16
Lehmann - Haus der Düfte,"""Lehmann, Wilhelm""",Haus der Düfte,6.32
Lehmann - Heumonat,"""Lehmann, Wilhelm""",Heumonat,4.16
Lehmann - Hippokrene,"""Lehmann, Wilhelm""",Hippokrene,4.3
Lehmann - Im August,"""Lehmann, Wilhelm""",Im August,2.17
Lehmann - Klage ohne Trauer,"""Lehmann, Wilhelm""",Klage ohne Trauer,2.5
Lehmann - Meerwärts,"""Lehmann, Wilhelm""",Meerwärts,4.30
Lehmann - Mohn in der Vase,"""Lehmann, Wilhelm""",Mohn in der Vase,4.49
Lehmann - Nicht ganz vorbei,"""Lehmann, Wilhelm""",Nicht ganz vorbei,4.13
Lehmann - Pavane,"""Lehmann, Wilhelm""",Pavane,2.15
Lehmann - Schattenblume,"""Lehmann, Wilhelm""",Schattenblume,4.54
Lehmann - Schneller Sommer,"""Lehmann, Wilhelm""",Schneller Sommer,4.54
Lehmann - Später Rausch,"""Lehmann, Wilhelm""",Später Rausch,4.49
Lehmann - Spätsommer,"""Lehmann, Wilhelm""",Spätsommer,4.58
Lehmann - Weinstock in der Veranda,"""Lehmann, Wilhelm""",Weinstock in der Veranda,4.31
Leichner - Heut Christus triumphieret,"""Leichner, Eckart""",Heut Christus triumphieret,4.22
Lemke - Du liebe Sonne scheine,"""Lemke, Karl""",Du liebe Sonne scheine,2.2
Lenau - Abendheimkehr,"""Lenau, Nikolaus""",Abendheimkehr,4.36
Lenau - Am Bette eines Kindes,"""Lenau, Nikolaus""",Am Bette eines Kindes,4.82
Lenau - Am Grabe eines Ministers,"""Lenau, Nikolaus""",Am Grabe eines Ministers,4.38
Lenau - Am Grabe Höltys,"""Lenau, Nikolaus""",Am Grabe Höltys,4.82
Lenau - Am Rhein,"""Lenau, Nikolaus""",Am Rhein,4.21
Lenau - Am Sarge eines Schwermütigen,"""Lenau, Nikolaus""",Am Sarge eines Schwermütigen,4.23
Lenau - An den Frühling,"""Lenau, Nikolaus""",An den Frühling,4.30
Lenau - An den Wind,"""Lenau, Nikolaus""",An den Wind,4.60
Lenau - An der Bahre der Geliebten,"""Lenau, Nikolaus""",An der Bahre der Geliebten,4.82
Lenau - An die Alpen,"""Lenau, Nikolaus""",An die Alpen,4.90
Lenau - An die Entfernte,"""Lenau, Nikolaus""",An die Entfernte,4.31
Lenau - An die Ersehnte,"""Lenau, Nikolaus""",An die Ersehnte,4.109
Lenau - An die Verstockten,"""Lenau, Nikolaus""",An die Verstockten,4.48
Lenau - An ein schönes Mädchen,"""Lenau, Nikolaus""",An ein schönes Mädchen,4.49
Lenau - An eine Witwe,"""Lenau, Nikolaus""",An eine Witwe,4.72
Lenau - An einen Baum,"""Lenau, Nikolaus""",An einen Baum,4.59
Lenau - An einen Dichter (Dir gab ein Gott die Dichtergabe),"""Lenau, Nikolaus""",An einen Dichter (Dir gab ein Gott die Dichtergabe),4.66
Lenau - An einen Dichter (Nur wer sich mit eignen Kräften),"""Lenau, Nikolaus""",An einen Dichter (Nur wer sich mit eignen Kräften),4.54
Lenau - An einen Jugendfreund,"""Lenau, Nikolaus""",An einen Jugendfreund,6.48
Lenau - An einen Langweiligen,"""Lenau, Nikolaus""",An einen Langweiligen,6.48
Lenau - An einen Tadler,"""Lenau, Nikolaus""",An einen Tadler,4.105
Lenau - An Fräulein Julie,"""Lenau, Nikolaus""",An Fräulein Julie,4.56
Lenau - An J. Klemm,"""Lenau, Nikolaus""",An J. Klemm,6.45
Lenau - An meine Guitarre,"""Lenau, Nikolaus""",An meine Guitarre,4.67
Lenau - An Seneca,"""Lenau, Nikolaus""",An Seneca,4.80
Lenau - An Wilhelmine Dilg,"""Lenau, Nikolaus""",An Wilhelmine Dilg,4.53
Lenau - Asyl,"""Lenau, Nikolaus""",Asyl,4.54
Lenau - Auf eine holländische,"""Lenau, Nikolaus""",Auf eine holländische,4.55
Lenau - Beranderte Welt,"""Lenau, Nikolaus""",Beranderte Welt,4.71
Lenau - Bestattung,"""Lenau, Nikolaus""",Bestattung,4.98
Lenau - Bist fremd du eingedrungen,"""Lenau, Nikolaus""",Bist fremd du eingedrungen,4.23
Lenau - Das Dilemma,"""Lenau, Nikolaus""",Das Dilemma,4.110
Lenau - Das Gespenst,"""Lenau, Nikolaus""",Das Gespenst,4.65
Lenau - Das Kreuz,"""Lenau, Nikolaus""",Das Kreuz,4.110
Lenau - Das Mondlicht,"""Lenau, Nikolaus""",Das Mondlicht,4.32
Lenau - Das Posthorn,"""Lenau, Nikolaus""",Das Posthorn,4.31
Lenau - Das Roß und der Reiter,"""Lenau, Nikolaus""",Das Roß und der Reiter,2.13
Lenau - Das Wiedersehen,"""Lenau, Nikolaus""",Das Wiedersehen,4.17
Lenau - Der arme Jude,"""Lenau, Nikolaus""",Der arme Jude,4.55
Lenau - Der einsame Trinker 2,"""Lenau, Nikolaus""",Der einsame Trinker 2,4.17
Lenau - Der ewige Jude,"""Lenau, Nikolaus""",Der ewige Jude,4.110
Lenau - Der Greis,"""Lenau, Nikolaus""",Der Greis,4.36
Lenau - Der Indianerzug,"""Lenau, Nikolaus""",Der Indianerzug,4.109
Lenau - Der Kranke im Garten,"""Lenau, Nikolaus""",Der Kranke im Garten,4.41
Lenau - Der kriegslustige Waffenschmied,"""Lenau, Nikolaus""",Der kriegslustige Waffenschmied,4.55
Lenau - Der Lenz,"""Lenau, Nikolaus""",Der Lenz,4.38
Lenau - Der Polenflüchtling,"""Lenau, Nikolaus""",Der Polenflüchtling,6.15
Lenau - Der Postillon,"""Lenau, Nikolaus""",Der Postillon,4.31
Lenau - Der Raubschütz,"""Lenau, Nikolaus""",Der Raubschütz,6.14
Lenau - Der Schifferknecht,"""Lenau, Nikolaus""",Der Schifferknecht,4.36
Lenau - Der Schmetterling,"""Lenau, Nikolaus""",Der Schmetterling,4.67
Lenau - Der schwarze See,"""Lenau, Nikolaus""",Der schwarze See,2.13
Lenau - Der schwere Abend,"""Lenau, Nikolaus""",Der schwere Abend,4.20
Lenau - Der traurige Mönch,"""Lenau, Nikolaus""",Der traurige Mönch,6.15
Lenau - Der Vogel auf dem Kreuz,"""Lenau, Nikolaus""",Der Vogel auf dem Kreuz,4.41
Lenau - Des Teufels Lied vom,"""Lenau, Nikolaus""",Des Teufels Lied vom,4.72
Lenau - Die Blumenmalerin,"""Lenau, Nikolaus""",Die Blumenmalerin,6.41
Lenau - Die Drei,"""Lenau, Nikolaus""",Die Drei,2.5
Lenau - Die drei Zigeuner,"""Lenau, Nikolaus""",Die drei Zigeuner,4.31
Lenau - Die Felsenplatte,"""Lenau, Nikolaus""",Die Felsenplatte,4.49
Lenau - Die Frivolen,"""Lenau, Nikolaus""",Die Frivolen,2.10
Lenau - Die Heidelberger Ruine,"""Lenau, Nikolaus""",Die Heidelberger Ruine,4.48
Lenau - Die Heideschenke,"""Lenau, Nikolaus""",Die Heideschenke,4.36
Lenau - Die Jugendträume,"""Lenau, Nikolaus""",Die Jugendträume,4.106
Lenau - Die nächtliche Fahrt,"""Lenau, Nikolaus""",Die nächtliche Fahrt,4.110
Lenau - Die Rose der Erinnerung,"""Lenau, Nikolaus""",Die Rose der Erinnerung,4.103
Lenau - Die schöne Sennin 2,"""Lenau, Nikolaus""",Die schöne Sennin 2,4.43
Lenau - Die Seejungfrauen,"""Lenau, Nikolaus""",Die Seejungfrauen,4.33
Lenau - Die Sennin,"""Lenau, Nikolaus""",Die Sennin,4.45
Lenau - Die Waldkapelle,"""Lenau, Nikolaus""",Die Waldkapelle,4.103
Lenau - Die Wurmlinger Kapelle,"""Lenau, Nikolaus""",Die Wurmlinger Kapelle,4.46
Lenau - Ein Herbstabend,"""Lenau, Nikolaus""",Ein Herbstabend,2.13
Lenau - Einem Autographensammler,"""Lenau, Nikolaus""",Einem Autographensammler,4.48
Lenau - Einem Forcierten,"""Lenau, Nikolaus""",Einem Forcierten,4.32
Lenau - Einst und jetzt,"""Lenau, Nikolaus""",Einst und jetzt,4.49
Lenau - Erinnerung (Einst gingen wir),"""Lenau, Nikolaus""",Erinnerung (Einst gingen wir),4.110
"Lenau - Erinnerung (Erinnerungsvoller Baum, du stehst in Trauer)","""Lenau, Nikolaus""","Erinnerung (Erinnerungsvoller Baum, du stehst in Trauer)",4.106
Lenau - Erinnerung (Selige Stunde!),"""Lenau, Nikolaus""",Erinnerung (Selige Stunde!),4.83
Lenau - Form,"""Lenau, Nikolaus""",Form,4.48
Lenau - Frühlings Tod,"""Lenau, Nikolaus""",Frühlings Tod,4.103
Lenau - Frühlingsgrüße,"""Lenau, Nikolaus""",Frühlingsgrüße,2.9
Lenau - Herbst,"""Lenau, Nikolaus""",Herbst,4.67
Lenau - Herbstgefühl (Der Buchenwald ist herbstlich schon gerötet),"""Lenau, Nikolaus""",Herbstgefühl (Der Buchenwald ist herbstlich schon gerötet),4.109
Lenau - Herbstgefühl (Mürrisch braust der Eichenwald),"""Lenau, Nikolaus""",Herbstgefühl (Mürrisch braust der Eichenwald),4.46
Lenau - Herbstlied,"""Lenau, Nikolaus""",Herbstlied,4.20
Lenau - Husarenlied 2,"""Lenau, Nikolaus""",Husarenlied 2,4.5
Lenau - Im Vorfrühling,"""Lenau, Nikolaus""",Im Vorfrühling,4.90
Lenau - In der Schenke,"""Lenau, Nikolaus""",In der Schenke,6.23
Lenau - In einer Schlucht,"""Lenau, Nikolaus""",In einer Schlucht,4.60
Lenau - Irrtum,"""Lenau, Nikolaus""",Irrtum,4.48
Lenau - Klara Hebert,"""Lenau, Nikolaus""",Klara Hebert,4.54
Lenau - Kommen und Scheiden,"""Lenau, Nikolaus""",Kommen und Scheiden,2.9
Lenau - König und Dichter,"""Lenau, Nikolaus""",König und Dichter,4.80
Lenau - Kruzifix,"""Lenau, Nikolaus""",Kruzifix,4.90
Lenau - Laß mich ziehn,"""Lenau, Nikolaus""",Laß mich ziehn,4.69
Lenau - Liebesfeier,"""Lenau, Nikolaus""",Liebesfeier,4.67
Lenau - Liebesfrühling,"""Lenau, Nikolaus""",Liebesfrühling,4.16
Lenau - Lied eines Schmiedes,"""Lenau, Nikolaus""",Lied eines Schmiedes,4.3
Lenau - Marie und Wilhelm,"""Lenau, Nikolaus""",Marie und Wilhelm,4.36
Lenau - Meeresstille,"""Lenau, Nikolaus""",Meeresstille,4.32
Lenau - Mein Herz,"""Lenau, Nikolaus""",Mein Herz,4.63
Lenau - Mein Stern,"""Lenau, Nikolaus""",Mein Stern,4.67
Lenau - Nächtliche Wanderung,"""Lenau, Nikolaus""",Nächtliche Wanderung,4.34
Lenau - Niagara,"""Lenau, Nikolaus""",Niagara,4.49
Lenau - Protest,"""Lenau, Nikolaus""",Protest,4.105
Lenau - Savonarola,"""Lenau, Nikolaus""",Savonarola,4.67
Lenau - Scheiden,"""Lenau, Nikolaus""",Scheiden,4.105
"Lenau - Schilflieder 1, 2, 3","""Lenau, Nikolaus""","Schilflieder 1, 2, 3",4.49
Lenau - Schilflieder 4,"""Lenau, Nikolaus""",Schilflieder 4,4.10
Lenau - Schilflieder 5,"""Lenau, Nikolaus""",Schilflieder 5,4.49
Lenau - Seemorgen,"""Lenau, Nikolaus""",Seemorgen,4.36
Lenau - Stille Sicherheit,"""Lenau, Nikolaus""",Stille Sicherheit,2.7
Lenau - Studentenreise,"""Lenau, Nikolaus""",Studentenreise,4.39
Lenau - Stumme Liebe,"""Lenau, Nikolaus""",Stumme Liebe,4.46
Lenau - Sturmesmythe,"""Lenau, Nikolaus""",Sturmesmythe,6.41
Lenau - Tod und Trennung,"""Lenau, Nikolaus""",Tod und Trennung,4.53
Lenau - Trinksprüche,"""Lenau, Nikolaus""",Trinksprüche,4.66
Lenau - Unmut,"""Lenau, Nikolaus""",Unmut,4.67
Lenau - Vergangenheit,"""Lenau, Nikolaus""",Vergangenheit,4.49
Lenau - Verlornes Glück,"""Lenau, Nikolaus""",Verlornes Glück,6.40
Lenau - Vision,"""Lenau, Nikolaus""",Vision,4.34
Lenau - Waldestrost,"""Lenau, Nikolaus""",Waldestrost,4.34
Lenau - Waldgang,"""Lenau, Nikolaus""",Waldgang,4.24
"Lenau - Waldlieder 1, 9","""Lenau, Nikolaus""","Waldlieder 1, 9",4.73
Lenau - Waldlieder 2,"""Lenau, Nikolaus""",Waldlieder 2,4.17
Lenau - Waldlieder 3,"""Lenau, Nikolaus""",Waldlieder 3,4.54
Lenau - Weib und Kind,"""Lenau, Nikolaus""",Weib und Kind,4.105
Lenau - Welke Rose,"""Lenau, Nikolaus""",Welke Rose,4.41
Lenau - Zögerung,"""Lenau, Nikolaus""",Zögerung,6.38
Lenau - Zweierlei Vögel,"""Lenau, Nikolaus""",Zweierlei Vögel,4.16
Lenau - Zweifelnder Wunsch,"""Lenau, Nikolaus""",Zweifelnder Wunsch,4.87
Lenz - Als Sr. Hochedelgebornen der,"""Lenz, Jakob Michael Reinhold""",Als Sr. Hochedelgebornen der,4.84
Lenz - Auf des Grafen Borissowitsch,"""Lenz, Jakob Michael Reinhold""",Auf des Grafen Borissowitsch,4.119
Lenz - Auf die Nachricht von dem,"""Lenz, Jakob Michael Reinhold""",Auf die Nachricht von dem,6.40
Lenz - Das Vertrauen auf Gott,"""Lenz, Jakob Michael Reinhold""",Das Vertrauen auf Gott,4.51
Lenz - Die erste Frühlingspromenade,"""Lenz, Jakob Michael Reinhold""",Die erste Frühlingspromenade,6.38
Lenz - Priamus und Thisbe,"""Lenz, Jakob Michael Reinhold""",Priamus und Thisbe,4.29
Lenz - Wo bist du itzt,"""Lenz, Jakob Michael Reinhold""",Wo bist du itzt,4.75
"Leon, G. - Maienlied","""Leon, Gottlieb von""",Maienlied,8.1
"Leon, G. - Mailied","""Leon, Gottlieb von""",Mailied,6.27
"Leon, G. - Morgenlied eines Bauermanns","""Leon, Gottlieb von""",Morgenlied eines Bauermanns,4.34
"Leon, G. - Vaterlandslied","""Leon, Gottlieb von""",Vaterlandslied,4.58
"Leon, G. - Wiegenlied","""Leon, Gottlieb von""",Wiegenlied,4.62
"Leon, J. - Danket dem Herren, denn er","""Leon, Johannes""","Danket dem Herren, denn er",2.10
"Leon, J. - Dein Leib wollen wir nun begraben","""Leon, Johannes""",Dein Leib wollen wir nun begraben,4.71
Lersch - Andacht,"""Lersch, Heinrich""",Andacht,6.21
Lersch - Arbeiter-Dichter,"""Lersch, Heinrich""",Arbeiter-Dichter,6.37
Lersch - Ballade,"""Lersch, Heinrich""",Ballade,4.35
Lersch - Brüder,"""Lersch, Heinrich""",Brüder,2.14
Lersch - Der deutsche Soldat,"""Lersch, Heinrich""",Der deutsche Soldat,8.43
Lersch - Der Freund und der Tote,"""Lersch, Heinrich""",Der Freund und der Tote,4.113
Lersch - Hört ihr,"""Lersch, Heinrich""",Hört ihr,8.26
Lersch - Nach einem Sturmangriff,"""Lersch, Heinrich""",Nach einem Sturmangriff,4.67
Lersch - Vor Ostern,"""Lersch, Heinrich""",Vor Ostern,8.15
Lersch - Werk-Feierlied,"""Lersch, Heinrich""",Werk-Feierlied,6.22
Lersch - Winternacht auf Wanderschaft,"""Lersch, Heinrich""",Winternacht auf Wanderschaft,5.8
Lessing - Abschied eines Freundes,"""Lessing, Gotthold Ephraim""",Abschied eines Freundes,4.78
Lessing - Alexander,"""Lessing, Gotthold Ephraim""",Alexander,6.40
Lessing - An Anakreon,"""Lessing, Gotthold Ephraim""",An Anakreon,4.69
Lessing - An den Horaz,"""Lessing, Gotthold Ephraim""",An den Horaz,4.67
Lessing - An den Wein,"""Lessing, Gotthold Ephraim""",An den Wein,6.32
Lessing - An die Leier,"""Lessing, Gotthold Ephraim""",An die Leier,4.13
Lessing - An seinen Bruder,"""Lessing, Gotthold Ephraim""",An seinen Bruder,4.67
Lessing - Antwort eines betrunkenen,"""Lessing, Gotthold Ephraim""",Antwort eines betrunkenen,4.20
Lessing - Das Erdbeben,"""Lessing, Gotthold Ephraim""",Das Erdbeben,4.47
Lessing - Das Muster der Ehen,"""Lessing, Gotthold Ephraim""",Das Muster der Ehen,4.67
Lessing - Das Schäferleben,"""Lessing, Gotthold Ephraim""",Das Schäferleben,4.67
Lessing - Der Handel,"""Lessing, Gotthold Ephraim""",Der Handel,6.35
Lessing - Der Irrtum,"""Lessing, Gotthold Ephraim""",Der Irrtum,4.38
Lessing - Der Löwe und die Mücke,"""Lessing, Gotthold Ephraim""",Der Löwe und die Mücke,8.37
Lessing - Der Sommer,"""Lessing, Gotthold Ephraim""",Der Sommer,8.22
Lessing - Der Sonderling,"""Lessing, Gotthold Ephraim""",Der Sonderling,4.16
Lessing - Der Tabak,"""Lessing, Gotthold Ephraim""",Der Tabak,4.63
Lessing - Der Tod,"""Lessing, Gotthold Ephraim""",Der Tod,4.51
Lessing - Der trunkne Dichter lobt den Wein,"""Lessing, Gotthold Ephraim""",Der trunkne Dichter lobt den Wein,4.69
Lessing - Die Biene,"""Lessing, Gotthold Ephraim""",Die Biene,6.40
Lessing - Die Ente,"""Lessing, Gotthold Ephraim""",Die Ente,4.46
Lessing - Die Faulheit,"""Lessing, Gotthold Ephraim""",Die Faulheit,6.23
Lessing - Die Küsse,"""Lessing, Gotthold Ephraim""",Die Küsse,4.67
Lessing - Die Schöne von hinten,"""Lessing, Gotthold Ephraim""",Die Schöne von hinten,8.39
Lessing - Die Türken,"""Lessing, Gotthold Ephraim""",Die Türken,4.69
Lessing - Die Wetterprophezeiung,"""Lessing, Gotthold Ephraim""",Die Wetterprophezeiung,6.36
Lessing - Nach der 15. Ode Anakreons,"""Lessing, Gotthold Ephraim""",Nach der 15. Ode Anakreons,4.36
Lessing - Phyllis an Damon,"""Lessing, Gotthold Ephraim""",Phyllis an Damon,6.29
Lessing - Phyllis lobt den Wein,"""Lessing, Gotthold Ephraim""",Phyllis lobt den Wein,6.27
Leuthold - Abschied,"""Leuthold, Heinrich """,Abschied,4.59
Leuthold - Am Genfer See,"""Leuthold, Heinrich """,Am Genfer See,4.81
Leuthold - An einen jungen Freund,"""Leuthold, Heinrich """,An einen jungen Freund,4.64
Leuthold - An Grillparzer,"""Leuthold, Heinrich """,An Grillparzer,4.81
Leuthold - An Thais,"""Leuthold, Heinrich """,An Thais,4.50
Leuthold - Auf eine Tote,"""Leuthold, Heinrich """,Auf eine Tote,4.103
Leuthold - Auf Melchior Meyr,"""Leuthold, Heinrich """,Auf Melchior Meyr,4.67
Leuthold - Bitte,"""Leuthold, Heinrich """,Bitte,4.109
Leuthold - Das Eisen,"""Leuthold, Heinrich """,Das Eisen,4.81
Leuthold - Dem deutschen Volke,"""Leuthold, Heinrich """,Dem deutschen Volke,4.81
Leuthold - Die deutsche Sprache,"""Leuthold, Heinrich """,Die deutsche Sprache,4.81
Leuthold - Eine muntere Alternative,"""Leuthold, Heinrich """,Eine muntere Alternative,4.64
Leuthold - Ersatz,"""Leuthold, Heinrich """,Ersatz,4.49
Leuthold - Evoe,"""Leuthold, Heinrich """,Evoe,7.9
Leuthold - Feudaler Jammer,"""Leuthold, Heinrich """,Feudaler Jammer,4.36
Leuthold - Herbstgefühl,"""Leuthold, Heinrich """,Herbstgefühl,4.73
Leuthold - Hin,"""Leuthold, Heinrich """,Hin,4.54
Leuthold - In der Schenke,"""Leuthold, Heinrich """,In der Schenke,8.7
Leuthold - In ein Album,"""Leuthold, Heinrich """,In ein Album,4.48
Leuthold - Lenzlied,"""Leuthold, Heinrich """,Lenzlied,6.28
Leuthold - Liederfrühling,"""Leuthold, Heinrich """,Liederfrühling,6.2
Leuthold - Triolette,"""Leuthold, Heinrich """,Triolette,8.0
Leuthold - Ufenau,"""Leuthold, Heinrich """,Ufenau,8.10
"Lichtenberg - Die Hexe, die ich meine","""Lichtenberg, Georg Christoph""","Die Hexe, die ich meine",6.33
Lichtenberg - Die Reise nach Gotha,"""Lichtenberg, Georg Christoph""",Die Reise nach Gotha,8.17
"Lichtenberg - Simple, jedoch authentische Relation von den curieusen schwimmenden Batterien","""Lichtenberg, Georg Christoph""","Simple, jedoch authentische Relation von den curieusen schwimmenden Batterien",7.7
Lichtenstein - Die Dämmerung,"""Lichtenstein, Alfred""",Die Dämmerung,4.103
Lichtenstein - Die Schlacht bei Saarburg,"""Lichtenstein, Alfred""",Die Schlacht bei Saarburg,4.20
Lichtenstein - In den Abend,"""Lichtenstein, Alfred""",In den Abend,4.110
Lichtenstein - Mädchen,"""Lichtenstein, Alfred""",Mädchen,4.62
Lichtenstein - Nebel,"""Lichtenstein, Alfred""",Nebel,4.100
Lichtenstein - Sommerfrische,"""Lichtenstein, Alfred""",Sommerfrische,4.109
Lichtenstein - Spaziergang,"""Lichtenstein, Alfred""",Spaziergang,2.14
Lichtwer - Der Fuchs und der Adler,"""Lichtwer, Magnus Gottfried""",Der Fuchs und der Adler,4.67
Lichtwer - Der Hänfling,"""Lichtwer, Magnus Gottfried""",Der Hänfling,6.35
Lichtwer - Der Hühnerhund,"""Lichtwer, Magnus Gottfried""",Der Hühnerhund,8.36
Lichtwer - Der Löwe und der Wolf,"""Lichtwer, Magnus Gottfried""",Der Löwe und der Wolf,4.67
Lichtwer - Der Mohr und der Weiße,"""Lichtwer, Magnus Gottfried""",Der Mohr und der Weiße,4.64
Lichtwer - Der Riese und der Zwerg,"""Lichtwer, Magnus Gottfried""",Der Riese und der Zwerg,4.20
Lichtwer - Der Strauß und die Vogel,"""Lichtwer, Magnus Gottfried""",Der Strauß und die Vogel,4.70
Lichtwer - Die Katzen und der Hausherr,"""Lichtwer, Magnus Gottfried""",Die Katzen und der Hausherr,4.49
Lichtwer - Die Schlange,"""Lichtwer, Magnus Gottfried""",Die Schlange,4.67
Lichtwer - Die Zauberin,"""Lichtwer, Magnus Gottfried""",Die Zauberin,8.38
Liebknecht - Zuversicht,"""Liebknecht, Karl""",Zuversicht,4.20
Lienhard - Deutsche Weltmacht,"""Lienhard, Friedrich""",Deutsche Weltmacht,3.9
Liliencron - Abendbild,"""Liliencron, Detlev von""",Abendbild,4.99
Liliencron - An der Grenze,"""Liliencron, Detlev von""",An der Grenze,4.59
Liliencron - An einen meines Namens nach,"""Liliencron, Detlev von""",An einen meines Namens nach,4.28
Liliencron - An Hans Thoma,"""Liliencron, Detlev von""",An Hans Thoma,4.67
Liliencron - An Karl Henckell,"""Liliencron, Detlev von""",An Karl Henckell,4.101
Liliencron - An M. G. Conrad,"""Liliencron, Detlev von""",An M. G. Conrad,6.18
Liliencron - Auf dem Trocknen,"""Liliencron, Detlev von""",Auf dem Trocknen,4.43
Liliencron - Aus einem Raubzug,"""Liliencron, Detlev von""",Aus einem Raubzug,4.50
Liliencron - Das alte Steinkreuz am Neuen Markt,"""Liliencron, Detlev von""",Das alte Steinkreuz am Neuen Markt,7.7
Liliencron - Das Ende des Don Juan d'Austria,"""Liliencron, Detlev von""",Das Ende des Don Juan d'Austria,8.16
Liliencron - Das Genie bricht sich Bahn,"""Liliencron, Detlev von""",Das Genie bricht sich Bahn,4.17
Liliencron - Das Glück,"""Liliencron, Detlev von""",Das Glück,4.109
Liliencron - Das Haupt des heiligen,"""Liliencron, Detlev von""",Das Haupt des heiligen,4.52
Liliencron - Das verschüttete Dorf,"""Liliencron, Detlev von""",Das verschüttete Dorf,4.59
Liliencron - Das Wundertier,"""Liliencron, Detlev von""",Das Wundertier,5.7
Liliencron - Der Brand von Altona,"""Liliencron, Detlev von""",Der Brand von Altona,8.17
Liliencron - Der Fremde,"""Liliencron, Detlev von""",Der Fremde,7.7
Liliencron - Der Golem,"""Liliencron, Detlev von""",Der Golem,4.52
Liliencron - Der Hunger und die Liebe,"""Liliencron, Detlev von""",Der Hunger und die Liebe,8.26
Liliencron - Der Maibaum,"""Liliencron, Detlev von""",Der Maibaum,4.106
Liliencron - Der Teufel in der Not,"""Liliencron, Detlev von""",Der Teufel in der Not,6.19
Liliencron - Dichterehe,"""Liliencron, Detlev von""",Dichterehe,6.40
Liliencron - Die Genevernixe,"""Liliencron, Detlev von""",Die Genevernixe,7.2
Liliencron - Die Hochzeit in Windbergen,"""Liliencron, Detlev von""",Die Hochzeit in Windbergen,6.8
Liliencron - Die kleine Bleicherin,"""Liliencron, Detlev von""",Die kleine Bleicherin,5.7
Liliencron - Die Laterne,"""Liliencron, Detlev von""",Die Laterne,4.31
Liliencron - Die Musik kommt,"""Liliencron, Detlev von""",Die Musik kommt,5.7
Liliencron - Die Schlacht bei Bornhöved,"""Liliencron, Detlev von""",Die Schlacht bei Bornhöved,7.6
Liliencron - Die Spinnerin von Sankt Peter,"""Liliencron, Detlev von""",Die Spinnerin von Sankt Peter,4.52
Liliencron - Dorfkirche im Sommer,"""Liliencron, Detlev von""",Dorfkirche im Sommer,4.46
Liliencron - Einen Sommer lang,"""Liliencron, Detlev von""",Einen Sommer lang,4.32
Liliencron - Einsames Haus am Außendeich,"""Liliencron, Detlev von""",Einsames Haus am Außendeich,8.42
Liliencron - Entsagung,"""Liliencron, Detlev von""",Entsagung,4.106
Liliencron - Flüchtiger Gruß,"""Liliencron, Detlev von""",Flüchtiger Gruß,8.48
Liliencron - Fredegunde,"""Liliencron, Detlev von""",Fredegunde,4.67
Liliencron - Frühlingsnacht,"""Liliencron, Detlev von""",Frühlingsnacht,4.31
Liliencron - Für und Für,"""Liliencron, Detlev von""",Für und Für,2.5
Liliencron - Hafenlegende,"""Liliencron, Detlev von""",Hafenlegende,4.67
Liliencron - Hartwich Reventlow,"""Liliencron, Detlev von""",Hartwich Reventlow,4.34
Liliencron - Heidebilder,"""Liliencron, Detlev von""",Heidebilder,4.78
Liliencron - Herbst,"""Liliencron, Detlev von""",Herbst,4.49
Liliencron - Hochsommer im Walde,"""Liliencron, Detlev von""",Hochsommer im Walde,4.62
Liliencron - Hunger,"""Liliencron, Detlev von""",Hunger,8.43
Liliencron - Ist das alles,"""Liliencron, Detlev von""",Ist das alles,2.5
Liliencron - Jahrmarktslied,"""Liliencron, Detlev von""",Jahrmarktslied,8.37
Liliencron - Je reviendrai,"""Liliencron, Detlev von""",Je reviendrai,8.44
Liliencron - Kasimir und Eulalia,"""Liliencron, Detlev von""",Kasimir und Eulalia,8.37
Liliencron - Kleine Ballade,"""Liliencron, Detlev von""",Kleine Ballade,4.64
Liliencron - Liebesnacht,"""Liliencron, Detlev von""",Liebesnacht,4.67
Liliencron - Martje Flors Trinkspruch,"""Liliencron, Detlev von""",Martje Flors Trinkspruch,4.36
Liliencron - Märztag,"""Liliencron, Detlev von""",Märztag,2.8
Liliencron - Mittsommer,"""Liliencron, Detlev von""",Mittsommer,8.46
Liliencron - Nach dem Balle,"""Liliencron, Detlev von""",Nach dem Balle,7.6
Liliencron - Poggfred,"""Liliencron, Detlev von""",Poggfred,3.7
Liliencron - Rasse,"""Liliencron, Detlev von""",Rasse,4.36
Liliencron - Rien ne m'est plus,"""Liliencron, Detlev von""",Rien ne m'est plus,8.44
Liliencron - Schlag ihn tot,"""Liliencron, Detlev von""",Schlag ihn tot,6.22
Liliencron - Stapellauf,"""Liliencron, Detlev von""",Stapellauf,7.10
Liliencron - Tod in Ähren,"""Liliencron, Detlev von""",Tod in Ähren,4.64
Liliencron - Trennung,"""Liliencron, Detlev von""",Trennung,5.2
Liliencron - Unwetter,"""Liliencron, Detlev von""",Unwetter,4.108
Liliencron - Vergiß es nicht,"""Liliencron, Detlev von""",Vergiß es nicht,4.59
Liliencron - Versteckte Jasminen,"""Liliencron, Detlev von""",Versteckte Jasminen,6.31
Liliencron - Vier Augen sind im Wege,"""Liliencron, Detlev von""",Vier Augen sind im Wege,8.17
Liliencron - Wiebke Pogwisch,"""Liliencron, Detlev von""",Wiebke Pogwisch,4.34
Liliencron - Wind am Strande,"""Liliencron, Detlev von""",Wind am Strande,4.109
Liliencron - Winterabend,"""Liliencron, Detlev von""",Winterabend,8.46
Liliencron - Winterbild,"""Liliencron, Detlev von""",Winterbild,8.42
Liliencron - Winternacht,"""Liliencron, Detlev von""",Winternacht,8.37
Liliencron - Zerbrochener Keilerkopf,"""Liliencron, Detlev von""",Zerbrochener Keilerkopf,6.19
Liliencron - Zwei Meilen Trab,"""Liliencron, Detlev von""",Zwei Meilen Trab,3.2
Linde - Aus deinem Innern sollst du's heben,"""Linde, Otto zur""",Aus deinem Innern sollst du's heben,6.39
Linde - Du Haus im dunklen Laube,"""Linde, Otto zur""",Du Haus im dunklen Laube,7.2
Lingg - Am Nilufer,"""Lingg, Hermann""",Am Nilufer,4.36
Lingg - Am Telegraphen,"""Lingg, Hermann""",Am Telegraphen,4.64
Lingg - Bergseestille,"""Lingg, Hermann""",Bergseestille,4.46
Lingg - Das Arsenal,"""Lingg, Hermann""",Das Arsenal,6.39
Lingg - Das Kreuz,"""Lingg, Hermann""",Das Kreuz,4.67
Lingg - Denker und Henker,"""Lingg, Hermann""",Denker und Henker,4.106
Lingg - Der Mauren Auszug aus Spanien,"""Lingg, Hermann""",Der Mauren Auszug aus Spanien,8.23
Lingg - Die Genesene,"""Lingg, Hermann""",Die Genesene,8.46
Lingg - Festgedicht zur Einweihung und Vollendung des Kölner Doms,"""Lingg, Hermann""",Festgedicht zur Einweihung und Vollendung des Kölner Doms,8.46
Lingg - Festgruß zur Christbaumfeier des Vereins der Verkehrsbeamten Münchens,"""Lingg, Hermann""",Festgruß zur Christbaumfeier des Vereins der Verkehrsbeamten Münchens,8.37
Lingg - Mondnacht,"""Lingg, Hermann""",Mondnacht,6.31
Lingg - Prolog zur zwanzigjährigen Stiftungsfeier des Gesangvereins >Gutenberg<,"""Lingg, Hermann""",Prolog zur zwanzigjährigen Stiftungsfeier des Gesangvereins >Gutenberg<,8.47
Lingg - Rosenzeit,"""Lingg, Hermann""",Rosenzeit,4.46
Lingg - Serena,"""Lingg, Hermann""",Serena,4.67
Lingg - Tilly,"""Lingg, Hermann""",Tilly,4.49
Lingg - Zur Lessingfeier in Wien,"""Lingg, Hermann""",Zur Lessingfeier in Wien,8.47
Linke - Alter Wegweiser im Walde,"""Linke, Johannes""",Alter Wegweiser im Walde,6.19
Linke - Bank unterm Kirschbaum,"""Linke, Johannes""",Bank unterm Kirschbaum,6.45
Linke - Das alte Schiff,"""Linke, Johannes""",Das alte Schiff,5.14
Linke - Das Kranwitlied,"""Linke, Johannes""",Das Kranwitlied,4.112
Linke - Der Wagner,"""Linke, Johannes""",Der Wagner,8.46
Linke - Die alte Kathl,"""Linke, Johannes""",Die alte Kathl,4.109
Linke - Die Wiege,"""Linke, Johannes""",Die Wiege,4.50
Linke - Geschnitztes Kirchengestühl,"""Linke, Johannes""",Geschnitztes Kirchengestühl,5.8
Linke - Holztrift,"""Linke, Johannes""",Holztrift,5.2
Linke - Im Sägewerk,"""Linke, Johannes""",Im Sägewerk,4.104
Linke - Kasten mit Jahreszahl,"""Linke, Johannes""",Kasten mit Jahreszahl,4.97
Linke - Kochlöffelschnitzer,"""Linke, Johannes""",Kochlöffelschnitzer,5.8
Linke - Traumbäume im gefrorenen Fenster,"""Linke, Johannes""",Traumbäume im gefrorenen Fenster,2.5
Linke - Waldbrand,"""Linke, Johannes""",Waldbrand,5.15
Linke - Wetterahorn,"""Linke, Johannes""",Wetterahorn,4.12
Linke - Zwillingslinde,"""Linke, Johannes""",Zwillingslinde,4.21
"Liscov - Es traure, wer da will","""Liscov, Salomo""","Es traure, wer da will",4.108
"Liscov - Jesu, liebste Seele","""Liscov, Salomo""","Jesu, liebste Seele",10.1
Liscov - Mit Tränen klag ich dir,"""Liscov, Salomo""",Mit Tränen klag ich dir,4.120
"Liscov - O Jesu, treuer Hüter","""Liscov, Salomo""","O Jesu, treuer Hüter",6.9
Liscov - Sei willkommen tausendmal,"""Liscov, Salomo""",Sei willkommen tausendmal,4.42
List - Auf ein Casquet,"""List, Gottlieb""",Auf ein Casquet / welches von Mons. Parant von seinem Fechtboden überliefert wurde,4.115
Lobsien - Die andern,"""Lobsien, Wilhelm""",Die andern,6.9
"Lobwasser - Ach mein Begier, Herz, Mut und Sinn","""Lobwasser, Ambrosius""","Ach mein Begier, Herz, Mut und Sinn",11.1
Lobwasser - Aus des Vaters Herz geboren,"""Lobwasser, Ambrosius""",Aus des Vaters Herz geboren,7.10
"Lobwasser - Bewahr mich, Herr, tu mir zur Rettung kommen","""Lobwasser, Ambrosius""","Bewahr mich, Herr, tu mir zur Rettung kommen",4.106
"Lobwasser - Das seind die zehn Gebot, von Gott","""Lobwasser, Ambrosius""","Das seind die zehn Gebot, von Gott",2.10
Lobwasser - Der heutig Tag geheiligt ist,"""Lobwasser, Ambrosius""",Der heutig Tag geheiligt ist,8.17
"Lobwasser - Erheb dein Herz, tu auf dein' Ohren","""Lobwasser, Ambrosius""","Erheb dein Herz, tu auf dein' Ohren",4.67
"Lobwasser - Freut euch, freut euch, all in gemein","""Lobwasser, Ambrosius""","Freut euch, freut euch, all in gemein",8.17
Lobwasser - Ich glaub in Gott dem Vater,"""Lobwasser, Ambrosius""",Ich glaub in Gott dem Vater,4.84
Lobwasser - Mein Hüter und mein Hirt,"""Lobwasser, Ambrosius""",Mein Hüter und mein Hirt,6.47
Lobwasser - Meine Zung nun fröhlich singe / von dem Werden Leib und Blut,"""Lobwasser, Ambrosius""",Meine Zung nun fröhlich singe / von dem Werden Leib und Blut,6.29
Lobwasser - Meine Zung nun fröhlich singe / von dem Wunder eines Streits,"""Lobwasser, Ambrosius""",Meine Zung nun fröhlich singe / von dem Wunder eines Streits,6.29
"Lobwasser - O höchster Gott, o unser lieber Herre","""Lobwasser, Ambrosius""","O höchster Gott, o unser lieber Herre",4.107
"Lobwasser - Schau an, o Herr, mich Armen","""Lobwasser, Ambrosius""","Schau an, o Herr, mich Armen",8.9
Lobwasser - Was uns etwan die heiligen,"""Lobwasser, Ambrosius""",Was uns etwan die heiligen,4.84
Lobwasser - Wer in des Allerhöchsten Hut,"""Lobwasser, Ambrosius""",Wer in des Allerhöchsten Hut,"8.15,12.1"
Lobwasser - Wie nach einer Wasserquelle / ein Hirsch schreiet mit Begier (Psalm 42),"""Lobwasser, Ambrosius""",Wie nach einer Wasserquelle / ein Hirsch schreiet mit Begier (Psalm 42),8.25
Lobwasser - Zu Gott wir unser Zuflucht haben,"""Lobwasser, Ambrosius""",Zu Gott wir unser Zuflucht haben,4.69
Loeben - Der Tanz mit dem Tode,"""Loeben, Otto Heinrich von""",Der Tanz mit dem Tode,7.3
Loerke - Abend auf der Grand Place in,"""Loerke, Oskar""",Abend auf der Grand Place in,4.71
Loerke - Abendlied,"""Loerke, Oskar""",Abendlied,8.2
Loerke - Abschied von den Krummen,"""Loerke, Oskar""",Abschied von den Krummen,4.71
Loerke - Alchimist,"""Loerke, Oskar""",Alchimist,4.54
Loerke - Am Strome,"""Loerke, Oskar""",Am Strome,4.72
Loerke - Andenken an Hermann Stehr,"""Loerke, Oskar""",Andenken an Hermann Stehr,4.67
Loerke - Ararat,"""Loerke, Oskar""",Ararat,4.106
Loerke - Baum der Unterwelt,"""Loerke, Oskar""",Baum der Unterwelt,4.101
Loerke - Behütung,"""Loerke, Oskar""",Behütung,4.72
Loerke - Bemalte Vasen von Atlantis 1,"""Loerke, Oskar""",Bemalte Vasen von Atlantis 1,4.56
Loerke - Beschwörung,"""Loerke, Oskar""",Beschwörung,4.48
Loerke - Birken,"""Loerke, Oskar""",Birken,4.66
Loerke - Dämmerungen,"""Loerke, Oskar""",Dämmerungen,4.109
Loerke - Der Eid,"""Loerke, Oskar""",Der Eid,4.97
Loerke - Der Herr der Donner,"""Loerke, Oskar""",Der Herr der Donner,6.44
Loerke - Der Leuchter,"""Loerke, Oskar""",Der Leuchter,4.106
Loerke - Der Löwe,"""Loerke, Oskar""",Der Löwe,4.100
Loerke - Der Mann mit der Schaufel,"""Loerke, Oskar""",Der Mann mit der Schaufel,4.103
Loerke - Der Silberdistelwald,"""Loerke, Oskar""",Der Silberdistelwald,5.2
Loerke - Der Steinpfad 16,"""Loerke, Oskar""",Der Steinpfad 16,4.33
Loerke - Die beiden unsichtbaren Heere,"""Loerke, Oskar""",Die beiden unsichtbaren Heere,3.9
Loerke - Die ehrwürdigen Bäume 2,"""Loerke, Oskar""",Die ehrwürdigen Bäume 2,4.58
Loerke - Die Einzelhöfe,"""Loerke, Oskar""",Die Einzelhöfe,2.10
Loerke - Die Frühlingsfähren,"""Loerke, Oskar""",Die Frühlingsfähren,8.37
Loerke - Die gespiegelte Stadt,"""Loerke, Oskar""",Die gespiegelte Stadt,4.105
Loerke - Die Inseln,"""Loerke, Oskar""",Die Inseln,4.36
Loerke - Die Kindermurmel 1,"""Loerke, Oskar""",Die Kindermurmel 1,2.10
Loerke - Die Orgel,"""Loerke, Oskar""",Die Orgel,4.38
Loerke - Die Pfeife,"""Loerke, Oskar""",Die Pfeife,5.9
Loerke - Die Silberhütte,"""Loerke, Oskar""",Die Silberhütte,4.49
Loerke - Die Stadt verklingt,"""Loerke, Oskar""",Die Stadt verklingt,4.73
Loerke - Ein Dichter am Neujahr,"""Loerke, Oskar""",Ein Dichter am Neujahr,4.108
"Loerke - Ein Schein, ein Nichts","""Loerke, Oskar""","Ein Schein, ein Nichts",6.36
Loerke - Eines Dichters Stimme,"""Loerke, Oskar""",Eines Dichters Stimme,"4.72,4.72a"
Loerke - Einfahrt,"""Loerke, Oskar""",Einfahrt,4.13
Loerke - Erdbebenzerstörtes Gotteshaus,"""Loerke, Oskar""",Erdbebenzerstörtes Gotteshaus,4.78
Loerke - Erzähle,"""Loerke, Oskar""",Erzähle,4.100
Loerke - Frühere Sonnen,"""Loerke, Oskar""",Frühere Sonnen,4.32
Loerke - Frühjahrslicht im Zimmer,"""Loerke, Oskar""",Frühjahrslicht im Zimmer,2.10
Loerke - Gegen Abend,"""Loerke, Oskar""",Gegen Abend,4.14
Loerke - Geleit,"""Loerke, Oskar""",Geleit,4.3
Loerke - Gleichnis am Morgen,"""Loerke, Oskar""",Gleichnis am Morgen,2.9
Loerke - Gräberstraße 2,"""Loerke, Oskar""",Gräberstraße 2,4.11
Loerke - Grenze des Verzichts,"""Loerke, Oskar""",Grenze des Verzichts,6.48
Loerke - Hochsommerbann,"""Loerke, Oskar""",Hochsommerbann,4.88
Loerke - Katakombe,"""Loerke, Oskar""",Katakombe,4.74
Loerke - Lebensschiff,"""Loerke, Oskar""",Lebensschiff,4.73
Loerke - Leise Herbsttage,"""Loerke, Oskar""",Leise Herbsttage,4.74
Loerke - Lügner,"""Loerke, Oskar""",Lügner,4.109
Loerke - Märkische Landschaft,"""Loerke, Oskar""",Märkische Landschaft,4.39
Loerke - Mein Gespinn,"""Loerke, Oskar""",Mein Gespinn,4.16
Loerke - Meine Terrasse,"""Loerke, Oskar""",Meine Terrasse,5.9
Loerke - Nacht auf der südlichen Insel,"""Loerke, Oskar""",Nacht auf der südlichen Insel,4.49
Loerke - Nacht im Kriege,"""Loerke, Oskar""",Nacht im Kriege,4.119
Loerke - Nächtliche Körpermelancholie,"""Loerke, Oskar""",Nächtliche Körpermelancholie,4.109
Loerke - Nachtrag zum Zyklus >Atlantis<,"""Loerke, Oskar""",Nachtrag zum Zyklus »Atlantis«,4.29
Loerke - Nichts Ungesegnetes,"""Loerke, Oskar""",Nichts Ungesegnetes,4.67
Loerke - Nirwana,"""Loerke, Oskar""",Nirwana,4.67
Loerke - Ödes Meer über Atlantis,"""Loerke, Oskar""",Ödes Meer über Atlantis,4.24
Loerke - Opferspruch,"""Loerke, Oskar""",Opferspruch,4.109
Loerke - Ort der Seelenlichter,"""Loerke, Oskar""",Ort der Seelenlichter,4.103
Loerke - Pansmusik,"""Loerke, Oskar""",Pansmusik,4.76
Loerke - Ritornelle,"""Loerke, Oskar""",Ritornelle,3.1
Loerke - Rondell vom Temperament,"""Loerke, Oskar""",Rondell vom Temperament,4.42
Loerke - Rondell von der Posaune,"""Loerke, Oskar""",Rondell von der Posaune,4.42
Loerke - Schneestadt,"""Loerke, Oskar""",Schneestadt,4.109
Loerke - Sonnwendlied der Vögel,"""Loerke, Oskar""",Sonnwendlied der Vögel,6.19
Loerke - Tote Tage,"""Loerke, Oskar""",Tote Tage,4.93
Loerke - Traumburg,"""Loerke, Oskar""",Traumburg,3.7
Loerke - Überwältigung,"""Loerke, Oskar""",Überwältigung,4.106
Loerke - Vesuvischer Friede,"""Loerke, Oskar""",Vesuvischer Friede,4.119
Loerke - Was du verachtest,"""Loerke, Oskar""",Was du verachtest,4.109
Loerke - Wechselgesang,"""Loerke, Oskar""",Wechselgesang,4.73
Loerke - Weichselfahrt,"""Loerke, Oskar""",Weichselfahrt,4.54
Loerke - Wind,"""Loerke, Oskar""",Wind,2.9
Loerke - Zweite Auferstehung,"""Loerke, Oskar""",Zweite Auferstehung,4.102
Lohbauer - Noch strahlt die liebe Sonne,"""Lohbauer, Karl Philipp""",Noch strahlt die liebe Sonne,8.7
"Lohenstein - Jesus, der du bist erschienen","""Lohenstein, Daniel Casper von""","Jesus, der du bist erschienen",6.29
Lommer - Der Spuk ist aus,"""Lommer, Horst""",Der Spuk ist aus,4.106
Löner - Als Christus gen Jerusalem,"""Löner, Caspar""",Als Christus gen Jerusalem,4.59
Löns - Am Brunnen,"""Löns, Hermann""",Am Brunnen,4.20
Löns - Auf Wiedersehn,"""Löns, Hermann""",Auf Wiedersehn,7.6
Löns - Das ist am See der,"""Löns, Hermann""",Das ist am See der,4.41
Löns - Das Vogelorakel,"""Löns, Hermann""",Das Vogelorakel,7.5
Löns - Der Abendstern blinkt durch,"""Löns, Hermann""",Der Abendstern blinkt durch,4.67
Löns - Der Kürassier,"""Löns, Hermann""",Der Kürassier,4.26
Löns - Der Reitersmann,"""Löns, Hermann""",Der Reitersmann,8.1
Löns - Der treue Kanonier,"""Löns, Hermann""",Der treue Kanonier,4.20
Löns - Die goldne Mittagssonne,"""Löns, Hermann""",Die goldne Mittagssonne,4.21
Löns - Krauser Birkenzweige Schatten,"""Löns, Hermann""",Krauser Birkenzweige Schatten,4.49
Löns - Liebesweh,"""Löns, Hermann""",Liebesweh,4.20
Löns - Über den grünen rotblumigen,"""Löns, Hermann""",Über den grünen rotblumigen,4.44
Löns - Vorspuk,"""Löns, Hermann""",Vorspuk,4.20
Löns - Zwischen hohen Ginsterbüschen,"""Löns, Hermann""",Zwischen hohen Ginsterbüschen,4.49
Löwen - An eines Freundes Hochzeit,"""Löwen, Johann Friedrich""",An eines Freundes Hochzeit,8.11
Löwen - Das entweihte Nonnenkloster,"""Löwen, Johann Friedrich""",Das entweihte Nonnenkloster,4.36
Löwen - Der Marionettenspieler,"""Löwen, Johann Friedrich""",Der Marionettenspieler,4.66
Löwen - Die verliebte Verzweiflung,"""Löwen, Johann Friedrich""",Die verliebte Verzweiflung,6.18
Löwen - Elpin,"""Löwen, Johann Friedrich""",Elpin,4.64
Löwen - Graf Ludewig von Gleichen,"""Löwen, Johann Friedrich""",Graf Ludewig von Gleichen,6.15
Löwen - Hanns Robert,"""Löwen, Johann Friedrich""",Hanns Robert,6.14
Löwen - Junker Hans aus Schwaben,"""Löwen, Johann Friedrich""",Junker Hans aus Schwaben,4.36
Löwen - Lukretia,"""Löwen, Johann Friedrich""",Lukretia,6.15
Lüchow - Das Proletariat,"""Lüchow, Johann Christian""",Das Proletariat,4.34
Ludwig - 1848,"""Ludwig, Otto""",1848,8.7
Ludwig - Bist du's,"""Ludwig, Otto""",Bist du's,4.60
Ludwig - Der Unzufriedene,"""Ludwig, Otto""",Der Unzufriedene,4.17
Ludwig - Des Mädchens Lied,"""Ludwig, Otto""",Des Mädchens Lied,8.2
Ludwig - Hüttchen im Odenwald,"""Ludwig, Otto""",Hüttchen im Odenwald,4.34
Ludwig - Langer Sommerregen,"""Ludwig, Otto""",Langer Sommerregen,8.36
Ludwig - Zerknirschung,"""Ludwig, Otto""",Zerknirschung,8.47
Luis - Doris,"""Luis, Georg""",Doris,8.37
Lüpke - Bi de Nacht,"""Lüpke, Gerd""",Bi de Nacht,4.100
Lüpke - Zonengrenz,"""Lüpke, Gerd""",Zonengrenz,6.18
Luther - Ach Gott vom Himmel sieh darein (Psalm 12),"""Luther, Martin""",Ach Gott vom Himmel sieh darein (Psalm 12),7.7
Luther - Aus tiefer Not schrei ich zu dir (Psalm 130),"""Luther, Martin""",Aus tiefer Not schrei ich zu dir (Psalm 130),7.7
Luther - Christ unser Herr zum Jordan kam,"""Luther, Martin""",Christ unser Herr zum Jordan kam,9.2
Luther - Christum wir sollen loben,"""Luther, Martin""",Christum wir sollen loben,4.58
Luther - Der du bist drei in Einigkeit,"""Luther, Martin""",Der du bist drei in Einigkeit,4.58
Luther - Ein feste Burg ist unser Gott (Psalm 46),"""Luther, Martin""",Ein feste Burg ist unser Gott (Psalm 46),9.0
Luther - Ein neues Lied wir heben an,"""Luther, Martin""",Ein neues Lied wir heben an,9.2
"Luther - Erhalt uns, Herr, bei deinem Wort","""Luther, Martin""","Erhalt uns, Herr, bei deinem Wort",4.58
Luther - Es spricht der Unweisen Mund wohl (Psalm 14),"""Luther, Martin""",Es spricht der Unweisen Mund wohl (Psalm 14),7.7
Luther - Es wolle Gott uns gnädig sein (Psalm 67),"""Luther, Martin""",Es wolle Gott uns gnädig sein (Psalm 67),9.2
"Luther - Jesus Christus, unser Heiland","""Luther, Martin""","Jesus Christus, unser Heiland",4.51
Luther - Nun freut euch lieben Christen gmein,"""Luther, Martin""",Nun freut euch lieben Christen gmein,7.7
"Luther - Nun komm, der Heiden Heiland","""Luther, Martin""","Nun komm, der Heiden Heiland",4.42
Luther - Vater unser im Himmelreich,"""Luther, Martin""",Vater unser im Himmelreich,6.33
Luther - Vom himel hoch da kom ich her,"""Luther, Martin""",Vom himel hoch da kom ich her,4.58
Luther - Wär Gott nicht mit uns diese Zeit (Psalm 124),"""Luther, Martin""",Wär Gott nicht mit uns diese Zeit (Psalm 124),7.7
Lütkemann - Wie kann ein Christ sich weigern doch,"""Lütkemann, Joachim""",Wie kann ein Christ sich weigern doch,6.15
"Magdeburg - Ach, was soll ich dir klagen, Herr","""Magdeburg, Joachim""","Ach, was soll ich dir klagen, Herr",10.3
"Mahn - Verzage, o meine Seele, nicht","""Mahn, Tobias""","Verzage, o meine Seele, nicht",8.12
Mantz - Mit Lust so will ich singen,"""Mantz, Felix""",Mit Lust so will ich singen,7.3
Marggraf - Die Krone fiel vom Haupte dir,"""Marggraf, Hermann""",Die Krone fiel vom Haupte dir,8.15
"Mathesius - Nun schlaf, mein liebes","""Mathesius, Johannes""","Nun schlaf, mein liebes",4.34
"Mathesius - O Jesu Christ, wahr Gottes Sohn","""Mathesius, Johannes""","O Jesu Christ, wahr Gottes Sohn",2.5
Matthisson - Abendgemälde,"""Matthisson, Friedrich von""",Abendgemälde,8.7
Matthisson - Abendlied,"""Matthisson, Friedrich von""",Abendlied,4.58
Matthisson - Adelaide,"""Matthisson, Friedrich von""",Adelaide,4.83
Matthisson - Am ersten Januar,"""Matthisson, Friedrich von""",Am ersten Januar,4.2
Matthisson - An den Abendstern,"""Matthisson, Friedrich von""",An den Abendstern,6.46
Matthisson - An den Tod,"""Matthisson, Friedrich von""",An den Tod,4.93
Matthisson - An die Liebe,"""Matthisson, Friedrich von""",An die Liebe,4.67
Matthisson - An eine Rosenknospe,"""Matthisson, Friedrich von""",An eine Rosenknospe,4.91
Matthisson - An einen Bruder,"""Matthisson, Friedrich von""",An einen Bruder,4.80
Matthisson - An einen Ölbaum,"""Matthisson, Friedrich von""",An einen Ölbaum,4.83
Matthisson - An Laura,"""Matthisson, Friedrich von""",An Laura,5.14
"Matthisson - An Laura, als sie Klopstocks","""Matthisson, Friedrich von""","An Laura, als sie Klopstocks",6.41
Matthisson - An Lauras Bildnis,"""Matthisson, Friedrich von""",An Lauras Bildnis,4.64
Matthisson - An Rosenfeld,"""Matthisson, Friedrich von""",An Rosenfeld,4.42
Matthisson - An Selma. Als er sich wieder aufs Land begab,"""Matthisson, Friedrich von""",An Selma. Als er sich wieder aufs Land begab,8.26
Matthisson - Andenken,"""Matthisson, Friedrich von""",Andenken,4.81
Matthisson - Das Grab,"""Matthisson, Friedrich von""",Das Grab,4.100
Matthisson - Das Grabmal,"""Matthisson, Friedrich von""",Das Grabmal,4.49
Matthisson - Das Kloster,"""Matthisson, Friedrich von""",Das Kloster,4.100
Matthisson - Das Totenopfer,"""Matthisson, Friedrich von""",Das Totenopfer,8.7
Matthisson - Der Abend am Zürchersee,"""Matthisson, Friedrich von""",Der Abend am Zürchersee,4.111
Matthisson - Der Alpenwanderer,"""Matthisson, Friedrich von""",Der Alpenwanderer,8.7
Matthisson - Der Frühlingsabend,"""Matthisson, Friedrich von""",Der Frühlingsabend,4.82
Matthisson - Der Genfersee,"""Matthisson, Friedrich von""",Der Genfersee,4.103
Matthisson - Der Grabstein,"""Matthisson, Friedrich von""",Der Grabstein,4.85
Matthisson - Der Sterbende,"""Matthisson, Friedrich von""",Der Sterbende,8.26
Matthisson - Die Befreiung,"""Matthisson, Friedrich von""",Die Befreiung,4.75
Matthisson - Die Betende,"""Matthisson, Friedrich von""",Die Betende,4.86
Matthisson - Die Einsamkeit,"""Matthisson, Friedrich von""",Die Einsamkeit,8.1
Matthisson - Die Kahnfahrt,"""Matthisson, Friedrich von""",Die Kahnfahrt,4.111
Matthisson - Die Kinderjahre,"""Matthisson, Friedrich von""",Die Kinderjahre,8.7
Matthisson - Die Kindheit,"""Matthisson, Friedrich von""",Die Kindheit,8.2
Matthisson - Die Nachtigall,"""Matthisson, Friedrich von""",Die Nachtigall,4.82
Matthisson - Die Nonne,"""Matthisson, Friedrich von""",Die Nonne,4.100
Matthisson - Die Schatten,"""Matthisson, Friedrich von""",Die Schatten,4.81
Matthisson - Die Sommernacht,"""Matthisson, Friedrich von""",Die Sommernacht,4.80
Matthisson - Die Wasserfahrt,"""Matthisson, Friedrich von""",Die Wasserfahrt,4.111
Matthisson - Elegie,"""Matthisson, Friedrich von""",Elegie,4.49
Matthisson - Elegie an den Tod,"""Matthisson, Friedrich von""",Elegie an den Tod,8.41
Matthisson - Entsagung. Emma an Eduard,"""Matthisson, Friedrich von""",Entsagung. Emma an Eduard,6.40
Matthisson - Erhörung,"""Matthisson, Friedrich von""",Erhörung,4.83
Matthisson - Erinnerung am Genfersee,"""Matthisson, Friedrich von""",Erinnerung am Genfersee,4.103
Matthisson - Erinnerungen,"""Matthisson, Friedrich von""",Erinnerungen,4.75
Matthisson - Frühlingsgruß,"""Matthisson, Friedrich von""",Frühlingsgruß,6.3
Matthisson - Grablied,"""Matthisson, Friedrich von""",Grablied,4.93
Matthisson - Heldenskolie,"""Matthisson, Friedrich von""",Heldenskolie,6.1
Matthisson - Hymne,"""Matthisson, Friedrich von""",Hymne,4.115
Matthisson - Lauras Quelle,"""Matthisson, Friedrich von""",Lauras Quelle,4.82
Matthisson - Lenzbilder,"""Matthisson, Friedrich von""",Lenzbilder,6.1
Matthisson - Lenzsonne,"""Matthisson, Friedrich von""",Lenzsonne,6.41
Matthisson - Letzter Trost,"""Matthisson, Friedrich von""",Letzter Trost,4.103
Matthisson - Liebe,"""Matthisson, Friedrich von""",Liebe,7.7
Matthisson - Lied der Liebe,"""Matthisson, Friedrich von""",Lied der Liebe,4.62
Matthisson - Lied der Schwermut,"""Matthisson, Friedrich von""",Lied der Schwermut,8.43
Matthisson - Nachruf,"""Matthisson, Friedrich von""",Nachruf,4.86
Matthisson - Nachtstück,"""Matthisson, Friedrich von""",Nachtstück,4.83
Matthisson - Sehnsucht nach Laura,"""Matthisson, Friedrich von""",Sehnsucht nach Laura,4.111
Matthisson - Todesgedanken,"""Matthisson, Friedrich von""",Todesgedanken,4.51
Matthisson - Trinklied,"""Matthisson, Friedrich von""",Trinklied,4.4
Matthisson - Weissagung,"""Matthisson, Friedrich von""",Weissagung,4.80
Matthisson - Wiederhall,"""Matthisson, Friedrich von""",Wiederhall,4.75
Matthisson - Zwei Jünglinge an ihre Mutter,"""Matthisson, Friedrich von""",Zwei Jünglinge an ihre Mutter,6.1
Meckel - Mäusejagd,"""Meckel, Christoph""",Mäusejagd,4.57
Meckel - Reise durch die Dämmerung,"""Meckel, Christoph""",Reise durch die Dämmerung,4.106
Meier - Die auf den Herren setzen,"""Meier, Heinrich""",Die auf den Herren setzen,2.10
Meissner - An Friedrich Wilhelm IV.,"""Meissner, Alfred""",An Friedrich Wilhelm IV.,6.40
"Melissus Schede - 37. Psalm (Nicht meng dich ein, gesellig aus Nacheifer)","""Melissus Schede, Paul""","37. Psalm (Nicht meng dich ein, gesellig aus Nacheifer)",3.7
"Melissus Schede - Auf dir, Herr Gott, steht mein Hoffnunge","""Melissus Schede, Paul""","Auf dir, Herr Gott, steht mein Hoffnunge",8.39
Melissus Schede - Die Erd dem Herren zugehört,"""Melissus Schede, Paul""",Die Erd dem Herren zugehört,6.34
Melissus Schede - Gott weidet mich,"""Melissus Schede, Paul""",Gott weidet mich,6.47
"Melissus Schede - Herr, unser Gott und","""Melissus Schede, Paul""","Herr, unser Gott und",4.107
"Melissus Schede - Nicht straf mich, Herr, du treuer","""Melissus Schede, Paul""","Nicht straf mich, Herr, du treuer",6.7
Melissus Schede - Preisen aus ganzem Herzensgrund,"""Melissus Schede, Paul""",Preisen aus ganzem Herzensgrund,4.63
"Melissus Schede - Tu Hilf, o Herr","""Melissus Schede, Paul""","Tu Hilf, o Herr",4.106
Melissus Schede - Wann uns anficht Trübsal,"""Melissus Schede, Paul""",Wann uns anficht Trübsal angsthafte,8.39
Mell - Der Verzauberte,"""Mell, Max""",Der Verzauberte,4.122
Mell - Die Stadt auf dem Hügel,"""Mell, Max""",Die Stadt auf dem Hügel,4.50
Mell - Grab im Winter,"""Mell, Max""",Grab im Winter,5.16
Men - Weil nun der Mensch durch Adams Fall,"""Men, Wolfgang von""",Weil nun der Mensch durch Adams Fall,5.6
Mengden - Fest stehet Gottes Stadt gegründet,"""Mengden, Gustav von""",Fest stehet Gottes Stadt gegründet,8.37
"Mengden - Freut euch, Gottes Kinder","""Mengden, Gustav von""","Freut euch, Gottes Kinder",10.1
"Mengden - Herr Gott, du bist die Zuflucht deiner Schar","""Mengden, Gustav von""","Herr Gott, du bist die Zuflucht deiner Schar",4.104
Mentzer - O daß ich tausend Zungen hätte,"""Mentzer, Johann""",O daß ich tausend Zungen hätte,6.38
Menzel - Führer und Volk,"""Menzel, Heryhert""",Führer und Volk,4.106
Menzel - Volk auf dem Wege,"""Menzel, Heryhert""",Volk auf dem Wege,4.58
Mereau - Ich weiß eine Farbe,"""Mereau, Sophie""",Ich weiß eine Farbe,4.62
"Meuslin - O Herre Gott, erbarme dich","""Meuslin, Wolfgang""","O Herre Gott, erbarme dich",13.1
"Meyer, C.F. - Abendwolke","""Meyer, Conrad Ferdinand""",Abendwolke,4.20
"Meyer, C.F. - Alle","""Meyer, Conrad Ferdinand""",Alle,6.47
"Meyer, C.F. - Alte Schrift","""Meyer, Conrad Ferdinand""",Alte Schrift,4.96
"Meyer, C.F. - Auf dem Canal grande","""Meyer, Conrad Ferdinand""",Auf dem Canal grande,4.56
"Meyer, C.F. - Bacchus in Bünden","""Meyer, Conrad Ferdinand""",Bacchus in Bünden,4.62
"Meyer, C.F. - Bettlerballade","""Meyer, Conrad Ferdinand""",Bettlerballade,4.114
"Meyer, C.F. - Conquistadores","""Meyer, Conrad Ferdinand""",Conquistadores,8.15
"Meyer, C.F. - Das Auge des Blinden","""Meyer, Conrad Ferdinand""",Das Auge des Blinden,4.56
"Meyer, C.F. - Das Ende des Festes","""Meyer, Conrad Ferdinand""",Das Ende des Festes,4.96
"Meyer, C.F. - Das Geisterroß","""Meyer, Conrad Ferdinand""",Das Geisterroß,6.29
"Meyer, C.F. - Das Goldtuch","""Meyer, Conrad Ferdinand""",Das Goldtuch,4.99
"Meyer, C.F. - Das heilige Feuer","""Meyer, Conrad Ferdinand""",Das heilige Feuer,4.93
"Meyer, C.F. - Das weiße Spitzchen","""Meyer, Conrad Ferdinand""",Das weiße Spitzchen,2.6
"Meyer, C.F. - Der Gesang des Meeres","""Meyer, Conrad Ferdinand""",Der Gesang des Meeres,4.96
"Meyer, C.F. - Der Lieblingsbaum","""Meyer, Conrad Ferdinand""",Der Lieblingsbaum,4.31
"Meyer, C.F. - Der Marmorknabe","""Meyer, Conrad Ferdinand""",Der Marmorknabe,4.95
"Meyer, C.F. - Der Mönch von Bonifazio","""Meyer, Conrad Ferdinand""",Der Mönch von Bonifazio,2.17
"Meyer, C.F. - Der Rheinborn","""Meyer, Conrad Ferdinand""",Der Rheinborn,4.67
"Meyer, C.F. - Der Ritt in den Tod","""Meyer, Conrad Ferdinand""",Der Ritt in den Tod,2.6
"Meyer, C.F. - Der schöne Tag","""Meyer, Conrad Ferdinand""",Der schöne Tag,4.61
"Meyer, C.F. - Der Stromgott","""Meyer, Conrad Ferdinand""",Der Stromgott,2.17
"Meyer, C.F. - Der Tod und Frau Laura","""Meyer, Conrad Ferdinand""",Der Tod und Frau Laura,4.99
"Meyer, C.F. - Die alte Brücke","""Meyer, Conrad Ferdinand""",Die alte Brücke,4.58
"Meyer, C.F. - Die drei gemalten Ritter","""Meyer, Conrad Ferdinand""",Die drei gemalten Ritter,2.5
"Meyer, C.F. - Die Fei","""Meyer, Conrad Ferdinand""",Die Fei,4.59
"Meyer, C.F. - Die Gaukler","""Meyer, Conrad Ferdinand""",Die Gaukler,6.19
"Meyer, C.F. - Die Gedanken des Königs","""Meyer, Conrad Ferdinand""",Die Gedanken des Königs,4.99
"Meyer, C.F. - Die gegeißelte Psyche","""Meyer, Conrad Ferdinand""",Die gegeißelte Psyche,4.53
"Meyer, C.F. - Die gezeichnete Stirne","""Meyer, Conrad Ferdinand""",Die gezeichnete Stirne,4.97
"Meyer, C.F. - Die Jungfrau","""Meyer, Conrad Ferdinand""",Die Jungfrau,4.67
"Meyer, C.F. - Die Lautenstimmer","""Meyer, Conrad Ferdinand""",Die Lautenstimmer,4.45
"Meyer, C.F. - Die Seitenwunde","""Meyer, Conrad Ferdinand""",Die Seitenwunde,4.96
"Meyer, C.F. - Don Fadrique","""Meyer, Conrad Ferdinand""",Don Fadrique,4.52
"Meyer, C.F. - Eingelegte Ruder","""Meyer, Conrad Ferdinand""",Eingelegte Ruder,2.8
"Meyer, C.F. - Einsiedel","""Meyer, Conrad Ferdinand""",Einsiedel,4.26
"Meyer, C.F. - Ewig jung ist nur die Sonne","""Meyer, Conrad Ferdinand""",Ewig jung ist nur die Sonne,4.123
"Meyer, C.F. - Firnelicht","""Meyer, Conrad Ferdinand""",Firnelicht,5.7
"Meyer, C.F. - Frau Agnes und ihre Nonnen","""Meyer, Conrad Ferdinand""",Frau Agnes und ihre Nonnen,4.36
"Meyer, C.F. - Huttens letzte Tage","""Meyer, Conrad Ferdinand""",Huttens letzte Tage,2.9
"Meyer, C.F. - In der Sistina","""Meyer, Conrad Ferdinand""",In der Sistina,4.100
"Meyer, C.F. - Jetzt rede du","""Meyer, Conrad Ferdinand""",Jetzt rede du,4.103
"Meyer, C.F. - Jung Tirel","""Meyer, Conrad Ferdinand""",Jung Tirel,4.59
"Meyer, C.F. - Kaiser Friedrich der Zweite","""Meyer, Conrad Ferdinand""",Kaiser Friedrich der Zweite,4.52
"Meyer, C.F. - Kaiser Sigmunds Ende","""Meyer, Conrad Ferdinand""",Kaiser Sigmunds Ende,4.112
"Meyer, C.F. - König Etzels Schwert","""Meyer, Conrad Ferdinand""",König Etzels Schwert,4.59
"Meyer, C.F. - Konradins Knappe","""Meyer, Conrad Ferdinand""",Konradins Knappe,4.99
"Meyer, C.F. - La Röse","""Meyer, Conrad Ferdinand""",La Röse,8.15
"Meyer, C.F. - Laß scharren deiner Rosse Huf","""Meyer, Conrad Ferdinand""",Laß scharren deiner Rosse Huf,3.0
"Meyer, C.F. - Lethe","""Meyer, Conrad Ferdinand""",Lethe,4.93
"Meyer, C.F. - Lutherlied","""Meyer, Conrad Ferdinand""",Lutherlied,8.30
"Meyer, C.F. - Mein Stern","""Meyer, Conrad Ferdinand""",Mein Stern,4.93
"Meyer, C.F. - Mit zwei Worten","""Meyer, Conrad Ferdinand""",Mit zwei Worten,4.123
"Meyer, C.F. - Morgenlied","""Meyer, Conrad Ferdinand""",Morgenlied,8.7
"Meyer, C.F. - Nächtliche Fahrt","""Meyer, Conrad Ferdinand""",Nächtliche Fahrt,4.100
"Meyer, C.F. - Napoleon im Kreml","""Meyer, Conrad Ferdinand""",Napoleon im Kreml,4.61
"Meyer, C.F. - Neujahrsglocken","""Meyer, Conrad Ferdinand""",Neujahrsglocken,2.8
"Meyer, C.F. - Papst Julius","""Meyer, Conrad Ferdinand""",Papst Julius,8.26
"Meyer, C.F. - Pergoleses Ständchen","""Meyer, Conrad Ferdinand""",Pergoleses Ständchen,4.49
"Meyer, C.F. - Requiem","""Meyer, Conrad Ferdinand""",Requiem,4.49
"Meyer, C.F. - Schneewittchen","""Meyer, Conrad Ferdinand""",Schneewittchen,4.103
"Meyer, C.F. - Schutzgeister","""Meyer, Conrad Ferdinand""",Schutzgeister,8.0
"Meyer, C.F. - Schwüle","""Meyer, Conrad Ferdinand""",Schwüle,4.88
"Meyer, C.F. - Sonntags","""Meyer, Conrad Ferdinand""",Sonntags,8.42
"Meyer, C.F. - Tag, schein herein!","""Meyer, Conrad Ferdinand""","Tag, schein herein!",8.46
"Meyer, C.F. - Thibaut von Champagne","""Meyer, Conrad Ferdinand""",Thibaut von Champagne,4.122
"Meyer, C.F. - Traumbesitz","""Meyer, Conrad Ferdinand""",Traumbesitz,4.52
"Meyer, C.F. - Unter den Sternen","""Meyer, Conrad Ferdinand""",Unter den Sternen,4.108
"Meyer, C.F. - Venedigs erster Tag","""Meyer, Conrad Ferdinand""",Venedigs erster Tag,4.125
"Meyer, C.F. - Vor der Ernte","""Meyer, Conrad Ferdinand""",Vor der Ernte,4.34
"Meyer, C.F. - Votivtafel","""Meyer, Conrad Ferdinand""",Votivtafel,4.61
"Meyer, C.F. - Weihgeschenk","""Meyer, Conrad Ferdinand""",Weihgeschenk,8.27
"Meyer, C.F. - Weinsegen","""Meyer, Conrad Ferdinand""",Weinsegen,8.37
"Meyer, C.F. - Zwei Segel","""Meyer, Conrad Ferdinand""",Zwei Segel,4.5
"Meyer, C.F. - Zwiegespräch","""Meyer, Conrad Ferdinand""",Zwiegespräch,2.8
"Meyer, J.B. - Gewonnen, gewonnen, der Satanas lieget","""Meyer, Joachim Bartholomäus""","Gewonnen, gewonnen, der Satanas lieget",4.70
Michaelis - Leben und Taten des teuren Helden Äneas,"""Michaelis, Johann Benjamin""",Leben und Taten des teuren Helden Äneas,7.7
Miegel - Die Jüngste,"""Miegel, Agnes""",Die Jüngste,4.89
Miegel - Die Müllersbraut,"""Miegel, Agnes""",Die Müllersbraut,2.6
Miegel - Die Schwester,"""Miegel, Agnes""",Die Schwester,4.62
Miegel - Die Sense,"""Miegel, Agnes""",Die Sense,4.103
Miegel - Die Staufen,"""Miegel, Agnes""",Die Staufen,4.36
Miegel - Graf Bothwell,"""Miegel, Agnes""",Graf Bothwell,2.9
Miegel - Griseldis,"""Miegel, Agnes""",Griseldis,2.5
Miegel - Heimweh,"""Miegel, Agnes""",Heimweh,4.27
Miegel - Jane,"""Miegel, Agnes""",Jane,4.58
Miegel - Lady Gwen,"""Miegel, Agnes""",Lady Gwen,4.59
Miegel - Legende,"""Miegel, Agnes""",Legende,2.5
Miegel - Nachtspuk,"""Miegel, Agnes""",Nachtspuk,8.31
Miegel - Verlassene Villa,"""Miegel, Agnes""",Verlassene Villa,4.105
Miller - Abends in der Laube,"""Miller, Johann Martin""",Abends in der Laube,8.15
Miller - An Daphnen,"""Miller, Johann Martin""",An Daphnen,4.49
Miller - An Daphnens Klavier,"""Miller, Johann Martin""",An Daphnens Klavier,6.27
Miller - An den Mond,"""Miller, Johann Martin""",An den Mond,4.51
Miller - An den West,"""Miller, Johann Martin""",An den West,8.15
Miller - An die Grafen [...] zu Stolberg,"""Miller, Johann Martin""",An die Grafen [...] zu Stolberg,8.15
Miller - An die Minne,"""Miller, Johann Martin""",An die Minne,6.13
Miller - An die Nachtigall,"""Miller, Johann Martin""",An die Nachtigall,5.6
Miller - An die Sonne,"""Miller, Johann Martin""",An die Sonne,4.58
Miller - An die Venus,"""Miller, Johann Martin""",An die Venus,8.15
Miller - An ein Rosenknöspchen,"""Miller, Johann Martin""",An ein Rosenknöspchen,4.47
Miller - An Lieschen. Ein Bauemlied,"""Miller, Johann Martin""",An Lieschen. Ein Bauemlied,4.31
Miller - An mein Mädchen,"""Miller, Johann Martin""",An mein Mädchen,6.14
Miller - An meine künftige Geliebte,"""Miller, Johann Martin""",An meine künftige Geliebte,4.59
Miller - An Minna,"""Miller, Johann Martin""",An Minna,4.31
Miller - Bauernlied,"""Miller, Johann Martin""",Bauernlied,4.36
Miller - Beim Trunk,"""Miller, Johann Martin""",Beim Trunk,6.17
Miller - Clarissa an Cäcilien,"""Miller, Johann Martin""",Clarissa an Cäcilien,8.26
Miller - Damon an den Mond,"""Miller, Johann Martin""",Damon an den Mond,4.29
"Miller - Daphnens Engel, als er schlief","""Miller, Johann Martin""","Daphnens Engel, als er schlief",8.21
Miller - Daphnis Klagen,"""Miller, Johann Martin""",Daphnis Klagen,4.93
Miller - Das Grab,"""Miller, Johann Martin""",Das Grab,8.26
Miller - Der Blick der Liebe,"""Miller, Johann Martin""",Der Blick der Liebe,4.49
Miller - Der deutsche Jüngling an sich selbst,"""Miller, Johann Martin""",Der deutsche Jüngling an sich selbst,6.19
Miller - Der Frühling,"""Miller, Johann Martin""",Der Frühling,4.58
Miller - Der glückliche Bauer,"""Miller, Johann Martin""",Der glückliche Bauer,4.34
Miller - Der Hain,"""Miller, Johann Martin""",Der Hain,4.80
Miller - Der Liebesbund,"""Miller, Johann Martin""",Der Liebesbund,8.26
Miller - Der Morgen,"""Miller, Johann Martin""",Der Morgen,"4.111,6.22"
Miller - Der Patriot an sein Vaterland,"""Miller, Johann Martin""",Der Patriot an sein Vaterland,6.19
Miller - Der Traum,"""Miller, Johann Martin""",Der Traum,4.4
Miller - Der verliebte Bauer,"""Miller, Johann Martin""",Der verliebte Bauer,4.34
Miller - Deutsches Lied,"""Miller, Johann Martin""",Deutsches Lied,4.42
Miller - Deutsches Trinklied,"""Miller, Johann Martin""",Deutsches Trinklied,8.26
Miller - Die Geliebte,"""Miller, Johann Martin""",Die Geliebte,4.80
Miller - Die Quelle,"""Miller, Johann Martin""",Die Quelle,6.7
Miller - Die Zufriedenheit (Was frag ich nach Geld und Gut),"""Miller, Johann Martin""",Die Zufriedenheit (Was frag ich nach Geld und Gut),6.14
Miller - Ein Trinklied,"""Miller, Johann Martin""",Ein Trinklied,6.18
Miller - Einladung,"""Miller, Johann Martin""",Einladung,4.18
Miller - Einladung in die Laube,"""Miller, Johann Martin""",Einladung in die Laube,4.85
Miller - Einladung zur Freude,"""Miller, Johann Martin""",Einladung zur Freude,8.7
"Miller - Elegie, an Chloen","""Miller, Johann Martin""","Elegie, an Chloen",4.78
Miller - Erinnerung an Elisen,"""Miller, Johann Martin""",Erinnerung an Elisen,8.26
Miller - Glück der Liebe,"""Miller, Johann Martin""",Glück der Liebe,4.42
Miller - Hannchen an Wilhelm,"""Miller, Johann Martin""",Hannchen an Wilhelm,5.4
Miller - Hoffnung an die Minne,"""Miller, Johann Martin""",Hoffnung an die Minne,5.4
Miller - Huldigung,"""Miller, Johann Martin""",Huldigung,8.21
Miller - Klagelied einer Bäuerin,"""Miller, Johann Martin""",Klagelied einer Bäuerin,8.15
Miller - Lob der Alten,"""Miller, Johann Martin""",Lob der Alten,8.1
Miller - Lobgesang eines Mädchens,"""Miller, Johann Martin""",Lobgesang eines Mädchens,4.36
Miller - Minnehold an Teuthard,"""Miller, Johann Martin""",Minnehold an Teuthard,4.34
Miller - Minnepreis,"""Miller, Johann Martin""",Minnepreis,6.30
Miller - Morgenlied im Mai,"""Miller, Johann Martin""",Morgenlied im Mai,6.19
Miller - Nonnenlied,"""Miller, Johann Martin""",Nonnenlied,4.36
Miller - Ritter Richard,"""Miller, Johann Martin""",Ritter Richard,4.34
Miller - Säkulargesang beim Anfang des,"""Miller, Johann Martin""",Säkulargesang beim Anfang des,4.107
Miller - Seufzer,"""Miller, Johann Martin""",Seufzer,4.42
Miller - Todeserinnerung,"""Miller, Johann Martin""",Todeserinnerung,8.26
Miller - Trauerlied,"""Miller, Johann Martin""",Trauerlied,6.22
Miller - Trauerlied einer Braut,"""Miller, Johann Martin""",Trauerlied einer Braut,8.7
Miller - Trinklied,"""Miller, Johann Martin""",Trinklied,6.19
Miller - Verschwiegenheit,"""Miller, Johann Martin""",Verschwiegenheit,4.31
Miller - Wiegenlied einer Mutter,"""Miller, Johann Martin""",Wiegenlied einer Mutter,4.31
Miller - Zum Tanz,"""Miller, Johann Martin""",Zum Tanz,7.0
"Mitternacht - Nach dir, mein Gott, verlanget mich","""Mitternacht, Johann Sebastian""","Nach dir, mein Gott, verlanget mich",10.4
Moller - Der letzte Tag nun kommen wird,"""Moller, Martin""",Der letzte Tag nun kommen wird,"3.4,3.4aaa"
"Moller - Heilger Geist, du Tröster mein","""Moller, Martin""","Heilger Geist, du Tröster mein","3.3,3.3aaa"
"Moller - Nimm von uns, Herr, du treuer Gott","""Moller, Martin""","Nimm von uns, Herr, du treuer Gott",6.33
Mombert - Das junge Liebchen,"""Mombert, Alfred""",Das junge Liebchen,2.9
Mombert - Das reine Sein,"""Mombert, Alfred""",Das reine Sein,4.63
Mombert - Regennacht,"""Mombert, Alfred""",Regennacht,4.104
Mombert - Spaziergang,"""Mombert, Alfred""",Spaziergang,2.5
Mombert - Versuch,"""Mombert, Alfred""",Versuch,4.38
"Mönch von Salzburg - Ave, lebentigs oblat, / warheit unde leben",Johannes (Mönch) von Salzburg,"Ave, lebentigs oblat, / warheit unde leben",8.13
Mönch von Salzburg - Das hell auf klimmen,Johannes (Mönch) von Salzburg,Das hell auf klimmen,4.84
Mönch von Salzburg - Der du dz liecht pist und der tag,Johannes (Mönch) von Salzburg,Der du dz liecht pist und der tag,4.58
Mönch von Salzburg - Lob all zungen des ernreichen / gotes leichnams widrgkeit,Johannes (Mönch) von Salzburg,Lob all zungen des ernreichen / gotes leichnams widrgkeit,6.28
"Mönch von Salzburg - Lob, o Sion, deinen hailer",Johannes (Mönch) von Salzburg,"Lob, o Sion, deinen hailer",6.30
Mönch von Salzburg - Sälig sy der seiden czeit,Johannes (Mönch) von Salzburg,Sälig sy der seiden czeit,7.8
"Mönch von Salzburg - Salve, grüest pist, mueter hayles",Johannes (Mönch) von Salzburg,"Salve, grüest pist, mueter hayles",6.30
Morawietz - Probe-Hymne für ein einig Vaterland,"""Morawietz, Kurt""",Probe-Hymne für ein einig Vaterland,12.5
Morgenstern - Abenddämmerung,"""Morgenstern, Christian""",Abenddämmerung,6.38
Morgenstern - Anfrage,"""Morgenstern, Christian""",Anfrage,4.71
Morgenstern - Anto-Logie,"""Morgenstern, Christian""",Anto-Logie,2.5
Morgenstern - Auf dem Strome,"""Morgenstern, Christian""",Auf dem Strome,8.1
Morgenstern - Bahnvorstand,"""Morgenstern, Christian""",Bahnvorstand,2.5
Morgenstern - Bundeslied der Galgenbrüder,"""Morgenstern, Christian""",Bundeslied der Galgenbrüder,4.69
Morgenstern - Das böhmische Dorf,"""Morgenstern, Christian""",Das böhmische Dorf,2.7
Morgenstern - Das Fest des Wüstlings,"""Morgenstern, Christian""",Das Fest des Wüstlings,3.2
Morgenstern - Das Grab des Hundes,"""Morgenstern, Christian""",Das Grab des Hundes,4.43
Morgenstern - Das Nasobem,"""Morgenstern, Christian""",Das Nasobem,4.20
Morgenstern - Das Perlhuhn,"""Morgenstern, Christian""",Das Perlhuhn,3.2
Morgenstern - Das Polizeipferd,"""Morgenstern, Christian""",Das Polizeipferd,4.88
Morgenstern - Denkmalswunsch,"""Morgenstern, Christian""",Denkmalswunsch,2.3
Morgenstern - Der Aromat,"""Morgenstern, Christian""",Der Aromat,2.8
Morgenstern - Der Droschkengaul,"""Morgenstern, Christian""",Der Droschkengaul,8.15
Morgenstern - Der Gaul,"""Morgenstern, Christian""",Der Gaul,4.36
Morgenstern - Der Lattenzaun,"""Morgenstern, Christian""",Der Lattenzaun,2.5
Morgenstern - Der Meilenstein,"""Morgenstern, Christian""",Der Meilenstein,4.48
Morgenstern - Der Purzelbaum,"""Morgenstern, Christian""",Der Purzelbaum,4.36
Morgenstern - Der Wasseresel,"""Morgenstern, Christian""",Der Wasseresel,2.5
Morgenstern - Der zertrümmerte Spiegel,"""Morgenstern, Christian""",Der zertrümmerte Spiegel,8.44
Morgenstern - Der Zwöl-Elf,"""Morgenstern, Christian""",Der Zwöl-Elf,2.5
Morgenstern - Die Fingur,"""Morgenstern, Christian""",Die Fingur,4.20
Morgenstern - Die Fledermaus,"""Morgenstern, Christian""",Die Fledermaus,2.1
Morgenstern - Die Kugeln,"""Morgenstern, Christian""",Die Kugeln,2.8
Morgenstern - Die Wissenschaft,"""Morgenstern, Christian""",Die Wissenschaft,2.3
Morgenstern - Die zwei Parallelen,"""Morgenstern, Christian""",Die zwei Parallelen,4.20
Morgenstern - Leise Lieder,"""Morgenstern, Christian""",Leise Lieder,4.89
Morgenstern - Mondendinge,"""Morgenstern, Christian""",Mondendinge,2.3
Morgenstern - Mopsenleben,"""Morgenstern, Christian""",Mopsenleben,2.10
"Morgenstern - Möwenlied (Die Möwen sehen alle aus, / als ob sie Emma hießen)","""Morgenstern, Christian""","Möwenlied (Die Möwen sehen alle aus, / als ob sie Emma hießen)",4.36
Morgenstern - Nach Norden,"""Morgenstern, Christian""",Nach Norden,2.4
Morgenstern - Philanthropisch,"""Morgenstern, Christian""",Philanthropisch,4.86
Morgenstern - Sommernacht im Hochwald,"""Morgenstern, Christian""",Sommernacht im Hochwald,2.2
Morgenstern - St. Expeditus,"""Morgenstern, Christian""",St. Expeditus,2.4
Morgenstern - Wort-Kunst,"""Morgenstern, Christian""",Wort-Kunst,2.7
Morhof - Von der Zufriedenheit,"""Morhof, Daniel Georg""",Von der Zufriedenheit,8.27
Mörike - An einen Liebenden,"""Mörike, Eduard""",An einen Liebenden,4.80
Mörike - An einen Liebesdichter,"""Mörike, Eduard""",An einen Liebesdichter,4.64
Mörike - An Florentine,"""Mörike, Eduard""",An Florentine,4.31
Mörike - An Philomele,"""Mörike, Eduard""",An Philomele,4.80
Mörike - Auf eine Christblume 1,"""Mörike, Eduard""",Auf eine Christblume 1,4.107
Mörike - Auf eine Christblume 2,"""Mörike, Eduard""",Auf eine Christblume 2,4.104
Mörike - Auf eine Lampe,"""Mörike, Eduard""",Auf eine Lampe,2.12
Mörike - Auf Erlenmayers Tod,"""Mörike, Eduard""",Auf Erlenmayers Tod,8.47
Mörike - Bei der Marien-Bergkirche,"""Mörike, Eduard""",Bei der Marien-Bergkirche,4.67
Mörike - Besuch in Urach,"""Mörike, Eduard""",Besuch in Urach,8.47
Mörike - Cruxfidelis,"""Mörike, Eduard""",Cruxfidelis,6.28
Mörike - Das lustige Wirtshaus,"""Mörike, Eduard""",Das lustige Wirtshaus,4.35
Mörike - Der Gärtner,"""Mörike, Eduard""",Der Gärtner,4.5
Mörike - Der Knabe und das Immlein,"""Mörike, Eduard""",Der Knabe und das Immlein,4.26
Mörike - Der Liebhaber an die heiße,"""Mörike, Eduard""",Der Liebhaber an die heiße,4.67
Mörike - Des Schloßküpers Geister zu,"""Mörike, Eduard""",Des Schloßküpers Geister zu,4.26
Mörike - Die schöne Buche,"""Mörike, Eduard""",Die schöne Buche,2.11
Mörike - Früh im Wagen,"""Mörike, Eduard""",Früh im Wagen,"4.16,4.16a"
Mörike - Gebet,"""Mörike, Eduard""",Gebet,4.18
Mörike - Gute Lehre,"""Mörike, Eduard""",Gute Lehre,4.26
Mörike - Jägerlied,"""Mörike, Eduard""",Jägerlied,4.88
Mörike - Karwoche,"""Mörike, Eduard""",Karwoche,4.109
Mörike - Liebesvorzeichen,"""Mörike, Eduard""",Liebesvorzeichen,4.67
Mörike - Mein Fluß,"""Mörike, Eduard""",Mein Fluß,7.7
Mörike - Unser Fritz,"""Mörike, Eduard""",Unser Fritz,7.5
Mörike - Verborgenheit,"""Mörike, Eduard""",Verborgenheit,4.47
Mörike - Wo find ich Trost,"""Mörike, Eduard""",Wo find ich Trost,4.90
Mörike - Zwei Liebchen,"""Mörike, Eduard""",Zwei Liebchen,2.5
Mosen - Die Völkerschlacht bei Leipzig,"""Mosen, Julius""",Die Völkerschlacht bei Leipzig,4.20
Müchler - An eine Sängerin,"""Müchler, Karl""",An eine Sängerin,4.95
Mühlpfort - Über die Kaltsinnigkeit der Liebsten,"""Mühlpfort, Heinrich""",Über die Kaltsinnigkeit der Liebsten,8.26
Mühsam - Der Revoluzzer,"""Mühsam, Erich""",Der Revoluzzer,4.51
Mühsam - Kleiner Roman,"""Mühsam, Erich""",Kleiner Roman,4.20
Müller-Grählert - Wo de Ostseewellen trecken an den Strand,"""Müller-Grählert, Martha""",Wo de Ostseewellen [später Nordseewellen] trecken an den Strand,4.112
Müller-Osten - Also liebt Gott die arge Welt,"""Müller-Osten, Kurt""",Also liebt Gott die arge Welt,6.19
"Müller, F. - Das braune Fräulein","""Müller, Friedrich (Maler Müller)""",Das braune Fräulein,4.20
"Müller, F. - Der Pfalzgraf Friedrich","""Müller, Friedrich (Maler Müller)""",Der Pfalzgraf Friedrich,6.15
"Müller, F. - Der schöne Tag","""Müller, Friedrich (Maler Müller)""",Der schöne Tag,6.1
"Müller, F. - Des Landwehrmanns Abschied","""Müller, Friedrich (Maler Müller)""",Des Landwehrmanns Abschied,5.8
"Müller, F. - Lied des Golo","""Müller, Friedrich (Maler Müller)""",Lied des Golo,7.2
"Müller, F. - Soldatenabschied (Heute scheid ich, heut wandr' ich)","""Müller, Friedrich (Maler Müller)""","Soldatenabschied (Heute scheid ich, heut wandr' ich)",5.8
"Müller, H. - Ach frommer Gott, erbarm dich mein","""Müller, Heinrich""","Ach frommer Gott, erbarm dich mein",6.16
"Müller, H. - Ach frommer Gott, wie angst und bang","""Müller, Heinrich""","Ach frommer Gott, wie angst und bang",10.3
"Müller, H. - Ach Gott, mein Herr, / wie zentnerschwer","""Müller, Heinrich""","Ach Gott, mein Herr, / wie zentnerschwer",6.2
"Müller, H. - Fahr nur hin, du schnöde Welt","""Müller, Heinrich""","Fahr nur hin, du schnöde Welt",8.13
"Müller, H. - Frisch auf, mein Herz, und trauer nicht","""Müller, Heinrich""","Frisch auf, mein Herz, und trauer nicht",12.3
"Müller, H. - Selig ist die Seele","""Müller, Heinrich""",Selig ist die Seele,10.1
"Müller, W. - Alexander und Diogenes","""Müller, Wilhelm""",Alexander und Diogenes,4.34
"Müller, W. - Am Brunnen","""Müller, Wilhelm""",Am Brunnen,4.63
"Müller, W. - An die Ungünstigen","""Müller, Wilhelm""",An die Ungünstigen,6.18
"Müller, W. - Auf der Höhe von Schönberg","""Müller, Wilhelm""",Auf der Höhe von Schönberg,4.49
"Müller, W. - Brüderschaft","""Müller, Wilhelm""",Brüderschaft,4.20
"Müller, W. - Brunnenmetamorphose","""Müller, Wilhelm""",Brunnenmetamorphose,4.108
"Müller, W. - Das Irrlicht","""Müller, Wilhelm""",Das Irrlicht,4.49
"Müller, W. - Das Wirtshaus","""Müller, Wilhelm""",Das Wirtshaus,4.20
"Müller, W. - Der Abschied","""Müller, Wilhelm""",Der Abschied,8.1
"Müller, W. - Der Adler auf Arkona","""Müller, Wilhelm""",Der Adler auf Arkona,4.13
"Müller, W. - Der Birkenhain bei Endernay","""Müller, Wilhelm""",Der Birkenhain bei Endernay,8.30
"Müller, W. - Der Egerfluß","""Müller, Wilhelm""",Der Egerfluß,4.67
"Müller, W. - Der Glockenguß zu Breslau","""Müller, Wilhelm""",Der Glockenguß zu Breslau,4.20
"Müller, W. - Der Kranz","""Müller, Wilhelm""",Der Kranz,6.33
"Müller, W. - Der Lauf der Welt","""Müller, Wilhelm""",Der Lauf der Welt,6.13
"Müller, W. - Der Leiermann","""Müller, Wilhelm""",Der Leiermann,4.13
"Müller, W. - Der Lindenbaum (Am Brunnen vor dem Tore)","""Müller, Wilhelm""",Der Lindenbaum (Am Brunnen vor dem Tore),"4.20,8.7"
"Müller, W. - Der neue Demagoge","""Müller, Wilhelm""",Der neue Demagoge,4.32
"Müller, W. - Der Neugierige","""Müller, Wilhelm""",Der Neugierige,4.20
"Müller, W. - Der Trinker von Gottes und Rechts wegen","""Müller, Wilhelm""",Der Trinker von Gottes und Rechts wegen,8.14
"Müller, W. - Der Wandrer im Welschland","""Müller, Wilhelm""",Der Wandrer im Welschland,6.17
"Müller, W. - Der Wegweiser","""Müller, Wilhelm""",Der Wegweiser,4.49
"Müller, W. - Der Zephyr","""Müller, Wilhelm""",Der Zephyr,3.5
"Müller, W. - Des Jägers Weib","""Müller, Wilhelm""",Des Jägers Weib,4.34
"Müller, W. - Des Müllers Blumen","""Müller, Wilhelm""",Des Müllers Blumen,5.7
"Müller, W. - Die Arche Noäh","""Müller, Wilhelm""",Die Arche Noäh,6.6
"Müller, W. - Die dürre Linde","""Müller, Wilhelm""",Die dürre Linde,4.34
"Müller, W. - Die Forelle","""Müller, Wilhelm""",Die Forelle,8.28
"Müller, W. - Die glückliche Fischerin","""Müller, Wilhelm""",Die glückliche Fischerin,8.7
"Müller, W. - Die Kellnerin und die Sterne","""Müller, Wilhelm""",Die Kellnerin und die Sterne,4.107
"Müller, W. - Die Königin und der Schäferknabe","""Müller, Wilhelm""",Die Königin und der Schäferknabe,4.67
"Müller, W. - Die Nebensonnen","""Müller, Wilhelm""",Die Nebensonnen,5.10
"Müller, W. - Die neue Quelle","""Müller, Wilhelm""",Die neue Quelle,4.102
"Müller, W. - Die schönsten Töne","""Müller, Wilhelm""",Die schönsten Töne,6.19
"Müller, W. - Die Steine und das Herz","""Müller, Wilhelm""",Die Steine und das Herz,4.99
"Müller, W. - Die Vierundneunziger","""Müller, Wilhelm""",Die Vierundneunziger,4.38
"Müller, W. - Die Wetterfahne","""Müller, Wilhelm""",Die Wetterfahne,4.67
"Müller, W. - Einsamkeit","""Müller, Wilhelm""",Einsamkeit,4.20
"Müller, W. - Ergebung","""Müller, Wilhelm""",Ergebung,4.49
"Müller, W. - Erlösung","""Müller, Wilhelm""",Erlösung,4.43
"Müller, W. - Erstarrung","""Müller, Wilhelm""",Erstarrung,4.20
"Müller, W. - Est Est","""Müller, Wilhelm""",Est Est,6.21
"Müller, W. - Freiheit im Wein","""Müller, Wilhelm""",Freiheit im Wein,4.34
"Müller, W. - Frühlingsgruß","""Müller, Wilhelm""",Frühlingsgruß,6.19
"Müller, W. - Gefrorene Tränen","""Müller, Wilhelm""",Gefrorene Tränen,4.20
"Müller, W. - Geist der Zeit und Geist des Weins","""Müller, Wilhelm""",Geist der Zeit und Geist des Weins,6.19
"Müller, W. - Gute Nacht","""Müller, Wilhelm""",Gute Nacht,8.7
"Müller, W. - Im Bade","""Müller, Wilhelm""",Im Bade,4.123
"Müller, W. - In Schönberg","""Müller, Wilhelm""",In Schönberg,4.67
"Müller, W. - Jägerlied","""Müller, Wilhelm""",Jägerlied,8.1
"Müller, W. - Karlsbad in Franzensbad","""Müller, Wilhelm""",Karlsbad in Franzensbad,4.102
"Müller, W. - Kuß und Lied","""Müller, Wilhelm""",Kuß und Lied,3.5
"Müller, W. - Letzte Hoffnung","""Müller, Wilhelm""",Letzte Hoffnung,4.49
"Müller, W. - Liebesaufruf","""Müller, Wilhelm""",Liebesaufruf,4.34
"Müller, W. - Liebesgedanken","""Müller, Wilhelm""",Liebesgedanken,4.5
"Müller, W. - Maria","""Müller, Wilhelm""",Maria,8.37
"Müller, W. - Meine Kameradschaft","""Müller, Wilhelm""",Meine Kameradschaft,5.7
"Müller, W. - Meine Muse","""Müller, Wilhelm""",Meine Muse,8.1
"Müller, W. - Morgengruß","""Müller, Wilhelm""",Morgengruß,6.19
"Müller, W. - Morgenlied","""Müller, Wilhelm""",Morgenlied,4.36
"Müller, W. - Nestor","""Müller, Wilhelm""",Nestor,6.22
"Müller, W. - Purim","""Müller, Wilhelm""",Purim,4.67
"Müller, W. - Rosenknospe und Tautropfen","""Müller, Wilhelm""",Rosenknospe und Tautropfen,3.5
"Müller, W. - Rückblick","""Müller, Wilhelm""",Rückblick,4.67
"Müller, W. - Schiff und Vogel","""Müller, Wilhelm""",Schiff und Vogel,4.36
"Müller, W. - Schlechte Zeiten, guter Wein","""Müller, Wilhelm""","Schlechte Zeiten, guter Wein",4.13
"Müller, W. - Seefahrers Abschied","""Müller, Wilhelm""",Seefahrers Abschied,8.26
"Müller, W. - Ständchen in Ritornellen aus","""Müller, Wilhelm""",Ständchen in Ritornellen aus,3.9
"Müller, W. - Tränenregen","""Müller, Wilhelm""",Tränenregen,4.21
"Müller, W. - Trockne Blumen","""Müller, Wilhelm""",Trockne Blumen,4.4
"Müller, W. - Übergegossen","""Müller, Wilhelm""",Übergegossen,4.108
"Müller, W. - Vereinigung","""Müller, Wilhelm""",Vereinigung,4.109
"Müller, W. - Vergangenheit","""Müller, Wilhelm""",Vergangenheit,6.30
"Müller, W. - Vineta","""Müller, Wilhelm""",Vineta,4.93
"Müller, W. - Vor ihrem Fenster","""Müller, Wilhelm""",Vor ihrem Fenster,4.106
"Müller, W. - Was sich reimt","""Müller, Wilhelm""",Was sich reimt,"3.3,3.3aaa"
"Müller, W. - Wein, der Lebensbalsam","""Müller, Wilhelm""","Wein, der Lebensbalsam",6.22
"Müller, W. - Weisheit im Wein","""Müller, Wilhelm""",Weisheit im Wein,6.30
"Müller, W. - Wohin?","""Müller, Wilhelm""",Wohin?,4.20
"Müller, W. - Zukunft","""Müller, Wilhelm""",Zukunft,6.30
Münchhausen - Ballade vom Brennesselbusch,"""Münchhausen, Börries von""",Ballade vom Brennesselbusch,4.112
Münchhausen - Bauernaufstand,"""Münchhausen, Börries von""",Bauernaufstand,4.36
Münchhausen - Das Heilandsblut,"""Münchhausen, Börries von""",Das Heilandsblut,2.9
Münchhausen - Der geringe Papst,"""Münchhausen, Börries von""",Der geringe Papst,4.69
Münchhausen - Der Page von Hochburgund,"""Münchhausen, Börries von""",Der Page von Hochburgund,8.16
Münchhausen - Die Boten,"""Münchhausen, Börries von""",Die Boten,4.20
"Münchhausen - Halfdan, Ragnars Sohn","""Münchhausen, Börries von""","Halfdan, Ragnars Sohn",4.34
Münchhausen - Harald,"""Münchhausen, Börries von""",Harald,4.34
Münchhausen - Jekaterinas Bestechung,"""Münchhausen, Börries von""",Jekaterinas Bestechung,8.37
Münchhausen - Jenseits,"""Münchhausen, Börries von""",Jenseits,4.106
"Münchhausen - Letzter Wille Jussufs, des","""Münchhausen, Börries von""","Letzter Wille Jussufs, des",4.54
Münchhausen - Schlachtfeld am Barenberge,"""Münchhausen, Börries von""",Schlachtfeld am Barenberge,8.16
Münchhausen - Zwei Frauen,"""Münchhausen, Börries von""",Zwei Frauen,8.44
"Müntzer - O Herr, Erlöser alles Volks","""Müntzer, Thomas""","O Herr, Erlöser alles Volks",4.58
"Murner - New lied von dem undergang des Christlichen glaubens (Nun hört, ich will euch singen)","""Murner, Thomas""","New lied von dem undergang des Christlichen glaubens (Nun hört, ich will euch singen)",8.7
Mylius - Weinen in den ersten Stunden,"""Mylius, Georg""",Weinen in den ersten Stunden,6.26
"Myllius - Ach Mensch, warnend betracht","""Mylius, Martin""","Ach Mensch, weinend betracht",4.108
Myllius - Nachdem den Menschen Cherubin,"""Mylius, Martin""",Nachdem den Menschen Cherubin,4.84
"Nachtenhöfer - Dies ist die Nacht, die mir erschienen","""Nachtenhöfer, Kaspar Friedrich""","Dies ist die Nacht, die mir erschienen",6.38
Naogeorg - Was wird es doch / Der Tollheit noch,"""Naogeorg, Thomas""",Was wird es doch / Der Tollheit noch,12.1
Neander - Abermal der Tag verflossen,"""Neander, Joachim""",Abermal der Tag verflossen,8.25
"Neander - Ach, was bin ich, mein Erretter","""Neander, Joachim""","Ach, was bin ich, mein Erretter",6.12
"Neander - Auf auf, mein Geist, erhebe dich zum Himmel","""Neander, Joachim""","Auf auf, mein Geist, erhebe dich zum Himmel",6.46
Neander - Der Mensch der Gott gelassen,"""Neander, Joachim""",Der Mensch der Gott gelassen,6.6
Neander - Der Tag ist hin,"""Neander, Joachim""",Der Tag ist hin,4.107
"Neander - Ei, was frag ich nach der Erden","""Neander, Joachim""","Ei, was frag ich nach der Erden",6.29
Neander - Freilich bin ich arm und bloß,"""Neander, Joachim""",Freilich bin ich arm und bloß,6.23
"Neander - Himmel, Erde, Luft und Meer","""Neander, Joachim""","Himmel, Erde, Luft und Meer",4.42
"Neander - Ich bin ein Herr, der ewig liebt","""Neander, Joachim""","Ich bin ein Herr, der ewig liebt",6.19
"Neander - Ich bin ein Herr, der Sünd vergibt","""Neander, Joachim""","Ich bin ein Herr, der Sünd vergibt",6.16
Neander - Ich schäme mich für deinen Thron,"""Neander, Joachim""",Ich schäme mich für deinen Thron,9.3
"Neander - Ich sehe dich, o Gottes Macht","""Neander, Joachim""","Ich sehe dich, o Gottes Macht",4.104
Neander - In der stillen Einsamkeit,"""Neander, Joachim""",In der stillen Einsamkeit,8.19
"Neander - Lobe den Herren, den mächtigen König der Ehren","""Neander, Joachim""","Lobe den Herren, den mächtigen König der Ehren",5.13
"Neander - O Jesu, Gott der Ehren","""Neander, Joachim""","O Jesu, Gott der Ehren",7.2
"Neander - O Schande, daß der Staub so prahlet","""Neander, Joachim""","O Schande, daß der Staub so prahlet",4.67
"Neander - O Sünder, denke wohl","""Neander, Joachim""","O Sünder, denke wohl",4.113
Neander - So soll ich dann noch mehr ausstehn?,"""Neander, Joachim""",So soll ich dann noch mehr ausstehn?,6.33
Neander - Unveränderliche Güte,"""Neander, Joachim""",Unveränderliche Güte,8.28
Neander - Was grämest du dich meine,"""Neander, Joachim""",Was grämest du dich meine,6.34
Neander - Zu deinem Fels und großen Retter,"""Neander, Joachim""",Zu deinem Fels und großen Retter,4.67
Nestroy - Knieriem in >Der Weltuntergangs-Tag< (I/19),"""Nestroy, Johann Nepomuk""",Knieriem in >Der Weltuntergangs-Tag< (I/19),10.7
Nestroy - Lied des Damian,"""Nestroy, Johann Nepomuk""",Lied des Damian,6.33
Nestroy - Zwirn in >Der Weltuntergangs-Tag< (I/14),"""Nestroy, Johann Nepomuk""",Zwirn in >Der Weltuntergangs-Tag< (I/14),10.7
Neuffer - Das Eine,"""Neuffer, Christian Ludwig""",Das Eine,8.37
Neuffer - Die Weinlese,"""Neuffer, Christian Ludwig""",Die Weinlese,4.111
Neuffer - Sonnenuntergang im Walde,"""Neuffer, Christian Ludwig""",Sonnenuntergang im Walde,8.26
"Neukirch - An einen guten Freund, als er Doctor ward (Mein freund, sein grosser ruhm)","""Neukirch, Benjamin""","An einen guten Freund, als er Doctor ward (Mein freund, sein grosser ruhm)",4.115
"Neukirch - An Flavien (Ach Flavie, du Quelle meiner Schmerzen)","""Neukirch, Benjamin""","An Flavien (Ach Flavie, du Quelle meiner Schmerzen)",6.45
"Neukirch - An Florinden (Florinde, soll ich dich ersuchen)","""Neukirch, Benjamin""","An Florinden (Florinde, soll ich dich ersuchen)",6.38
Neukirch - Auf das Absterben Herrn Ferdinands von Mudrach (Der affe der natur),"""Neukirch, Benjamin""",Auf das Absterben Herrn Ferdinands von Mudrach (Der affe der natur),10.0
"Neukirch - Auf ihre Eifersucht (Zürne nicht, betrübtes hertze)","""Neukirch, Benjamin""","Auf ihre Eifersucht (Zürne nicht, betrübtes hertze)",6.30
"Neukirch - Auf Se. Majestät den Röm. König / von denen zu Jena studierenden Schlesiern (Ihr Musen, laufft zusammen)","""Neukirch, Benjamin""","Auf Se. Majestät den Röm. König / von denen zu Jena studierenden Schlesiern (Ihr Musen, laufft zusammen)",7.2
"Neukirch - Er liebet ohne Hoffnung (Was denckt ihr doch, ihr kühnen sinnen)","""Neukirch, Benjamin""","Er liebet ohne Hoffnung (Was denckt ihr doch, ihr kühnen sinnen)",6.39
Neukirch - Sind das nicht Narrenpossen,"""Neukirch, Benjamin""",Sind das nicht Narrenpossen,6.7
"Neumark - Ich danke dir, mein Gott, von Herzen","""Neumark, Georg""","Ich danke dir, mein Gott, von Herzen",6.39
"Neumark - Loblied der Schäfer- und Poeterei (Wohl dem, der in den Wäldern lebet)","""Neumark, Georg""","Loblied der Schäfer- und Poeterei (Wohl dem, der in den Wäldern lebet)",6.38
Neumark - Scheltlied (Packe dich Feindin / weg von mir Dione!),"""Neumark, Georg""",Scheltlied (Packe dich Feindin / weg von mir Dione!),4.83
Neumark - Verweislied,"""Neumark, Georg""",Verweislied,4.83
Neumark - Wer nur den lieben Gott läßt walten,"""Neumark, Georg""",Wer nur den lieben Gott läßt walten,6.38
Neumeister - Ich soll mich mit Gewalt verlieben,"""Neumeister, Erdmann""",Ich soll mich mit Gewalt verlieben,6.39
Neumeister - Jesus nimm die Sünder an,"""Neumeister, Erdmann""",Jesus nimm die Sünder an,6.23
"Neumeister - Mein lieber Gott, gedenke meiner","""Neumeister, Erdmann""","Mein lieber Gott, gedenke meiner",6.38
Neumeister - So ist die Woche nun geschlossen,"""Neumeister, Erdmann""",So ist die Woche nun geschlossen,6.38
Neuwer - Als die Juden Jesum rein,"""Neuwer, Salomon""",Als die Juden Jesum rein,4.31
Ney - O Jugendzeit,"""Ney, Eduard""",O Jugendzeit,6.19
Nicolai - Mag ich Unglück nicht widerstahn,"""Nicolai, Philipp""",Mag ich Unglück nicht widerstahn,11.1
Nicolai - So wünsch ich nun ein gute Nacht,"""Nicolai, Philipp""",So wünsch ich nun ein gute Nacht,7.4
Nicolai - Wie schön leuchtet der Morgenstern,"""Nicolai, Philipp""",Wie schön leuchtet der Morgenstern,"10.4,12.3"
Niege - Aus meines Herzens Grunde,"""Niege, Georg""",Aus meines Herzens Grunde,8.6
Nietzsche - An den Mistral,"""Nietzsche, Friedrich""",An den Mistral,6.30
Nietzsche - An die Melancholie,"""Nietzsche, Friedrich""",An die Melancholie,8.44
Nietzsche - Auf einen Geburtstag,"""Nietzsche, Friedrich""",Auf einen Geburtstag,8.32
Nietzsche - Baum im Herbst,"""Nietzsche, Friedrich""",Baum im Herbst,4.78
Nietzsche - Entschluß,"""Nietzsche, Friedrich""",Entschluß,4.34
Nietzsche - Es ist der Wind um,"""Nietzsche, Friedrich""",Es ist der Wind um,4.59
Nietzsche - Heimweh,"""Nietzsche, Friedrich""",Heimweh,8.6
Nietzsche - Im Süden,"""Nietzsche, Friedrich""",Im Süden,5.12
Nietzsche - Junge Fischerin,"""Nietzsche, Friedrich""",Junge Fischerin,8.7
Nietzsche - Lied eines theokritischen,"""Nietzsche, Friedrich""",Lied eines theokritischen,4.8
Nietzsche - Mein Herz ist wie ein See so,"""Nietzsche, Friedrich""",Mein Herz ist wie ein See so,4.59
Nietzsche - Nachtgedanken,"""Nietzsche, Friedrich""",Nachtgedanken,8.44
"Nietzsche - Rein zur Höh, rein zu Tal","""Nietzsche, Friedrich""","Rein zur Höh, rein zu Tal",4.59
Nietzsche - Shakespeare,"""Nietzsche, Friedrich""",Shakespeare,8.45
Nietzsche - Sils-Maria,"""Nietzsche, Friedrich""",Sils-Maria,2.9
Nietzsche - Stemenmoral,"""Nietzsche, Friedrich""",Stemenmoral,2.5
Nordhausen - Die Ostmark kehrt heim,"""Nordhausen, Richard""",Die Ostmark kehrt heim,8.2
"Novalis - Allmächtiger Geist, Urquell aller Wesen",Novalis,"Allmächtiger Geist, Urquell aller Wesen",8.46
Novalis - Am Sonnabend Abend,Novalis,Am Sonnabend Abend,8.37
Novalis - An Adolph Selmniz,Novalis,An Adolph Selmniz,8.10
Novalis - An den Sklaven 2,Novalis,An den Sklaven 2,4.81
Novalis - An den Sohn des Herrn Professors Bürger,Novalis,An den Sohn des Herrn Professors Bürger,8.40
Novalis - An die Dichtkunst,Novalis,An die Dichtkunst,6.7
Novalis - An die Wippernymphe,Novalis,An die Wippernymphe,5.8
Novalis - An Dora Stock,Novalis,An Dora Stock,8.37
Novalis - An Gleim,Novalis,An Gleim,4.81
Novalis - An Herrn Brachmann,Novalis,An Herrn Brachmann,4.106
Novalis - An J. B. Bernhard,Novalis,An J. B. Bernhard,6.40
Novalis - An Laurens Eichhörnchen,Novalis,An Laurens Eichhörnchen,4.64
Novalis - An Lucie,Novalis,An Lucie,4.49
Novalis - An mein Schwert,Novalis,An mein Schwert,5.3
Novalis - An meinen Onkel,Novalis,An meinen Onkel,4.79
Novalis - Ans Kloster in Ruinen,Novalis,Ans Kloster in Ruinen,4.67
Novalis - AnTieck,Novalis,AnTieck,4.67
Novalis - Auf den Tod meines Onkels,Novalis,Auf den Tod meines Onkels,4.106
Novalis - Auf den Tod Zollikofers,Novalis,Auf den Tod Zollikofers,4.93
Novalis - Badelied,Novalis,Badelied,4.35
Novalis - Bei der Beerdigung eines ertrunkenen Jünglings,Novalis,Bei der Beerdigung eines ertrunkenen Jünglings,4.79
Novalis - Bergmannslied (Ich kenne wo ein festes Schloß),Novalis,Bergmannslied (Ich kenne wo ein festes Schloß),8.33
Novalis - Burgunderwein,Novalis,Burgunderwein,6.7
Novalis - Das Grab steht unter wilden Heiden,Novalis,Das Grab steht unter wilden Heiden,6.39
Novalis - Das ist der Herr der Erde,Novalis,Das ist der Herr der Erde,4.20
Novalis - Der Abend,Novalis,Der Abend,4.82
Novalis - Der Eislauf,Novalis,Der Eislauf,4.82
Novalis - Der gefundene Schatz,Novalis,Der gefundene Schatz,4.70
Novalis - Der Himmel war umzogen,Novalis,Der Himmel war umzogen,4.20
Novalis - Der Sänger geht auf rauhen Pfaden,Novalis,Der Sänger geht auf rauhen Pfaden,8.37
Novalis - Der Weise,Novalis,Der Weise,4.78
Novalis - Die Erlen,Novalis,Die Erlen,4.21
Novalis - Die Kahnfahrt,Novalis,Die Kahnfahrt,4.111
Novalis - Die mich einst mit Schmerz,Novalis,Die mich einst mit Schmerz,4.31
Novalis - Die Musik,Novalis,Die Musik,4.79
Novalis - Die Nachtigall,Novalis,Die Nachtigall,4.87
Novalis - Die Natur,Novalis,Die Natur,4.67
Novalis - Die zwei Mädchen,Novalis,Die zwei Mädchen,4.105
Novalis - Elegie auf einen Kirchhof,Novalis,Elegie auf einen Kirchhof,4.93
Novalis - Erato,Novalis,Erato,4.81
Novalis - Erwacht in euren Zellen,Novalis,Erwacht in euren Zellen,4.20
Novalis - Es färbte sich die Wiese grün,Novalis,Es färbte sich die Wiese grün,6.35
Novalis - Es gibt so bange Zeiten,Novalis,Es gibt so bange Zeiten,4.20
Novalis - Gehoben ist der Stein,Novalis,Gehoben ist der Stein,8.7
Novalis - Geschichte der Dichtkunst,Novalis,Geschichte der Dichtkunst (später Geschichte der Poesie),8.41
Novalis - Ihr Herz und Kuß,Novalis,Ihr Herz und Kuß,4.34
Novalis - Ihr Herz war voller Freuden,Novalis,Ihr Herz war voller Freuden,4.20
Novalis - Klagen eines Jünglings,Novalis,Klagen eines Jünglings,8.41
Novalis - Klingsohrs Weinlied,Novalis,Klingsohrs Weinlied,4.67
Novalis - Lied beim Punsche,Novalis,Lied beim Punsche,8.7
Novalis - Lied der Morgenländerin (Bricht das matte Herz noch immer),Novalis,Lied der Morgenländerin (Bricht das matte Herz noch immer),7.10
Novalis - Lied des Einsiedlers,Novalis,Lied des Einsiedlers,4.49
Novalis - Morgenlied,Novalis,Morgenlied,6.30
Novalis - Punschlied,Novalis,Punschlied,4.76
Novalis - Sehnsucht nach dem Tode,Novalis,Sehnsucht nach dem Tode,6.15
Novalis - Sind wir nicht geplagte Wesen?,Novalis,Sind wir nicht geplagte Wesen?,6.29
Novalis - Walzer,Novalis,Walzer,4.62
Novalis - Was war ich ohne dich gewesen,Novalis,Was war ich ohne dich gewesen,8.37
"Novalis - Weinen muß ich, immer weinen",Novalis,"Weinen muß ich, immer weinen",6.30
Novalis - Wenn alle untreu werden,Novalis,Wenn alle untreu werden,8.7
"Novalis - Wenn in bangen, trüben Stunden",Novalis,"Wenn in bangen, trüben Stunden",8.26
"Novalis - Wo bleibst du, Trost der ganzen Welt",Novalis,"Wo bleibst du, Trost der ganzen Welt",4.58
Ochsenkhun - Es taget an dem hellsten,"""Ochsenkhun, Sebastian""",Es taget an dem hellsten,2.15
Oesterreicher - Als Christus der Herr wollt,"""Oesterreicher, Georg""",Als Christus der Herr wollt,4.51
Olearius - Auf meinen Gott verlaß ich mich,"""Olearius, Johann""",Auf meinen Gott verlaß ich mich,10.2
Olearius - Gelobet sei der Herr,"""Olearius, Johann""",Gelobet sei der Herr,8.4
"Olearius - Lobe, mein Herz, deinen Gott","""Olearius, Johann""","Lobe, mein Herz, deinen Gott",7.8
"Olearius - O Jesu, Gottes Lamm","""Olearius, Johann""","O Jesu, Gottes Lamm",4.120
Olearius - O Wunder groß,"""Olearius, Johann""",O Wunder groß,12.1
Olearius - Sollt ich meinem Gott nicht,"""Olearius, Johann""",Sollt ich meinem Gott nicht,6.25
Olearius - Weg mit der schnöden Ungeduld,"""Olearius, Johann""",Weg mit der schnöden Ungeduld,7.7
Olearius - Wunderbarer Gnadenthron,"""Olearius, Johann""",Wunderbarer Gnadenthron,7.8
Omeis - Auf meinen Namen-Spruch,"""Omeis, Magnus Daniel""",Auf meinen Namen-Spruch,4.118
Omeis - Bei Beerdigung Herrn Christof Fürers,"""Omeis, Magnus Daniel""",Bei Beerdigung Herrn Christof Fürers,4.120
Omeis - Gedrücket zwar bin ich von Haß und Neiden,"""Omeis, Magnus Daniel""",Gedrücket zwar bin ich von Haß und Neiden,4.108
Omeis - Herzlich sehnt sich meine Seele,"""Omeis, Magnus Daniel""",Herzlich sehnt sich meine Seele,8.25
Omeis - Ich hab Bescheid zu scheiden,"""Omeis, Magnus Daniel""",Ich hab Bescheid zu scheiden,4.102
"Omeis - Immer fröhlich, immer fröhlich","""Omeis, Magnus Daniel""","Immer fröhlich, immer fröhlich",6.30
"Opitz - Ach Liebste, laß uns eilen","""Opitz, Martin""","Ach Liebste, laß uns eilen",4.9
Opitz - Am 2. Sonntag nach dem hl. Dreikönigstag (Es sind unterschiedene Gaben),"""Opitz, Martin""",Am 2. Sonntag nach dem hl. Dreikönigstag (Es sind unterschiedene Gaben),6.12
Opitz - Am 3. Sonntag nach Trinitatis (Stellet Gott heim eure Sachen),"""Opitz, Martin""",Am 3. Sonntag nach Trinitatis (Stellet Gott heim eure Sachen),6.12
Opitz - Am Grünen Donnerstage (Vom Herren hab ich es bekommen),"""Opitz, Martin""",Am Grünen Donnerstage (Vom Herren hab ich es bekommen),8.39
Opitz - Am H. Ostertage (Fegt ab von euch den Sauerteig der Erden),"""Opitz, Martin""",Am H. Ostertage (Fegt ab von euch den Sauerteig der Erden),4.106
Opitz - Am heiligen Dreikönigstag (Brich auf und werde Licht),"""Opitz, Martin""",Am heiligen Dreikönigstag (Brich auf und werde Licht),6.7
Opitz - Am Neuen Jahrstage (Gott unser Heil hat seine Freundlichkeit),"""Opitz, Martin""",Am Neuen Jahrstage (Gott unser Heil hat seine Freundlichkeit),4.99
"Opitz - Am Osterdienstag (Ihr Männer, Abrahams Geschlecht)","""Opitz, Martin""","Am Osterdienstag (Ihr Männer, Abrahams Geschlecht)",4.58
Opitz - Am Sonntag nach dem Christtage (So lange Zeit ein Erbe bleibt ein Kind),"""Opitz, Martin""",Am Sonntag nach dem Christtage (So lange Zeit ein Erbe bleibt ein Kind),4.104
"Opitz - Am Sonntag nach dem neuen Jahre (Was das Gesetz heißt, wie wir wissen)","""Opitz, Martin""","Am Sonntag nach dem neuen Jahre (Was das Gesetz heißt, wie wir wissen)",8.37
Opitz - Am Sonntag Oculi (So tut nun was das höchste Gut),"""Opitz, Martin""",Am Sonntag Oculi (So tut nun was das höchste Gut),4.58
Opitz - Am Sonntage Exaudi (Ihr müsset Gott euch rein und nüchtern bringen),"""Opitz, Martin""",Am Sonntage Exaudi (Ihr müsset Gott euch rein und nüchtern bringen),4.106
Opitz - An eine Jungfrau (Und du wirst auch bei meiner Buhlschaft stehen),"""Opitz, Martin""",An eine Jungfrau (Und du wirst auch bei meiner Buhlschaft stehen),4.106
Opitz - An H. David Müllern über seiner Hausfrauen Marien Renischin Absterben,"""Opitz, Martin""",An H. David Müllern über seiner Hausfrauen Marien Renischin Absterben,6.7
Opitz - An seine Buhlschaft,"""Opitz, Martin""",An seine Buhlschaft,8.0
Opitz - Auf Herrn Christian Cunrad liebsten Frauen Magdalena Eringin Begräbnis,"""Opitz, Martin""",Auf Herrn Christian Cunrad liebsten Frauen Magdalena Eringin Begräbnis,6.15
Opitz - Auf Herrn Johann Seylers Hochzeit,"""Opitz, Martin""",Auf Herrn Johann Seylers Hochzeit,8.7
Opitz - Auf ihr klugen Pierinnen (Schlußlied in >Schäferei der Nymphe Hercynia<),"""Opitz, Martin""",Auf ihr klugen Pierinnen (Schlußlied in >Schäferei der Nymphe Hercynia<),6.30
Opitz - Auf Leid kommt Freud,"""Opitz, Martin""",Auf Leid kommt Freud,4.58
"Opitz - Auf, auf, die rechte Zeit ist hier","""Opitz, Martin""","Auf, auf, die rechte Zeit ist hier",4.63
"Opitz - Bedenkt, ihr Brüder, jederzeit","""Opitz, Martin""","Bedenkt, ihr Brüder, jederzeit",8.15
Opitz - Beschlußelegie (Das blinde Liebeswer / die süße Gift der Sinnen),"""Opitz, Martin""",Beschlußelegie (Das blinde Liebeswer / die süße Gift der Sinnen),4.119
Opitz - Chor der gefangenen Könige (in >Judith<),"""Opitz, Martin""",Chor der gefangenen Könige (in >Judith<),4.20
Opitz - Chor der Wache (in >Judith<),"""Opitz, Martin""",Chor der Wache (in >Judith<),4.20
Opitz - Christus ist auf Erden kommen,"""Opitz, Martin""",Christus ist auf Erden kommen,6.27
Opitz - Coridon sprach mit Verlangen,"""Opitz, Martin""",Coridon sprach mit Verlangen,6.25
Opitz - Das blinde Volk der Heiden,"""Opitz, Martin""",Das blinde Volk der Heiden,8.7
Opitz - Derselbe welcher diese Nacht,"""Opitz, Martin""",Derselbe welcher diese Nacht,6.34
"Opitz - Die du, Christus, hast erkaufet","""Opitz, Martin""","Die du, Christus, hast erkaufet",8.25
Opitz - Die Jagd des Cupido,"""Opitz, Martin""",Die Jagd des Cupido,4.49
"Opitz - Du hast, o Herr, dein Land zuvor geliebt","""Opitz, Martin""","Du hast, o Herr, dein Land zuvor geliebt",4.104
"Opitz - Du sagst, es sei der Spiegel voller List","""Opitz, Martin""","Du sagst, es sei der Spiegel voller List",4.99
Opitz - Echo oder Widerschall (Dies Ort mit Bäumen ganz umgeben),"""Opitz, Martin""",Echo oder Widerschall (Dies Ort mit Bäumen ganz umgeben),4.69
Opitz - Ein jeder soll wie Christus Sinnes werden,"""Opitz, Martin""",Ein jeder soll wie Christus Sinnes werden ,4.105
Opitz - Epigramma an die Asterien,"""Opitz, Martin""",Epigramma an die Asterien,4.116
Opitz - Erwache meine Seel / und sage Lob dem Herren (Psalm 104),"""Opitz, Martin""",Erwache meine Seel / und sage Lob dem Herren (Psalm 104),4.119
Opitz - Gleich wie ein Hirsch mit,"""Opitz, Martin""",Gleich wie ein Hirsch mit,6.34
Opitz - Gott ist mein Hirt (1635),"""Opitz, Martin""",Gott ist mein Hirt (1635),4.107
"Opitz - Gott ist mein Hirt, ich darf nicht Mangel leiden","""Opitz, Martin""","Gott ist mein Hirt, ich darf nicht Mangel leiden",6.47
Opitz - Grabschrift eines Ertrunkenen,"""Opitz, Martin""",Grabschrift eines Ertrunkenen,"4.48,4.117"
Opitz - Grabschrift eines Hundes,"""Opitz, Martin""",Grabschrift eines Hundes,2.13
Opitz - Heb hoch des Herren Herrlichkeit,"""Opitz, Martin""",Heb hoch des Herren Herrlichkeit,4.58
Opitz - Herr richte dein Gemüte,"""Opitz, Martin""",Herr richte dein Gemüte,6.7
"Opitz - Herr unser Gott, Beherrscher aller Herren (Psalm 8)","""Opitz, Martin""","Herr unser Gott, Beherrscher aller Herren (Psalm 8",4.107
"Opitz - Herr, nicht schicke deine Rache","""Opitz, Martin""","Herr, nicht schicke deine Rache (Psalm 6)",8.28
Opitz - Hirtengesang (Neulich als ich ausgegangen; später Als ich nächst war ausspazieret),"""Opitz, Martin""",Hirtengesang (Neulich als ich ausgegangen; später Als ich nächst war ausspazieret),8.25
Opitz - Ich bin schon in den Garten kommen,"""Opitz, Martin""",Ich bin schon in den Garten kommen,6.40
Opitz - Ich empfinde fast ein Grauen,"""Opitz, Martin""",Ich empfinde fast ein Grauen,8.24
Opitz - Ich hoff ihr liebet noch und ehrt,"""Opitz, Martin""",Ich hoff ihr liebet noch und ehrt,6.34
Opitz - Ich will ein Lied von Gütigkeit erzwingen,"""Opitz, Martin""",Ich will ein Lied von Gütigkeit erzwingen,4.84
Opitz - Ich will meine Stimm erheben,"""Opitz, Martin""",Ich will meine Stimm erheben (Psalm 77),8.28
"Opitz - Ihr schwarzen Augen, ihr und","""Opitz, Martin""","Ihr schwarzen Augen, ihr und",6.49
Opitz - Ist irgend zu erfragen,"""Opitz, Martin""",Ist irgend zu erfragen,8.7
Opitz - Itzund kommt die Nacht,"""Opitz, Martin""",Itzund kommt die Nacht,4.42
"Opitz - Judith (Drama, 1635)","""Opitz, Martin""",Judith,2.16
Opitz - Kommt laßt uns ausspazieren,"""Opitz, Martin""",Kommt laßt uns ausspazieren,4.20
Opitz - Liebe wer sich selber haßt (Chor der Hirten in >Daphne< III),"""Opitz, Martin""",Liebe wer sich selber haßt (Chor der Hirten in >Daphne< III),6.24
"Opitz - Liebster, sagt in süßen","""Opitz, Martin""","Liebster, sagt in süßen Schmerzen",6.29
Opitz - Lobgesang auf die Geburt Christi,"""Opitz, Martin""",Lobgesang auf die Geburt Christi,4.120
"Opitz - Mein Lieb, wie schöne bist doch du!","""Opitz, Martin""","Mein Lieb, wie schöne bist doch du!",6.34
Opitz - Mein Nüßler und ist dies dein Rat,"""Opitz, Martin""",Mein Nüßler und ist dies dein Rat,4.64
"Opitz - Meine Hirtin, schönstes Bild (Üs. Lope de Vega)","""Opitz, Martin""","Meine Hirtin, schönstes Bild (Üs. Lope de Vega)",6.23
Opitz - Nachdem ich lag in meinem öden Bette,"""Opitz, Martin""",Nachdem ich lag in meinem öden Bette,4.76
Opitz - Nachtklage,"""Opitz, Martin""",Nachtklage,4.58
Opitz - O du Gott der süßen Schmerzen,"""Opitz, Martin""",O du Gott der süßen Schmerzen,6.25
Opitz - O du kleiner nackter Schütze (Chor der Hirten in >Daphne< II),"""Opitz, Martin""",O du kleiner nackter Schütze (Chor der Hirten in >Daphne< II),6.27
"Opitz - O Korinth, du Zier der Welt","""Opitz, Martin""","O Korinth, du Zier der Welt",4.42
Opitz - O schöne Nymphe freue dich (Der Nymphen und der Hirten Tanz in >Daphne> V),"""Opitz, Martin""",O schöne Nymphe freue dich (Der Nymphen und der Hirten Tanz in >Daphne> V),6.19
Opitz - O wie selig sind zu schätzen,"""Opitz, Martin""",O wie selig sind zu schätzen,6.25
"Opitz - O wohl dem, der die Übeltat","""Opitz, Martin""","O wohl dem, der die Übeltat",4.63
Opitz - Petrus Gottes treuer Knecht,"""Opitz, Martin""",Petrus Gottes treuer Knecht,6.21
"Opitz - Schaut, daß ihr von euch leget","""Opitz, Martin""","Schaut, daß ihr von euch leget",8.7
Opitz - Sonne deren schönes Licht,"""Opitz, Martin""",Sonne deren schönes Licht,6.23
Opitz - Tränen zu Ehren der Ewigkeit,"""Opitz, Martin""",Tränen zu Ehren der Ewigkeit,4.63
Opitz - Trostgedicht in Widerwärtigkeit des Krieges,"""Opitz, Martin""",Trostgedicht in Widerwärtigkeitdes Krieges,4.120
Opitz - Vom Abwesen seiner Liebsten,"""Opitz, Martin""",Vom Abwesen seiner Liebsten,4.119
"Opitz - Was vor diesem, meine Lieben","""Opitz, Martin""","Was vor diesem, meine Lieben",8.28
Opitz - Weil unser Gott den Geist uns hat gegeben,"""Opitz, Martin""",Weil unser Gott den Geist uns hat gegeben,4.108
Opitz - Wer wird dann je so selig sein,"""Opitz, Martin""",Wer wird dann je so selig sein,6.34
Opitz - Wie die Rose pflegt zu stehn,"""Opitz, Martin""",Wie die Rose pflegt zu stehn,6.23
"Opitz - Wie ein Hirsch, den man will fangen","""Opitz, Martin""","Wie ein Hirsch, den man will fangen",8.25
Opitz - Wo ist mein Aufenthalt,"""Opitz, Martin""",Wo ist mein Aufenthalt,6.0
"Opitz - Wohl dem, der weit von hohen Dingen","""Opitz, Martin""","Wohl dem, der weit von hohen Dingen","6.38,6.39"
Ortlepp - Das verfluchte Land,"""Ortlepp, Ernst""",Das verfluchte Land,4.20
Osiander - Mein Gott ich allzeit preis,"""Osiander, Andreas""",Mein Gott ich allzeit preis,6.5
Oswald von Wolkenstein - Es ist ein altgesprochner rat,Oswald von Wolkenstein,Es ist ein altgesprochner rat,8.17
Oswald von Wolkenstein - Gelück und hail,Oswald von Wolkenstein,Gelück und hail,11.0
Oswald von Wolkenstein - Sy hat mein hertz getroffen,Oswald von Wolkenstein,Sy hat mein hertz getroffen,8.7
Overbeck - Das Kinderspiel,"""Overbeck, Christian Adolf""",Das Kinderspiel,8.1
Overbeck - Der Sorgenfreie,"""Overbeck, Christian Adolf""",Der Sorgenfreie,8.1
Overbeck - Empfindungen im Frühling,"""Overbeck, Christian Adolf""",Empfindungen im Frühling,6.11
"Overbeck - Fritzchen an den Mai (Komm, lieber Mai, und mache)","""Overbeck, Christian Adolf""","Fritzchen an den Mai (Komm, lieber Mai, und mache)",8.7
"Overbeck - O liebe Sonne, sei gegrüßt","""Overbeck, Christian Adolf""","O liebe Sonne, sei gegrüßt",4.59
Overbeck - Trost für mancherlei Tränen,"""Overbeck, Christian Adolf""",Trost für mancherlei Tränen,4.13
"Overbeck - Unschuld, Tochter der Natur","""Overbeck, Christian Adolf""","Unschuld, Tochter der Natur",8.22
Owlglass - Erlösung,Owlglass (Hans Erich Blaich) ,Erlösung,4.47
Owlglass - Gang zur Hausapotheke,Owlglass (Hans Erich Blaich) ,Gang zur Hausapotheke,4.36
Owlglass - Großreinemachen,Owlglass (Hans Erich Blaich) ,Großreinemachen,4.75
Owlglass - Lamento,Owlglass (Hans Erich Blaich) ,Lamento,4.36
Owlglass - Meersburg,Owlglass (Hans Erich Blaich) ,Meersburg,4.59
Owlglass - Schwäbische Wanderung,Owlglass (Hans Erich Blaich) ,Schwäbische Wanderung,5.10
Owlglass - Seitensprünge,Owlglass (Hans Erich Blaich) ,Seitensprünge,4.51
Owlglass - Stiller Suff,Owlglass (Hans Erich Blaich) ,Stiller Suff,4.16
Owlglass - Treue,Owlglass (Hans Erich Blaich) ,Treue,4.51
Owlglass - Weltgeschichte,Owlglass (Hans Erich Blaich) ,Weltgeschichte,4.95
"Pauli - Ach, wo bleibest du so lang","""Pauli, Joachim""","Ach, wo bleibest du so lang",6.21
Pauli - Wie bist du denn auf mich entbrannt,"""Pauli, Joachim""",Wie bist du denn auf mich entbrannt,8.12
Pech - Wanderlied,"""Pech, Hannelore""",Wanderlied,4.22
Perinet - Wer niemals einen Rausch gehabt,"""Perinet, Joachim""",Wer niemals einen Rausch gehabt,6.14
Peter von Arberg - Ich wahter ich solt wecken,"""Arberg, Peter von""",Ich wahter ich solt wecken,7.7
Peters - Blick über herbstliche Gärten,"""Peters, Friedrich Ernst""",Blick über herbstliche Gärten,4.49
Peters - Der Teich,"""Peters, Friedrich Ernst""",Der Teich,4.50
Peters - Der Unbehauste,"""Peters, Friedrich Ernst""",Der Unbehauste,4.29
Peters - Der Weg in das Wahre,"""Peters, Friedrich Ernst""",Der Weg in das Wahre,8.2
Peters - Einsamkeit,"""Peters, Friedrich Ernst""",Einsamkeit,8.41
Peters - Ewig,"""Peters, Friedrich Ernst""",Ewig,4.106
Peters - Fernes Wetterleuchten,"""Peters, Friedrich Ernst""",Fernes Wetterleuchten,2.8
Peters - Frühling in der Vorstadt,"""Peters, Friedrich Ernst""",Frühling in der Vorstadt,4.94
Peters - Heim ins große Herz,"""Peters, Friedrich Ernst""",Heim ins große Herz,4.30
Peters - Heinrich IV. von Frankreich,"""Peters, Friedrich Ernst""",Heinrich IV. von Frankreich,5.8
Peters - Inferno,"""Peters, Friedrich Ernst""",Inferno,3.8
Peters - Kleine Wolke im Abendrot,"""Peters, Friedrich Ernst""",Kleine Wolke im Abendrot,5.8
Peters - L'inconnue de la Seine,"""Peters, Friedrich Ernst""",L'inconnue de la Seine,4.106
Peters - Ostsee,"""Peters, Friedrich Ernst""",Ostsee,4.109
Peters - Sommer,"""Peters, Friedrich Ernst""",Sommer,6.29
Peters - Überwindung,"""Peters, Friedrich Ernst""",Überwindung,4.47
Peters - Wagnis des Wortes,"""Peters, Friedrich Ernst""",Wagnis des Wortes,4.93
Peters - Weidenbaum,"""Peters, Friedrich Ernst""",Weidenbaum,6.41
Peters - Wilder Wein im Herbst,"""Peters, Friedrich Ernst""",Wilder Wein im Herbst,8.3
Pfau - Zum 18. Marz 1848,"""Pfau, Ludwig""",Zum 18. Marz 1848,8.7
Pfeffel - Alsa,"""Pfeffel, Gottlieb Konrad""",Alsa,4.30
Pfeffel - Amor und der Schäfer,"""Pfeffel, Gottlieb Konrad""",Amor und der Schäfer,6.36
Pfeffel - Aurora und Tithon,"""Pfeffel, Gottlieb Konrad""",Aurora und Tithon,7.7
Pfeffel - Chloe,"""Pfeffel, Gottlieb Konrad""",Chloe,4.34
Pfeffel - Das Kamel,"""Pfeffel, Gottlieb Konrad""",Das Kamel,4.67
Pfeffel - Der Affe am Hofe,"""Pfeffel, Gottlieb Konrad""",Der Affe am Hofe,6.39
Pfeffel - Der Exorzist,"""Pfeffel, Gottlieb Konrad""",Der Exorzist,4.65
Pfeffel - Der Floh,"""Pfeffel, Gottlieb Konrad""",Der Floh,4.64
Pfeffel - Der gelbe Zwerg,"""Pfeffel, Gottlieb Konrad""",Der gelbe Zwerg,8.17
Pfeffel - Der Lohn der Tugend,"""Pfeffel, Gottlieb Konrad""",Der Lohn der Tugend,8.38
Pfeffel - Der Ochs und der Esel,"""Pfeffel, Gottlieb Konrad""",Der Ochs und der Esel,4.47
Pfeffel - Der Reichstag,"""Pfeffel, Gottlieb Konrad""",Der Reichstag,4.47
Pfeffel - Die Katzen,"""Pfeffel, Gottlieb Konrad""",Die Katzen,4.29
Pfeffel - Die Mutter der Gracchen,"""Pfeffel, Gottlieb Konrad""",Die Mutter der Gracchen,4.38
Pfeffel - Die Nelke,"""Pfeffel, Gottlieb Konrad""",Die Nelke,4.4
Pfeffel - Die Sonnenuhr,"""Pfeffel, Gottlieb Konrad""",Die Sonnenuhr,4.78
"Pfeffel - Die Tobackspfeife (Gott grüß euch, Alter, schmeckt das Pfeifchen)","""Pfeffel, Gottlieb Konrad""","Die Tobackspfeife (Gott grüß euch, Alter, schmeckt das Pfeifchen)",4.38
Pfeffel - Lied eines Negersklaven,"""Pfeffel, Gottlieb Konrad""",Lied eines Negersklaven,4.46
Pfeffel - Röschen,"""Pfeffel, Gottlieb Konrad""",Röschen,4.34
Pfeffel - Sylla und der schlechte Dichter,"""Pfeffel, Gottlieb Konrad""",Sylla und der schlechte Dichter,8.37
Pfeffel - Theonise,"""Pfeffel, Gottlieb Konrad""",Theonise,4.65
Pfeffel - Therese Paradies,"""Pfeffel, Gottlieb Konrad""",Therese Paradies,5.2
Pfeffel - Trost im Unglück,"""Pfeffel, Gottlieb Konrad""",Trost im Unglück,4.84
"Pfeffel - Usge und Zacchi, eine","""Pfeffel, Gottlieb Konrad""","Usge und Zacchi, eine",4.38
Pfeiffer - So gibst du nun,"""Pfeiffer, August""",So gibst du nun,4.103
Pfizer - Des Deutschen Vaterland,"""Pfizer, Paul Achatius""",Des Deutschen Vaterland,4.34
Philips der Jüngere zu Winnenberg - So wünsch ich euch ein gute Nacht,Philips der Jüngere zu Winnenberg,So wünsch ich euch ein gute Nacht,7.4
Piontek - Alte Lichtung im Schnee,"""Piontek, Heinz""",Alte Lichtung im Schnee,4.67
Piontek - Aus einem Park,"""Piontek, Heinz""",Aus einem Park,2.9
Piontek - Bei den Brunnenbauern,"""Piontek, Heinz""",Bei den Brunnenbauern,4.67
Piontek - Birkenwinter,"""Piontek, Heinz""",Birkenwinter,4.28
Piontek - Das Mahl der Straßenwärter,"""Piontek, Heinz""",Das Mahl der Straßenwärter,4.106
Piontek - Erinnerte Landschaft,"""Piontek, Heinz""",Erinnerte Landschaft,6.39
Piontek - Fahrt,"""Piontek, Heinz""",Fahrt,4.4
Piontek - Fischerhütte,"""Piontek, Heinz""",Fischerhütte,4.54
Piontek - Frühjahr Sechsundvierzig,"""Piontek, Heinz""",Frühjahr Sechsundvierzig,4.20
Piontek - Gelassener Blick,"""Piontek, Heinz""",Gelassener Blick,4.65
Piontek - Heim vom Pferdemarkt,"""Piontek, Heinz""",Heim vom Pferdemarkt,4.21
Piontek - Heimweg,"""Piontek, Heinz""",Heimweg,4.5
Piontek - Herbststrophen,"""Piontek, Heinz""",Herbststrophen,4.109
Piontek - In leerer wüster Luft,"""Piontek, Heinz""",In leerer wüster Luft,4.50
Piontek - Indian Summer,"""Piontek, Heinz""",Indian Summer,4.66
Piontek - Orte,"""Piontek, Heinz""",Orte,4.32
Piontek - Pferdejunge,"""Piontek, Heinz""",Pferdejunge,4.58
Piontek - Sommer mit Bäumen,"""Piontek, Heinz""",Sommer mit Bäumen,4.49
Piontek - Strandterrasse,"""Piontek, Heinz""",Strandterrasse,4.13
Piontek - Trostloses Fragen,"""Piontek, Heinz""",Trostloses Fragen,4.38
Piontek - Wassermarken,"""Piontek, Heinz""",Wassermarken,8.44
Piontek - Wenn die Nacht kommt,"""Piontek, Heinz""",Wenn die Nacht kommt,4.34
Piontek - Wiederholte Weise,"""Piontek, Heinz""",Wiederholte Weise,4.20
Piontek - Wunde der Wahrheit,"""Piontek, Heinz""",Wunde der Wahrheit,4.68
"Planck - Wohlauf, du edler Helde","""Planck, Wolfgang""","Wohlauf, du edler Helde",9.1
Platen - Accqua Paolina,"""Platen, August von""",Accqua Paolina,4.80
Platen - Alexius,"""Platen, August von""",Alexius,4.123
Platen - An die Gräfin Pieri in Siena,"""Platen, August von""",An die Gräfin Pieri in Siena,4.111
Platen - An einen Freund,"""Platen, August von""",An einen Freund,8.47
Platen - An Franz den Zweiten,"""Platen, August von""",An Franz den Zweiten,4.80
Platen - An G. J.,"""Platen, August von""",An G. J.,3.7
Platen - An Goethe,"""Platen, August von""",An Goethe,4.80
Platen - An Goethe. Glosse,"""Platen, August von""",An Goethe. Glosse,"10.6,10.6abab"
Platen - An König Ludwig,"""Platen, August von""",An König Ludwig,4.80
Platen - An Schelling,"""Platen, August von""",An Schelling,8.48
Platen - Anekdote,"""Platen, August von""",Anekdote,4.52
Platen - Auf ewig fliehn die Scherze,"""Platen, August von""",Auf ewig fliehn die Scherze,4.20
Platen - Aufschub der Trauer,"""Platen, August von""",Aufschub der Trauer,4.41
Platen - Befangen in verworrnem,"""Platen, August von""",Befangen in verworrnem,4.67
Platen - Colombos Geist,"""Platen, August von""",Colombos Geist,4.93
Platen - Das Grab im Busento,"""Platen, August von""",Das Grab im Busento,2.17
Platen - Das Kreuz,"""Platen, August von""",Das Kreuz,4.52
Platen - Das Leben ein Traum,"""Platen, August von""",Das Leben ein Traum,4.55
"Platen - Dem Gotte klag ich, der mich","""Platen, August von""","Dem Gotte klag ich, der mich",3.7
Platen - Der alte Gondolier,"""Platen, August von""",Der alte Gondolier,8.10
Platen - Der bessere Teil,"""Platen, August von""",Der bessere Teil,4.81
Platen - Der letzte Gast,"""Platen, August von""",Der letzte Gast,4.36
Platen - Der Pilgrim vor St. Just,"""Platen, August von""",Der Pilgrim vor St. Just,2.9
Platen - Der Tod des Carus,"""Platen, August von""",Der Tod des Carus,2.16
Platen - Dialog Melchior/Diagoras in >Der romantische Ödipus< (II),"""Platen, August von""",Dialog Melchior/Diagoras in >Der romantische Ödipus< (II),8.48
Platen - Dialog Zelinde/Polybus in >Der romantische Ödipus< (II),"""Platen, August von""",Dialog Zelinde/Polybus in >Der romantische Ödipus< (II),8.48
Platen - Die beiden Rosen,"""Platen, August von""",Die beiden Rosen,8.48
Platen - Die großen Kaiser,"""Platen, August von""",Die großen Kaiser,4.114
Platen - Die Najade,"""Platen, August von""",Die Najade,4.21
Platen - Die Pyramide des Cestius,"""Platen, August von""",Die Pyramide des Cestius,4.81
Platen - Die Totenhand,"""Platen, August von""",Die Totenhand,4.59
"Platen - Du scheust, mit mir allein zu sein","""Platen, August von""","Du scheust, mit mir allein zu sein",4.28
Platen - Einladung nach Sorrent,"""Platen, August von""",Einladung nach Sorrent,4.81
Platen - Es ziehen viel Gestalten,"""Platen, August von""",Es ziehen viel Gestalten,4.20
"Platen - Euch, kleine Wellen, seh ich","""Platen, August von""","Euch, kleine Wellen, seh ich",4.67
Platen - Fischerknabe,"""Platen, August von""",Fischerknabe,4.34
Platen - Florenz,"""Platen, August von""",Florenz,4.80
Platen - Frühlingslied,"""Platen, August von""",Frühlingslied,5.4
Platen - Harmosan,"""Platen, August von""",Harmosan,4.126
Platen - Heut ist neu der Tag erstanden,"""Platen, August von""",Heut ist neu der Tag erstanden,4.55
Platen - Ich bin ein Wassertropfen,"""Platen, August von""",Ich bin ein Wassertropfen,4.24
Platen - Ihr Vögel in den Zweigen,"""Platen, August von""",Ihr Vögel in den Zweigen,5.6
"Platen - Im Wasser wogt die Lilie, die blanke, hin und her","""Platen, August von""","Im Wasser wogt die Lilie, die blanke, hin und her",
Platen - Irrender Ritter,"""Platen, August von""",Irrender Ritter,4.13
Platen - Klagen eines Ramlerianers,"""Platen, August von""",Klagen eines Ramlerianers,8.41
Platen - Klaglied Kaiser Otto des Dritten,"""Platen, August von""",Klaglied Kaiser Otto des Dritten,8.7
Platen - Kloster Königsfelden,"""Platen, August von""",Kloster Königsfelden,4.100
Platen - König Odo,"""Platen, August von""",König Odo,4.54
Platen - Laß tief in dir mich lesen,"""Platen, August von""",Laß tief in dir mich lesen,4.20
"Platen - Liebe, Liebreiz, Winke der Gunst und Alles","""Platen, August von""","Liebe, Liebreiz, Winke der Gunst und Alles",4.81
Platen - Los des Lyrikers,"""Platen, August von""",Los des Lyrikers,4.81
Platen - Mädchens Nachruf,"""Platen, August von""",Mädchens Nachruf,4.49
Platen - Matrosenlied,"""Platen, August von""",Matrosenlied,4.77
Platen - Mut und Unmut,"""Platen, August von""",Mut und Unmut,2.8
Platen - Neujahrslied,"""Platen, August von""",Neujahrslied,8.26
"Platen - O schöne Zeit, in der der Mensch die Menschen lieben kann!","""Platen, August von""","O schöne Zeit, in der der Mensch die Menschen lieben kann!",2.15
"Platen - Oft, wenn wir lang im Dunkel","""Platen, August von""","Oft, wenn wir lang im Dunkel",4.67
Platen - Osterlied,"""Platen, August von""",Osterlied,7.4
Platen - Parsenlied,"""Platen, August von""",Parsenlied,4.13
Platen - Prolog zu den Abbassiden,"""Platen, August von""",Prolog zu den Abbassiden,8.48
Platen - Saul und David,"""Platen, August von""",Saul und David,4.103
"Platen - Schenktest du mir, Kind,","""Platen, August von""","Schenktest du mir, Kind,",4.55
"Platen - Schlummer, deine sel'ge Macht","""Platen, August von""","Schlummer, deine sel'ge Macht",4.30
Platen - Schon vielen hat es innig sich,"""Platen, August von""",Schon vielen hat es innig sich,4.109
Platen - Sollen namenlos uns länger,"""Platen, August von""",Sollen namenlos uns länger,6.32
Platen - Sprüche und Bilder,"""Platen, August von""",Sprüche und Bilder,4.54
"Platen - Träume, die behende fliegen","""Platen, August von""","Träume, die behende fliegen",4.49
Platen - Unmittelbarer der Natur,"""Platen, August von""",Unmittelbarer der Natur,3.7
"Platen - Vergebt, daß alle meine","""Platen, August von""","Vergebt, daß alle meine",4.106
"Platen - Vor allem, was da leibt und lebt","""Platen, August von""","Vor allem, was da leibt und lebt",6.19
Platen - Warnung,"""Platen, August von""",Warnung,4.108
"Platen - Was ists, das jedem","""Platen, August von""","Was ists, das jedem",4.77
Platen - Wohl hab ichs tief empfunden,"""Platen, August von""",Wohl hab ichs tief empfunden,4.24
Platen - Zueignung des Spiegels von von Hafis. A Otto von Bülow,"""Platen, August von""",Zueignung des Spiegels von Hafis. A Otto von Bülow,8.47
Platen - Zum Geburtstage,"""Platen, August von""",Zum Geburtstage,4.53
Platen - Zwar wind ich jetzt mich,"""Platen, August von""",Zwar wind ich jetzt mich,4.109
Plavius - Hochzeitslied,"""Plavius, Johannes""",Hochzeitslied,4.83
Pohl - Der Staatsanwalt,"""Pohl, Martin""",Der Staatsanwalt,"3.3,3.3aax"
Pohl - Parabel von Solon,"""Pohl, Martin""",Parabel von Solon,4.45
Posthius - Das Schifflein auf dem Meer so wilde,"""Posthius, Johann""",Das Schifflein auf dem Meer so wilde,8.39
"Posthius - Gott gibt Gnad, Glück, Geduld beständiglich","""Posthius, Johann""","Gott gibt Gnad, Glück, Geduld beständiglich",4.104
"Posthius - Warum bistu, mein Seel, in mir so gar","""Posthius, Johann""","Warum bistu, mein Seel, in mir so gar",4.104
Prandstetter - Danklied,"""Prandstetter, Martin Joseph""",Danklied,6.17
Prasch - Wie das Feld uns fröhlich machet,"""Prasch, Johann Ludwig""",Wie das Feld uns fröhlich machet,8.24
"Prätorius - Komm an, du sanftes Sausen","""Prätorius, Benjamin""","Komm an, du sanftes Sausen",4.20
"Prätorius - Schönste Sonne, Himmelszier","""Prätorius, Benjamin""","Schönste Sonne, Himmelszier",4.42
Prätzel - Der Harfner,"""Prätzel, Karl Gottlieb""",Der Harfner,12.5
Prätzel - Die Erscheinung,"""Prätzel, Karl Gottlieb""",Die Erscheinung,8.17
Prätzel - Feldherrnränke,"""Prätzel, Karl Gottlieb""",Feldherrnränke,8.41
"Prokop von Templin - Ei, wie so einsam, wie so geschwind",Prokop von Templin,"Ei, wie so einsam, wie so geschwind",8.34
Prokop von Templin - Es fuhr gen Acker ein grober Baur,Prokop von Templin,Es fuhr gen Acker ein grober Baur,5.10
Prokop von Templin - Gleichwie des Noah Täubelein,Prokop von Templin,Gleichwie des Noah Täubelein,6.18
Prutz - Bretagne,"""Prutz, Robert Eduard""",Bretagne,4.124
Prutz - Ob ich einen Kaiser wollte,"""Prutz, Robert Eduard""",Ob ich einen Kaiser wollte,4.49
Pyra - Das Wort des Höchsten,"""Pyra, Immanuel Jakob""",Das Wort des Höchsten,6.41
Querhammer - Ich glaub in Gott den Vater mein,"""Querhammer, Caspar""",Ich glaub in Gott den Vater mein,10.7
Raabe - Abschied,"""Raabe, Wilhelm""",Abschied,6.7
Raabe - Der Kreuzgang,"""Raabe, Wilhelm""",Der Kreuzgang,8.42
Raabe - Es war ein Schiff aus Portugal,"""Raabe, Wilhelm""",Es war ein Schiff aus Portugal,4.59
Raabe - Königseid,"""Raabe, Wilhelm""",Königseid,8.45
Raabe - Nun stecke ich fest in dem,"""Raabe, Wilhelm""",Nun stecke ich fest in dem,4.37
Raabe - Verlorene Stadt,"""Raabe, Wilhelm""",Verlorene Stadt,8.26
Raabe - Wenn über stiller Heide,"""Raabe, Wilhelm""",Wenn über stiller Heide,4.20
"Radin - Brüder, zur Sonne, zur","""Radin, Leonid""","Brüder, zur Sonne, zur",4.14
"Raimund - Ach, wenn ich nur kein Mädchen wär","""Raimund, Ferdinand""","Ach, wenn ich nur kein Mädchen wär",8.14
Raimund - Hobellied (Da streiten sich die Leut herum),"""Raimund, Ferdinand""",Hobellied (Da streiten sich die Leut herum),8.14
Raimund - Ich bin ein Wesen leichter Art,"""Raimund, Ferdinand""",Ich bin ein Wesen leichter Art,6.15
"Raimund - Liebe Leuteln, kommt zu mir","""Raimund, Ferdinand""","Liebe Leuteln, kommt zu mir",8.13
Raimund - Nichts Schoners auf der ganzen Welt,"""Raimund, Ferdinand""",Nichts Schoners auf der ganzen Welt,8.14
Raimund - Wenn s'mir die Welt zu kaufen geb'n,"""Raimund, Ferdinand""",Wenn s'mir die Welt zu kaufen geb'n,6.14
"Rambach - Großer Mittler, der zur Rechten","""Rambach, Johann Jakob""","Großer Mittler, der zur Rechten",8.27
Rambach - Ich bin getauft auf deinen,"""Rambach, Johann Jakob""",Ich bin getauft auf deinen,6.38
Ramler - An die Göttin der Eintracht,"""Ramler, Karl Wilhelm""",An die Göttin der Eintracht,4.79
Ramler - An die Könige,"""Ramler, Karl Wilhelm""",An die Könige,4.79
Ramler - Auf ein Geschütz,"""Ramler, Karl Wilhelm""",Auf ein Geschütz,4.79
Ramler - Ode an die Stadt Berlin,"""Ramler, Karl Wilhelm""",Ode an die Stadt Berlin,4.79
Ramler - Ode an Hymen,"""Ramler, Karl Wilhelm""",Ode an Hymen,4.36
Ramler - Schlachtgesang,"""Ramler, Karl Wilhelm""",Schlachtgesang,4.34
Rarisch - St. Janus,"""Rarisch, Klaus M.""",St. Janus,4.60
Rassmann - Brautgefühl,"""Rassmann, Christian Friedrich""",Brautgefühl,6.48
Rathlef - Liebeslied eines Poeten an,"""Rathlef, Ernst Lorenz Michael""",Liebeslied eines Poeten an,8.27
Ratschky - Auf eine Rasenbank,"""Ratschky, Joseph Franz von""",Auf eine Rasenbank,6.41
Ratschky - Ballade,"""Ratschky, Joseph Franz von""",Ballade,4.62
Ratschky - Lobgesang auf das Kriegsvolk eines kleinen deutschen Reichsfürsten,"""Ratschky, Joseph Franz von""",Lobgesang auf das Kriegsvolk eines kleinen deutschen Reichsfürsten,6.15
Raumer - Meinungsumfrage 69,"""Raumer, Lieselotte""",Meinungsumfrage 69,4.36
Recke - Die Totenköpfe,"""Recke, Elisa von der""",Die Totenköpfe,6.17
Recke - Lied für unsre Zeiten,"""Recke, Elisa von der""",Lied für unsre Zeiten,6.15
"Regnart - Ach schwacher Geist, der du mit so viel Leiden","""Regnart, Jakob""","Ach schwacher Geist, der du mit so viel Leiden",3.8
"Regnart - Ei, daß ich mich nit schäme","""Regnart, Jakob""","Ei, daß ich mich nit schäme",6.6
Regnart - Ich bin gen Baden zogen,"""Regnart, Jakob""",Ich bin gen Baden zogen,6.6
Regnart - Kannst du gen mir so große Falschheit,"""Regnart, Jakob""",Kannst du gen mir so große Falschheit,3.8
Regnart - Lieb und Unfall haben unterwunden sich,"""Regnart, Jakob""",Lieb und Unfall haben unterwunden sich,3.6
"Regnart - Mein Mund, der singt, mein","""Regnart, Jakob""","Mein Mund, der singt, mein",3.6
Regnart - Nun hab ich doch einmal erlebt die Stund,"""Regnart, Jakob""",Nun hab ich doch einmal erlebt die Stund,3.6
"Regnart - Venus, du und dein Kind / Seid alle beide blind","""Regnart, Jakob""","Venus, du und dein Kind / Seid alle beide blind",6.5
"Regnart - Vonnöten ist, daß ich jetzt trag Geduld","""Regnart, Jakob""","Vonnöten ist, daß ich jetzt trag Geduld",3.6
Regnart - Wer sich mit Liebessucht empfind besessen,"""Regnart, Jakob""",Wer sich mit Liebessucht empfind besessen,3.8
Reimann - Wir singen all,"""Reimann, Georg""",Wir singen all,12.1
Reiners - Der Faulenzer,"""Reiners, Rita""",Der Faulenzer,4.106
Reiners - Der Löwenzahn,"""Reiners, Rita""",Der Löwenzahn,5.16
Reinfrank - Blauer Karren,"""Reinfrank, Arno""",Blauer Karren,4.67
Reinfrank - Das Amselnest,"""Reinfrank, Arno""",Das Amselnest,4.28
Reinfrank - Das Raketen-Lied,"""Reinfrank, Arno""",Das Raketen-Lied,5.10
Reinfrank - Das Wasserbild,"""Reinfrank, Arno""",Das Wasserbild,4.34
Reinfrank - Der Bierkeller,"""Reinfrank, Arno""",Der Bierkeller,4.36
Reinfrank - Liebespaar,"""Reinfrank, Arno""",Liebespaar,4.20
Reinfrank - Nachts,"""Reinfrank, Arno""",Nachts,4.28
Reinfrank - Pariser Sabbath,"""Reinfrank, Arno""",Pariser Sabbath,4.61
Reinhard - An ein Mädchen,"""Reinhard, Karl""",An ein Mädchen,5.8
Reinhard - Der Abend,"""Reinhard, Karl""",Der Abend,4.47
Reinhold - Winter,"""Reinhold, Johann Gotthard von""",Winter,6.48
Reinmar d. A. - Ich tuon mit disen singen niht,Reinmar von Hagenau,Ich tuon mit disen singen niht,7.7
Rellstab - Luftschlösser,"""Rellstab, Ludwig""",Luftschlösser,8.15
Rennert - Alter jüdischer Friedhof,"""Rennert, Jürgen""",Alter jüdischer Friedhof,4.20
Rennert - Erschaffung des Golems,"""Rennert, Jürgen""",Erschaffung des Golems,4.49
Rennert - Rabbi Löw,"""Rennert, Jürgen""",Rabbi Löw,4.54
Retzer - Stufen des weiblichen Alters,"""Retzer, Joseph Friedrich von""",Stufen des weiblichen Alters,4.106
Reusner - Ein jeder Mensch merk eben drauf,"""Reusner, Adam""",Ein jeder Mensch merk eben drauf,6.19
Reusner - Ewiger Vater im Himmelreich,"""Reusner, Adam""",Ewiger Vater im Himmelreich,13.2
"Reusner - Ich bin der Herr, spricht unser Gott","""Reusner, Adam""","Ich bin der Herr, spricht unser Gott",5.6
"Reusner - In dich hab ich gehoffet, Herr (Psalm 31)","""Reusner, Adam""","In dich hab ich gehoffet, Herr (Psalm 31)",6.16
Reuter - De goldne Hiring,"""Reuter, Fritz""",De goldne Hiring,7.7
Reuter - De Schapskur,"""Reuter, Fritz""",De Schapskur,4.67
Rilke - Abend,"""Rilke, Rainer Maria""",Abend,4.106
Rilke - Abschied,"""Rilke, Rainer Maria""",Abschied,4.104
Rilke - Alles ist mir lieb,"""Rilke, Rainer Maria""",Alles ist mir lieb,4.93
Rilke - An den Engel,"""Rilke, Rainer Maria""",An den Engel,4.93
Rilke - Argwohn Josephs,"""Rilke, Rainer Maria""",Argwohn Josephs,4.91
Rilke - Auch du wirst groß sein,"""Rilke, Rainer Maria""",Auch du wirst groß sein,4.106
Rilke - Buddha in der Glorie,"""Rilke, Rainer Maria""",Buddha in der Glorie,4.93
Rilke - Da dich das geflügelte Entzücken,"""Rilke, Rainer Maria""",Da dich das geflügelte Entzücken,4.93
Rilke - Da neigt sich die Stunde,"""Rilke, Rainer Maria""",Da neigt sich die Stunde,4.35
Rilke - Denn sieh sie werden leben und sich mehren,"""Rilke, Rainer Maria""",Denn sieh: sie werden leben und sich mehren,4.106
Rilke - Der Einsame (Nein ein Turm soll sein aus meinem Herzen),"""Rilke, Rainer Maria""",Der Einsame (Nein: ein Turm soll sein aus meinem Herzen),4.93
Rilke - Der Magier,"""Rilke, Rainer Maria""",Der Magier,4.103
Rilke - Der Panther,"""Rilke, Rainer Maria""",Der Panther,4.106
Rilke - Dich wundert nicht des Sturmes Wucht,"""Rilke, Rainer Maria""",Dich wundert nicht des Sturmes Wucht,8.14
Rilke - Die Erblindende,"""Rilke, Rainer Maria""",Die Erblindende,4.104
Rilke - Die Geschwister 1,"""Rilke, Rainer Maria""",Die Geschwister 1,4.93
Rilke - Die Laube,"""Rilke, Rainer Maria""",Die Laube,4.104
Rilke - Frühling (Nicht so sehr der neue Schimmer tats),"""Rilke, Rainer Maria""",Frühling (Nicht so sehr der neue Schimmer tats),4.91
Rilke - Geburt Christi,"""Rilke, Rainer Maria""",Geburt Christi,4.93
Rilke - Ich finde dich in allen diesen Dingen,"""Rilke, Rainer Maria""",Ich finde dich in allen diesen Dingen,4.106
Rilke - Ich will ihn preisen,"""Rilke, Rainer Maria""",Ich will ihn preisen,5.16
Rilke - Imaginärer Lebenslauf,"""Rilke, Rainer Maria""",Imaginärer Lebenslauf,4.106
Rilke - Immer wieder aus dem Spiegelglase,"""Rilke, Rainer Maria""",Immer wieder aus dem Spiegelglase,4.86
"Rilke - In meine abgenutzten Hände, Herr","""Rilke, Rainer Maria""","In meine abgenutzten Hände, Herr","3.7,3.7x"
Rilke - Jeremia,"""Rilke, Rainer Maria""",Jeremia,4.93
Rilke - Josuas Landtag,"""Rilke, Rainer Maria""",Josuas Landtag,4.106
"Rilke - Kennst du das, daß durch das Laubwerk scheine","""Rilke, Rainer Maria""","Kennst du das, daß durch das Laubwerk scheine",5.14
Rilke - Liebende und Leidende verwehten,"""Rilke, Rainer Maria""",Liebende und Leidende verwehten,5.14
Rilke - Manchen ist sie wie Wein,"""Rilke, Rainer Maria""",Manchen ist sie wie Wein,4.94
"Rilke - Musik (Was spielst du, Knabe? Durch die Gärten gings)","""Rilke, Rainer Maria""","Musik (Was spielst du, Knabe? Durch die Gärten gings)",4.104
Rilke - Opfer,"""Rilke, Rainer Maria""",Opfer,4.93
Rilke - Rast auf der Flucht in Ägypten,"""Rilke, Rainer Maria""",Rast auf der Flucht in Ägypten,4.90
Rilke - Reich war von ihnen der Raum,"""Rilke, Rainer Maria""",Reich war von ihnen der Raum,4.94
Rilke - Sankt Georg,"""Rilke, Rainer Maria""",Sankt Georg,4.91
Rilke - Sankt Sebastian,"""Rilke, Rainer Maria""",Sankt Sebastian,4.91
Rilke - Schlaflied,"""Rilke, Rainer Maria""",Schlaflied,4.47
Rilke - Schon kehrt der Saft,"""Rilke, Rainer Maria""",Schon kehrt der Saft,4.106
Rilke - Sie sind so still,"""Rilke, Rainer Maria""",Sie sind so still,5.16
"Rilke - Siehe, Engel fühlen durch den","""Rilke, Rainer Maria""","Siehe, Engel fühlen durch den",4.91
Rilke - So wie Jakob mit dem Engel rang,"""Rilke, Rainer Maria""",So wie Jakob mit dem Engel rang,4.91
"Rilke - So, nun wird es doch der Engel","""Rilke, Rainer Maria""","So, nun wird es doch der Engel",4.89
Rilke - Von der Hochzeit zu Kana,"""Rilke, Rainer Maria""",Von der Hochzeit zu Kana,4.91
Rilke - Vorfrühling,"""Rilke, Rainer Maria""",Vorfrühling,4.86
Rilke - Werkleute sind wir,"""Rilke, Rainer Maria""",Werkleute sind wir,5.16
Rilke - Wie der Wächter in den Weingeländen,"""Rilke, Rainer Maria""",Wie der Wächter in den Weingeländen,4.93
Rilke - Winterliche Stanzen,"""Rilke, Rainer Maria""",Winterliche Stanzen,8.48
Rilke - Wo sich langsam aus dem Schon-Vergessen,"""Rilke, Rainer Maria""",Für Robert Faesi und Frau Jenny Faesi (Wo sich langsam aus dem Schon-Vergessen),4.93
"Rinckart - Ach Vater, unser Gott","""Rinckart, Martin""","Ach Vater, unser Gott",4.120
Rinckart - Gelobet sei der Herr,"""Rinckart, Martin""",Gelobet sei der Herr,8.4
Rinckart - Gelobet sei mein Gott,"""Rinckart, Martin""",Gelobet sei mein Gott,8.4
"Rinckart - Hilf uns, Herr, in allen Dingen","""Rinckart, Martin""","Hilf uns, Herr, in allen Dingen",8.25
Rinckart - Lob sei dem höchsten Gott,"""Rinckart, Martin""",Lob sei dem höchsten Gott,8.4
Rinckart - Nun danket alle Gott,"""Rinckart, Martin""",Nun danket alle Gott,"8.4,4.120"
"Rinckart - O Jesu, mein Herzbräutigam","""Rinckart, Martin""","O Jesu, mein Herzbräutigam",6.33
Ringelnatz - Ab Kopenhagen,"""Ringelnatz, Joachim""",Ab Kopenhagen,4.36
Ringelnatz - Das Mädchen mit dem Muttermal,"""Ringelnatz, Joachim""",Das Mädchen mit dem Muttermal,7.7
Ringelnatz - Morgenwonne,"""Ringelnatz, Joachim""",Morgenwonne,4.36
Ringelnatz - Segelschiffe,"""Ringelnatz, Joachim""",Segelschiffe,4.37
Ringelnatz - Silvester,"""Ringelnatz, Joachim""",Silvester,4.36
"Ringwaldt - Als Christus, unser Herr, vernahm","""Ringwaldt, Bartholomäus""","Als Christus, unser Herr, vernahm",4.58
Ringwaldt - Es ist gewißlich an der Zeit,"""Ringwaldt, Bartholomäus""",Es ist gewißlich an der Zeit,7.7
"Ringwaldt - Gegrüsset seist du, hoher Tag","""Ringwaldt, Bartholomäus""","Gegrüsset seist du, hoher Tag","3.4,3.4aaa"
"Ringwaldt - Geliebten Freund, was tut","""Ringwaldt, Bartholomäus""","Geliebten Freund, was tut",4.84
"Ringwaldt - Herr Christ, du wollst beiwohnen","""Ringwaldt, Bartholomäus""","Herr Christ, du wollst beiwohnen",7.2
Ringwaldt - Ihr Menschenkinder freut euch sehr,"""Ringwaldt, Bartholomäus""",Ihr Menschenkinder freut euch sehr,10.3
Ringwaldt - Lobet den Herren und dankt ihm seine Gaben,"""Ringwaldt, Bartholomäus""",Lobet den Herren und dankt ihm seine Gaben,4.83
Ringwaldt - Lobt Gott den Herrn aus Herzen Grund,"""Ringwaldt, Bartholomäus""",Lobt Gott den Herrn aus Herzen Grund,10.2
"Ringwaldt - Merk auf, du frommer Jüngling zart","""Ringwaldt, Bartholomäus""","Merk auf, du frommer Jüngling zart",8.14
"Ringwaldt - O Gott, du höchste Majestät","""Ringwaldt, Bartholomäus""","O Gott, du höchste Majestät",9.2
"Ringwaldt - O Mensch, bedenk den Adams Fall","""Ringwaldt, Bartholomäus""","O Mensch, bedenk den Adams Fall",12.4
Ringwaldt - Wach auf vom Sündenschlafe,"""Ringwaldt, Bartholomäus""",Wach auf vom Sündenschlafe,8.7
Ringwaldt - Wer da im Geist gern wissen wollt,"""Ringwaldt, Bartholomäus""",Wer da im Geist gern wissen wollt,6.33
Rist - Abermal ist eins dahin,"""Rist, Johann""",Abermal ist eins dahin,7.8
"Rist - Ach, was ist doch unser Leben","""Rist, Johann""","Ach, was ist doch unser Leben",7.10
Rist - Allmächtiger und starker Gott,"""Rist, Johann""",Allmächtiger und starker Gott,4.58
Rist - Auf die nunmehr angekommene kalte Winterzeit,"""Rist, Johann""",Auf die nunmehr angekommenekalte Winterzeit,4.67
"Rist - Auf, auf, ihr Reichsgenossen","""Rist, Johann""","Auf, auf, ihr Reichsgenossen",8.6
"Rist - Auf, meine Seel, und lobe Gott","""Rist, Johann""","Auf, meine Seel, und lobe Gott",12.4
"Rist - Auf, meine Seel, und rüste dich","""Rist, Johann""","Auf, meine Seel, und rüste dich",9.2
"Rist - Bleiches Antlitz, sei gegrüßt","""Rist, Johann""","Bleiches Antlitz, sei gegrüßt",6.12
Rist - Daphnis bekümmerte Liebes,"""Rist, Johann""",Daphnis bekümmerte Liebes-Gedanken,8.27
Rist - Dem Herren will ich singen,"""Rist, Johann""",Dem Herren will ich singen,6.6
"Rist - Der Tag ist hin, der Sonnen Glanz","""Rist, Johann""","Der Tag ist hin, der Sonnen Glanz",4.58
"Rist - Ermuntre dich, mein schwacher Geist","""Rist, Johann""","Ermuntre dich, mein schwacher Geist",8.17
"Rist - Folget mir, ruft uns das Leben","""Rist, Johann""","Folget mir, ruft uns das Leben",8.28
Rist - Frühlings-Gedicht (Daphnis wollte Blumen brechen / Als der März den Frühling bracht),"""Rist, Johann""",Frühlings-Gedicht (Daphnis wollte Blumen brechen / Als der März den Frühling bracht),7.10
Rist - Glück zu der frommen Heiden Schar,"""Rist, Johann""",Glück zu der frommen Heiden Schar,10.3
"Rist - Gott, der du bist das höchste Gut","""Rist, Johann""","Gott, der du bist das höchste Gut",8.18
"Rist - Gott, der du selber bist das Licht","""Rist, Johann""","Gott, der du selber bist das Licht",8.18
"Rist - Herr Jesu Christ, / der selbst du bist","""Rist, Johann""","Herr Jesu Christ, / der selbst du bist",6.2
"Rist - Herr Jesu Christ, mein Trost und Licht","""Rist, Johann""","Herr Jesu Christ, mein Trost und Licht",6.16
Rist - Heut ist das große Jubelfest,"""Rist, Johann""",Heut ist das große Jubelfest,10.2
"Rist - Hilf, Herr Jesu, laß gelingen","""Rist, Johann""","Hilf, Herr Jesu, laß gelingen",6.29
Rist - Ich will den Herren ewig loben,"""Rist, Johann""",Ich will den Herren ewig loben,8.38
Rist - Ich will den Herren loben,"""Rist, Johann""",Ich will den Herren loben (bekannter mit 4. Str.: Man lobt dich in der Stille),12.2
"Rist - Ihr Sünder, geht herfür","""Rist, Johann""","Ihr Sünder, geht herfür",6.5
Rist - Jammer hat mich ganz umgeben,"""Rist, Johann""",Jammer hat mich ganz umgeben,7.10
"Rist - Jesu, der du meine Seele","""Rist, Johann""","Jesu, der du meine Seele",8.27
"Rist - Jesu, du mein liebstes Leben","""Rist, Johann""","Jesu, du mein liebstes Leben",10.5
Rist - Klägliches Grablied,"""Rist, Johann""",Klägliches Grablied,5.1
Rist - Klägliches Grablied (O Traurigkeit! / O Herzeleid!),"""Rist, Johann""",Klägliches Grablied (O Traurigkeit! / O Herzeleid!),5.1
"Rist - Kommt her, ihr Menschenkinder","""Rist, Johann""","Kommt her, ihr Menschenkinder",6.9
Rist - Lasset uns den Herren preisen,"""Rist, Johann""",Lasset uns den Herren preisen,10.5
Rist - Laßt uns mit Ernst betrachten,"""Rist, Johann""",Laßt uns mit Ernst betrachten,7.2
"Rist - Liebste Seel, erkenne doch","""Rist, Johann""","Liebste Seel, erkenne doch",8.22
Rist - Man lobt dich in der Stille,"""Rist, Johann""",Man lobt dich in der Stille,12.2
"Rist - Nun Welt, du mußt zurücke stehn","""Rist, Johann""","Nun Welt, du mußt zurücke stehn",7.4
"Rist - O Ewigkeit, du Donnerwort","""Rist, Johann""","O Ewigkeit, du Donnerwort",8.18
"Rist - O Finsternis, o Dunkelheit","""Rist, Johann""","O Finsternis, o Dunkelheit",10.3
"Rist - O Gott, dir dank ich allezeit","""Rist, Johann""","O Gott, dir dank ich allezeit",10.2
Rist - O großer Gott ins Himmels Thron,"""Rist, Johann""",O großer Gott ins Himmels Thron,8.12
"Rist - O Jesu, meine Wonne","""Rist, Johann""","O Jesu, meine Wonne",4.23
Rist - O Vater aller Gnaden,"""Rist, Johann""",O Vater aller Gnaden,7.2
"Rist - O Vater, groß von Gnaden","""Rist, Johann""","O Vater, groß von Gnaden",6.7
Rist - O welch ein unvergleichlichs Gut,"""Rist, Johann""",O welch ein unvergleichlichs Gut,9.2
Rist - So wünsch ich mir zu guter letzt,"""Rist, Johann""",So wünsch ich mir zu guter letzt,8.34
Rist - Von Gnade will ich singen,"""Rist, Johann""",Von Gnade will ich singen,8.9
"Rist - Werde munter, mein Gemüte","""Rist, Johann""","Werde munter, mein Gemüte",8.25
Rist - Wie ein Kunst und Tugend liebendes Gemüt die mancherlei Beschwerlichkeiten des Winters soll vertreiben,"""Rist, Johann""",Wie ein Kunst und Tugend liebendes Gemüt die mancherlei Beschwerlichkeiten des Winters soll vertreiben,8.19
Rist - Wie groß ist meine Missetat,"""Rist, Johann""",Wie groß ist meine Missetat,13.1
"Rist - Wie groß, o Gott, ist deine Macht","""Rist, Johann""","Wie groß, o Gott, ist deine Macht",9.3
Rist - Wie tröstlich hat dein treuer Mund,"""Rist, Johann""",Wie tröstlich hat dein treuer Mund,7.7
Rist - Wir wandern all in dieser Welt,"""Rist, Johann""",Wir wandern all in dieser Welt,6.33
Robert - Der Verlassenen Klage,"""Robert, Ludwig""",Der Verlassenen Klage,10.6
Roberthin - Als Damon lang geplaget,"""Roberthin, Robert""",Als Damon lang geplaget,8.7
Roberthin - Daß alle Menschen sterben,"""Roberthin, Robert""",Daß alle Menschen sterben,6.37
Roberthin - Des Lebens kurze Zeit,"""Roberthin, Robert""",Des Lebens kurze Zeit,6.5
Roberthin - Die Sonn ist abgegangen,"""Roberthin, Robert""",Die Sonn ist abgegangen,4.20
Roberthin - Ihr Vater aller Lieblichkeit,"""Roberthin, Robert""",Ihr Vater aller Lieblichkeit,4.64
Roberthin - Mein liebstes Seelchen laßt,"""Roberthin, Robert""",Mein liebstes Seelchen laßt,6.37
"Roberthin - Seelchen, habt ihr nicht","""Roberthin, Robert""","Seelchen, habt ihr nicht",6.25
"Rodigast - Was Gott tut, das ist wohlgetan","""Rodigast, Samuel""","Was Gott tut, das ist wohlgetan",8.12
Romanus - Auf Jungf. Johannä Dorotheä Knorrin früher Tod,"""Romanus, Franz Conrad""",Auf Jungf. Johannä Dorotheä Knorrin früher Tod,10.0
"Rompler von Löwenhalt - Nun freut euch, all ihr Glieder","""Rompler von Löwenhalt, Jesaias""","Nun freut euch, all ihr Glieder",8.9
Rompler von Löwenhalt - Weihnachtliche Himmelsbotschaft,"""Rompler von Löwenhalt, Jesaias""",Weihnachtliche Himmelsbotschaft,4.41
Rompler von Löwenhalt - Wie groß ist Gottes Gütigkeit,"""Rompler von Löwenhalt, Jesaias""",Wie groß ist Gottes Gütigkeit,12.3
Rosenmüller - Alle Menschen müssen sterben,"""Rosenmüller, Johann""",Alle Menschen müssen sterben,8.27
"Rostock - Das Feld ist weiß, vor ihrem Schöpfer neigen","""Rostock, Bernhard""","Das Feld ist weiß, vor ihrem Schöpfer neigen",4.108
Roth - Der Engel,"""Roth, Eugen""",Der Engel,4.16
Roth - Rückblick,"""Roth, Eugen""",Rückblick,6.30
Roth - Um Johanni,"""Roth, Eugen""",Um Johanni,6.7
"Roth, A.C. - Es war ein Rösgen auf gegangen","""Roth, Albrecht Christian""",Es war ein Rösgen auf gegangen,4.67
Rothe - Ich habe nun den Grund gefunden,"""Rothe, Johann Andreas""",Ich habe nun den Grund gefunden,6.38
Rotter - Ein Sträußchen am Hute,"""Rotter, Konrad""",Ein Sträußchen am Hute,8.1
Rückert - Abendgemälde,"""Rückert, Friedrich""",Abendgemälde,4.46
Rückert - Abendlied,"""Rückert, Friedrich""",Abendlied,4.20
Rückert - Abgeschiedenheit,"""Rückert, Friedrich""",Abgeschiedenheit,4.43
Rückert - An den Sturmwind,"""Rückert, Friedrich""",An den Sturmwind,4.44
Rückert - An die Sonne,"""Rückert, Friedrich""",An die Sonne,6.12
Rückert - An Habsburgs Adler,"""Rückert, Friedrich""",An Habsburgs Adler,6.29
Rückert - Barbarossa,"""Rückert, Friedrich""",Barbarossa,4.20
Rückert - Bethlehem und Golgatha,"""Rückert, Friedrich""",Bethlehem und Golgatha,8.38
Rückert - Das Begnadigungsrecht,"""Rückert, Friedrich""",Das Begnadigungsrecht,4.110
Rückert - Dein König kommt in niedern,"""Rückert, Friedrich""",Dein König kommt in niedern,6.40
Rückert - Der ewige Nordschein,"""Rückert, Friedrich""",Der ewige Nordschein,8.17
Rückert - Der Kapuziner Haspinger,"""Rückert, Friedrich""",Der Kapuziner Haspinger,5.3
Rückert - Der Ungeliebte,"""Rückert, Friedrich""",Der Ungeliebte,6.17
Rückert - Der Vatername,"""Rückert, Friedrich""",Der Vatername,4.51
Rückert - Des Stromes Liebe,"""Rückert, Friedrich""",Des Stromes Liebe,7.7
Rückert - Die blauen Augen,"""Rückert, Friedrich""",Die blauen Augen,4.33
Rückert - Die Gräber zu Ottensen,"""Rückert, Friedrich""",Die Gräber zu Ottensen,4.20
Rückert - Die Liebe hat mit Schweigen,"""Rückert, Friedrich""",Die Liebe hat mit Schweigen,4.20
Rückert - Die nickende Mutter,"""Rückert, Friedrich""",Die nickende Mutter,4.28
Rückert - Die Rache der Schwalben,"""Rückert, Friedrich""",Die Rache der Schwalben,4.29
Rückert - Die sterbende Blume,"""Rückert, Friedrich""",Die sterbende Blume,8.20
Rückert - Die vier Namen,"""Rückert, Friedrich""",Die vier Namen,7.7
Rückert - Die Weisheit des Brahmanen,"""Rückert, Friedrich""",Die Weisheit des Brahmanen,"2.12,2.13"
Rückert - Die Welt ist kalt und rauh,"""Rückert, Friedrich""",Die Welt ist kalt und rauh,4.17
Rückert - Dort wo der Morgenstern,"""Rückert, Friedrich""",Dort wo der Morgenstern,"3.4,3.4aaa"
Rückert - Erhebung,"""Rückert, Friedrich""",Erhebung,4.17
Rückert - Ermutigung zur Übersetzung der >Hamasa<,"""Rückert, Friedrich""",Ermutigung zur Übersetzung der >Hamasa<,8.47
"Rückert - Frühling ist, Verklärung","""Rückert, Friedrich""","Frühling ist, Verklärung",4.112
Rückert - Frühlingsanfang,"""Rückert, Friedrich""",Frühlingsanfang,4.31
Rückert - Frühlingslied,"""Rückert, Friedrich""",Frühlingslied,4.63
Rückert - Hainbuchenlaube,"""Rückert, Friedrich""",Hainbuchenlaube,4.39
Rückert - Ich fuhr auf schwankem Kahne,"""Rückert, Friedrich""",Ich fuhr auf schwankem Kahne,4.20
Rückert - Ich hätte Herzzerreißendes zu singen,"""Rückert, Friedrich""",Ich hätte Herzzerreißendes zu singen,8.48
Rückert - Ich will der Liebe ganz mein Herz erschließen,"""Rückert, Friedrich""",Ich will der Liebe ganz mein Herz erschließen,8.48
Rückert - Kehr ein bei mir (Du bist die Ruh),"""Rückert, Friedrich""",Kehr ein bei mir (Du bist die Ruh),"4.3,4.3a"
Rückert - Könnte Trost mit etwas geben,"""Rückert, Friedrich""",Könnte Trost mit etwas geben,4.33
Rückert - Körners Geist,"""Rückert, Friedrich""",Körners Geist,4.20
Rückert - Mit vierzig Jahren ist der,"""Rückert, Friedrich""",Mit vierzig Jahren ist der,4.78
Rückert - Prüfung,"""Rückert, Friedrich""",Prüfung,4.115
Rückert - Reisegesellschaft,"""Rückert, Friedrich""",Reisegesellschaft,4.13
Rückert - Ritornelle,"""Rückert, Friedrich""",Ritornelle,3.1
Rückert - Ritornelle von Ariccia,"""Rückert, Friedrich""",Ritornelle von Ariccia,3.9
Rückert - Roland zu Bremen,"""Rückert, Friedrich""",Roland zu Bremen,4.2
Rückert - Septembermai,"""Rückert, Friedrich""",Septembermai,4.38
"Rückert - Sieh, Herz! wie sich die Menge","""Rückert, Friedrich""","Sieh, Herz! wie sich die Menge",4.20
"Rückert - Sizilianen 1 (Ach, ein verzaubert Reich ist die Natur)","""Rückert, Friedrich""","Sizilianen 1 (Ach, ein verzaubert Reich ist die Natur)",8.44
Rückert - Sizilianen 3 (Du bist von mir als wie der Lenz geschieden),"""Rückert, Friedrich""",Sizilianen 3 (Du bist von mir als wie der Lenz geschieden),8.46
Rückert - Sizilianen 4 (Ich will aufs Grab dir duft'ge Blüten streuen),"""Rückert, Friedrich""",Sizilianen 4 (Ich will aufs Grab dir duft'ge Blüten streuen),8.46
Rückert - Spekbacher,"""Rückert, Friedrich""",Spekbacher,5.3
Rückert - Sympathie,"""Rückert, Friedrich""",Sympathie,4.51
Rückert - Trauerlieder 2,"""Rückert, Friedrich""",Trauerlieder 2,4.39
Rückert - Verkannter Wert,"""Rückert, Friedrich""",Verkannter Wert,6.12
Rückert - Vogelweisheit,"""Rückert, Friedrich""",Vogelweisheit,4.31
Rückert - Waldandacht,"""Rückert, Friedrich""",Waldandacht,8.2
Rückert - Windstille,"""Rückert, Friedrich""",Windstille,4.33
Rückert - Wintertag,"""Rückert, Friedrich""",Wintertag,4.46
Rückert - Ziel der Sehnsucht,"""Rückert, Friedrich""",Ziel der Sehnsucht,4.49
Rückert - Zum Neujahr 1816,"""Rückert, Friedrich""",Zum Neujahr 1816,8.37
Rückert - Zur Ehre der Gans,"""Rückert, Friedrich""",Zur Ehre der Gans,4.31
Rudolphi - Die Geduld,"""Rudolphi, Karoline Christiane Louise""",Die Geduld,4.58
Rühmkorf - Als-ob-Lied,"""Rühmkorf, Peter""",Als-ob-Lied,4.20
Rühmkorf - Auf einen alten Klang,"""Rühmkorf, Peter""",Auf einen alten Klang,6.3
Rühmkorf - Aussicht auf Wandlung,"""Rühmkorf, Peter""",Aussicht auf Wandlung,4.21
Rühmkorf - Das Himmelschluck-Lied,"""Rühmkorf, Peter""",Das Himmelschluck-Lied,6.18
Rühmkorf - Des fröhlichen Faunen,"""Rühmkorf, Peter""",Des fröhlichen Faunen,4.31
Rühmkorf - Einen Genickschuß lang,"""Rühmkorf, Peter""",Einen Genickschuß lang,4.14
"Rühmkorf - Lied, unter dem Messer zu","""Rühmkorf, Peter""","Lied, unter dem Messer zu",4.31
Rühmkorf - Luft-Lied,"""Rühmkorf, Peter""",Luft-Lied,4.34
Rühmkorf - Reinkes Lied,"""Rühmkorf, Peter""",Reinkes Lied,4.31
Rühmkorf - Variation auf >Abendlied< von Matthias Claudius,"""Rühmkorf, Peter""",Variation auf >Abendlied< von Matthias Claudius,6.9
Rühmkorf - Zersungene Lieder I,"""Rühmkorf, Peter""",Zersungene Lieder I,
Runge - Der Herr hat alles wohl gemacht,"""Runge, Christoph""",Der Herr hat alles wohl gemacht,8.17
"Runge - Hier liegt, den meine Seele liebt","""Runge, Christoph""","Hier liegt, den meine Seele liebt",6.15
"Runge - Jesu, meine Liebe","""Runge, Christoph""","Jesu, meine Liebe",10.1
Saalfeld - Der Herbst ist gut,"""Saalfeld, Manha""",Der Herbst ist gut,4.101
Saalfeld - Die Hasen,"""Saalfeld, Manha""",Die Hasen,4.105
Saalfeld - Die Hortensie,"""Saalfeld, Manha""",Die Hortensie,4.104
Saalfeld - Ende des Sommers,"""Saalfeld, Manha""",Ende des Sommers,4.101
Saalfeld - O traurig ist der Sterbende,"""Saalfeld, Manha""",O traurig ist der Sterbende,4.101
Saalfeld - Pfälzische Landschaft,"""Saalfeld, Manha""",Pfälzische Landschaft,4.101
Saalfeld - Trennung am Morgen,"""Saalfeld, Manha""",Trennung am Morgen,4.101
Saar - Germania,"""Saar, Ferdinand von""",Germania,4.111
Sacer - Es ist ein köstlich Ding,"""Sacer, Gottfried Wilhelm""",Es ist ein köstlich Ding,8.4
Sacer - Freunde stellt das Weinen ein,"""Sacer, Gottfried Wilhelm""",Freunde stellt das Weinen ein,6.23
"Sacer - Mein Seelchen, schwinge dich empor","""Sacer, Gottfried Wilhelm""","Mein Seelchen, schwinge dich empor",8.17
"Sacer - O wahrer Gott, der du","""Sacer, Gottfried Wilhelm""","O wahrer Gott, der du",4.115
"Sachs, H. - Der Fuchs mit dem Storchgast","""Sachs, Hans""",Der Fuchs mit dem Storchgast,14.1
"Sachs, H. - Der verkehrte Bauer","""Sachs, Hans""",Der verkehrte Bauer,14.1
"Sachs, H. - Ein schönes Lied einer ehrlichen Jungfrauen","""Sachs, Hans""",Ein schönes Lied einer ehrlichen Jungfrauen,"8.5,8.5x"
"Sachs, H. - Gott hat uns geben die Gebot","""Sachs, Hans""",Gott hat uns geben die Gebot,13.1
"Sachs, H. - Herr, hör mein Wort, merk auf mein Not","""Sachs, Hans""","Herr, hör mein Wort, merk auf mein Not",7.7
"Sachs, H. - Ich will dem Herren sagen Dank","""Sachs, Hans""",Ich will dem Herren sagen Dank,7.7
"Sachs, H. - Markus schreibt am achten klar","""Sachs, Hans""",Markus schreibt am achten klar,6.19
"Sachs, H. - Wach auf in Gottes Name","""Sachs, Hans""",Wach auf in Gottes Name,9.1
"Sachs, N. - Der Marionettenspieler","""Sachs, Nelly""",Der Marionettenspieler,2.10
"Sachs, N. - Die Kerze, die ich für dich","""Sachs, Nelly""","Die Kerze, die ich für dich",4.109
Salis-Seewis - Abendsehnsucht,"""Salis-Seewis, Johann Gaudenz von""",Abendsehnsucht,4.111
Salis-Seewis - Abendwehmut,"""Salis-Seewis, Johann Gaudenz von""",Abendwehmut,4.80
Salis-Seewis - An ein Tal,"""Salis-Seewis, Johann Gaudenz von""",An ein Tal,4.103
Salis-Seewis - Bei dem Grabstein einer Wöchnerin,"""Salis-Seewis, Johann Gaudenz von""",Bei dem Grabstein einer Wöchnerin,4.116
Salis-Seewis - Der Gottesacker,"""Salis-Seewis, Johann Gaudenz von""",Der Gottesacker,8.26
Salis-Seewis - Ermunterung,"""Salis-Seewis, Johann Gaudenz von""",Ermunterung,8.26
Salis-Seewis - Herbstlied,"""Salis-Seewis, Johann Gaudenz von""",Herbstlied,6.3
Salis-Seewis - Letzter Wunsch,"""Salis-Seewis, Johann Gaudenz von""",Letzter Wunsch,8.26
Salis-Seewis - Lied eines Landmanns in der Fremde,"""Salis-Seewis, Johann Gaudenz von""",Lied eines Landmanns in der Fremde,4.49
Salis-Seewis - Monodie,"""Salis-Seewis, Johann Gaudenz von""",Monodie,4.85
Salis-Seewis - Morgenpsalm,"""Salis-Seewis, Johann Gaudenz von""",Morgenpsalm,6.42
Salis-Seewis - Winterlied,"""Salis-Seewis, Johann Gaudenz von""",Winterlied,6.16
"Saphir - Möcht wissen, wenn ich einst","""Saphir, Moritz Gottlieb""","Möcht wissen, wenn ich einst",4.16
Sartorius - Menschen-Schicksal,"""Sartorius, Georg""",Menschen-Schicksal,5.8
Saubert - Ach wie sehnlich wart ich der Zeit,"""Saubert, Johannes""",Ach wie sehnlich wart ich der Zeit,6.14
Saubert - O du christliches Herze,"""Saubert, Johannes""",O du christliches Herze,9.1
"Saubert - O Sonn, du schöne Kreatur","""Saubert, Johannes""","O Sonn, du schöne Kreatur",7.6
Sauter - Der Zwetschgenherbst,"""Sauter, Samuel Friedrich""",Der Zwetschgenherbst,8.1
Schaefer - Das Wort,"""Schaefer, Oda""",Das Wort,4.38
Schaefer - Die Braut,"""Schaefer, Oda""",Die Braut,4.62
Schaefer - Die stumme Harfe,"""Schaefer, Oda""",Die stumme Harfe,4.44
Schaefer - Immortelle,"""Schaefer, Oda""",Immortelle,4.31
Schaefer - Mitternacht,"""Schaefer, Oda""",Mitternacht,5.2
Schaefer - Rondo,"""Schaefer, Oda""",Rondo,4.14
Schaefer - Schwarzer Engel,"""Schaefer, Oda""",Schwarzer Engel,4.15
Schaefer - Tote Stadt,"""Schaefer, Oda""",Tote Stadt,4.75
Scharf - Traumbild,"""Scharf, Ludwig""",Traumbild,2.5
Schaumann - Es bogen sich die Berge,"""Schaumann, Ruth""",Es bogen sich die Berge,7.2
Schaumann - Es hat nicht mir gegolten,"""Schaumann, Ruth""",Es hat nicht mir gegolten,4.19
Schaumann - Melchisedech,"""Schaumann, Ruth""",Melchisedech,4.103
Schaumann - Nährvater Joseph,"""Schaumann, Ruth""",Nährvater Joseph,3.9
Schaumann - Noah,"""Schaumann, Ruth""",Noah,4.117
"Scheffel - Arm wird matter, Stirn wird","""Scheffel, Joseph Victor von""","Arm wird matter, Stirn wird",4.54
Scheffel - Ausfahrt,"""Scheffel, Joseph Victor von""",Ausfahrt,6.1
Scheffel - Das ist im Leben häßlich eingerichtet,"""Scheffel, Joseph Victor von""",Das ist im Leben häßlich eingerichtet,8.46
Scheffel - Der Fünfundsechziger,"""Scheffel, Joseph Victor von""",Der Fünfundsechziger,8.8
Scheffel - Die Sommernacht hat mirs,"""Scheffel, Joseph Victor von""",Die Sommernacht hat mirs,5.5
Scheffel - Festlied zur Gründungsfeier der Universität Straßburg,"""Scheffel, Joseph Victor von""",Festlied zur Gründungsfeier der Universität Straßburg,8.8
Scheffel - Frühlingsboten,"""Scheffel, Joseph Victor von""",Frühlingsboten,4.31
Scheffel - In den Stürmen der,"""Scheffel, Joseph Victor von""",In den Stürmen der,4.54
Scheffel - Jetzt ist er hinaus,"""Scheffel, Joseph Victor von""",Jetzt ist er hinaus,5.5
"Scheffel - O Ponte molle, du treffliche Bruck","""Scheffel, Joseph Victor von""","O Ponte molle, du treffliche Bruck",6.20
Scheffel - O wende nicht den scheuen,"""Scheffel, Joseph Victor von""",O wende nicht den scheuen,4.36
Scheffel - O wolle nicht den Rosenstrauß,"""Scheffel, Joseph Victor von""",O wolle nicht den Rosenstrauß,4.36
Scheffel - Perkêo,"""Scheffel, Joseph Victor von""",Perkêo,2.14
"Scheffel - Schöner Monat Mai, wie","""Scheffel, Joseph Victor von""","Schöner Monat Mai, wie",4.54
Scheffel - Wartburggruß an die deutsche Kunstgenossenschaft,"""Scheffel, Joseph Victor von""",Wartburggruß an die deutsche Kunstgenossenschaft,8.37
Scheffler - Ach sagt mir nicht von Gold,"""Scheffler, Johann (Angelus Silesius)""",Ach sagt mir nicht von Gold,6.38
Scheffler - Ach wann kommt die Zeit,"""Scheffler, Johann (Angelus Silesius)""",Ach wann kommt die Zeit,4.42
Scheffler - Ach was läufst du hin und her,"""Scheffler, Johann (Angelus Silesius)""",Ach was läufst du hin und her,6.22
"Scheffler - Ach weh, ach weh, wo soll ich hin","""Scheffler, Johann (Angelus Silesius)""","Ach weh, ach weh, wo soll ich hin",8.15
Scheffler - Als ich nächst im Wald spazierte,"""Scheffler, Johann (Angelus Silesius)""",Als ich nächst im Wald spazierte,8.28
"Scheffler - Auf auf, mein Herz, und du, o meine Seele","""Scheffler, Johann (Angelus Silesius)""","Auf auf, mein Herz, und du, o meine Seele",4.108
"Scheffler - Auf auf, o Seel, auf auf zum Streit","""Scheffler, Johann (Angelus Silesius)""","Auf auf, o Seel, auf auf zum Streit",6.15
Scheffler - Cherubinischer Wandersmann,"""Scheffler, Johann (Angelus Silesius)""",Cherubinischer Wandersmann,2.12
"Scheffler - Die Zeit geht an, die Jesus hat bestimmt","""Scheffler, Johann (Angelus Silesius)""","Die Zeit geht an, die Jesus hat bestimmt",4.99
"Scheffler - Du edler Bräutigam, der du","""Scheffler, Johann (Angelus Silesius)""","Du edler Bräutigam, der du",6.49
"Scheffler - Du schnöder Madensack, was bildest du dir ein","""Scheffler, Johann (Angelus Silesius)""","Du schnöder Madensack, was bildest du dir ein",4.113
Scheffler - Du süße Taube heilger Geist,"""Scheffler, Johann (Angelus Silesius)""",Du süße Taube heilger Geist,8.18
"Scheffler - Du süßer Knabe du, wie","""Scheffler, Johann (Angelus Silesius)""","Du süßer Knabe du, wie",6.49
"Scheffler - Du Wunderbrot, du wahrer Gott","""Scheffler, Johann (Angelus Silesius)""","Du Wunderbrot, du wahrer Gott",4.36
"Scheffler - Fleuch, mein Geliebter, auf","""Scheffler, Johann (Angelus Silesius)""","Fleuch, mein Geliebter, auf",6.38
Scheffler - Geduldigs Lämmlein Jesu Christ,"""Scheffler, Johann (Angelus Silesius)""",Geduldigs Lämmlein Jesu Christ,6.15
"Scheffler - Gegrüßet seist du, süße Braut","""Scheffler, Johann (Angelus Silesius)""","Gegrüßet seist du, süße Braut",8.18
"Scheffler - Geh auf, meins Herzens Morgenstern","""Scheffler, Johann (Angelus Silesius)""","Geh auf, meins Herzens Morgenstern",10.2
"Scheffler - Guter Hirte, willst du nicht","""Scheffler, Johann (Angelus Silesius)""","Guter Hirte, willst du nicht",6.23
Scheffler - Helfer meiner armen Seele,"""Scheffler, Johann (Angelus Silesius)""",Helfer meiner armen Seele,4.51
"Scheffler - Höchster Priester, der du dich","""Scheffler, Johann (Angelus Silesius)""","Höchster Priester, der du dich",4.45
Scheffler - Ich liebe dich von Herzengrund,"""Scheffler, Johann (Angelus Silesius)""",Ich liebe dich von Herzengrund,6.15
"Scheffler - Ihr Schäferinnen, die ihr bald","""Scheffler, Johann (Angelus Silesius)""","Ihr Schäferinnen, die ihr bald",4.63
"Scheffler - Ihr Schäferinnen, höret an","""Scheffler, Johann (Angelus Silesius)""","Ihr Schäferinnen, höret an",6.19
Scheffler - Jesu der Jungfraun Krön und,"""Scheffler, Johann (Angelus Silesius)""",Jesu der Jungfraun Krön und,4.60
Scheffler - Jesus der süße Lebenswein,"""Scheffler, Johann (Angelus Silesius)""",Jesus der süße Lebenswein,6.19
Scheffler - Jesus ist das schönste Bild,"""Scheffler, Johann (Angelus Silesius)""",Jesus ist das schönste Bild,6.23
"Scheffler - Jesus, wie süß ist deine","""Scheffler, Johann (Angelus Silesius)""","Jesus, wie süß ist deine",6.37
"Scheffler - Kleiner Knabe, großer Gott","""Scheffler, Johann (Angelus Silesius)""","Kleiner Knabe, großer Gott",6.21
"Scheffler - Komm heilger Geist, du höchstes Gut","""Scheffler, Johann (Angelus Silesius)""","Komm heilger Geist, du höchstes Gut",6.35
"Scheffler - Komm Liebster, komm in den Garten","""Scheffler, Johann (Angelus Silesius)""","Komm Liebster, komm in den Garten",4.51
Scheffler - Laßt uns zum Berg des Herren gehn,"""Scheffler, Johann (Angelus Silesius)""",Laßt uns zum Berg des Herren gehn,8.30
"Scheffler - Liebe, die du mich zum Bilde","""Scheffler, Johann (Angelus Silesius)""","Liebe, die du mich zum Bilde",6.27
Scheffler - Liebster Bräutgam denkst du,"""Scheffler, Johann (Angelus Silesius)""",Liebster Bräutgam denkst du,4.45
"Scheffler - Mein Lieb ist mir, und ich bin ihm","""Scheffler, Johann (Angelus Silesius)""","Mein Lieb ist mir, und ich bin ihm",4.58
"Scheffler - Meine Seele, willst du ruhn","""Scheffler, Johann (Angelus Silesius)""","Meine Seele, willst du ruhn",6.22
"Scheffler - Mir nach, spricht Christus unser Held","""Scheffler, Johann (Angelus Silesius)""","Mir nach, spricht Christus unser Held",6.15
Scheffler - Nachtigall wenn dein Gesang,"""Scheffler, Johann (Angelus Silesius)""",Nachtigall wenn dein Gesang,6.17
"Scheffler - Nun danket Gott, ihr Christen all","""Scheffler, Johann (Angelus Silesius)""","Nun danket Gott, ihr Christen all",6.33
Scheffler - O du allerliebster Gott,"""Scheffler, Johann (Angelus Silesius)""",O du allerliebster Gott,8.13
Scheffler - O du Kleinod meiner Sinnen,"""Scheffler, Johann (Angelus Silesius)""",O du Kleinod meiner Sinnen,6.26
Scheffler - O heilsams Opfer Jesu Christ,"""Scheffler, Johann (Angelus Silesius)""",O heilsams Opfer Jesu Christ,7.6
"Scheffler - O Jesu, du verliebter Gott","""Scheffler, Johann (Angelus Silesius)""","O Jesu, du verliebter Gott",4.58
Scheffler - O so hast du nun dein Leben,"""Scheffler, Johann (Angelus Silesius)""",O so hast du nun dein Leben,6.30
"Scheffler - O treuer Jesu, der du bist","""Scheffler, Johann (Angelus Silesius)""","O treuer Jesu, der du bist",8.12
Scheffler - Perl aller keuschen Seelen,"""Scheffler, Johann (Angelus Silesius)""",Perl aller keuschen Seelen,6.10
"Scheffler - Schwing dich auf, mein Täublein behende","""Scheffler, Johann (Angelus Silesius)""","Schwing dich auf, mein Täublein behende",4.96
Scheffler - Sei gegrüßet und geküsset,"""Scheffler, Johann (Angelus Silesius)""",Sei gegrüßet und geküsset,4.49
"Scheffler - Seid getrost, ihr Schäferinnen, / unser Heiland ist nicht weit","""Scheffler, Johann (Angelus Silesius)""","Seid getrost, ihr Schäferinnen, / unser Heiland ist nicht weit",6.25
Scheffler - Süßes Seelenabendmahl,"""Scheffler, Johann (Angelus Silesius)""",Süßes Seelenabendmahl,6.17
"Scheffler - Treuer Schäfer, der du mir","""Scheffler, Johann (Angelus Silesius)""","Treuer Schäfer, der du mir",6.22
Scheffler - Was strebt und kriegt die Welt nach eitler Herrlichkeit,"""Scheffler, Johann (Angelus Silesius)""",Was strebt und kriegt die Welt nach eitler Herrlichkeit,4.113
Scheffler - Wie ein Hirsch zur dürren Zeit,"""Scheffler, Johann (Angelus Silesius)""",Wie ein Hirsch zur dürren Zeit,6.22
Scheffler - Wo ist die Liebste hingegangen,"""Scheffler, Johann (Angelus Silesius)""",Wo ist die Liebste hingegangen,6.40
Scheffler - Zeige mir dein Angesicht / Schönster Nazarener,"""Scheffler, Johann (Angelus Silesius)""",Zeige mir dein Angesicht / Schönster Nazarener,6.13
"Scheffler - Zeuch uns nach dir, / so kommen wir","""Scheffler, Johann (Angelus Silesius)""","Zeuch uns nach dir, / so kommen wir",6.2
Scheidt - Aus Gnaden soll ich selig werden,"""Scheidt, Christian Ludwig""",Aus Gnaden soll ich selig werden,6.38
"Schein - Ach Herr, wie ist der Feinde mein (Psalm 3)","""Schein, Johann Hermann""","Ach Herr, wie ist der Feinde mein (Psalm 3)",6.14
"Schein - Herr Gott, du unser Zuflucht bist (Psalm 90)","""Schein, Johann Hermann""","Herr Gott, du unser Zuflucht bist (Psalm 90)",6.14
Schein - Ich hebe meine Augen auf (Psalm 121),"""Schein, Johann Hermann""",Ich hebe meine Augen auf (Psalm 121),6.14
"Schein - Machs mit mir, Gott, nach deiner Güt","""Schein, Johann Hermann""","Machs mit mir, Gott, nach deiner Güt",6.15
Schein - Mein Herz ruht und ist stille,"""Schein, Johann Hermann""",Mein Herz ruht und ist stille,6.10
Schelling - An Caroline,"""Schelling, Friedrich""",An Caroline,8.47
Schenkendorf - Allerheiligenfest,"""Schenkendorf, Max von""",Allerheiligenfest,8.21
Schenkendorf - Am Elisabethtage,"""Schenkendorf, Max von""",Am Elisabethtage,6.6
Schenkendorf - Am Grab des heiligen Fridolin,"""Schenkendorf, Max von""",Am Grab des heiligen Fridolin,8.21
Schenkendorf - An die Freunde in Baden,"""Schenkendorf, Max von""",An die Freunde in Baden,4.49
Schenkendorf - An die Königin Luise von Preußen,"""Schenkendorf, Max von""",An die Königin Luise von Preußen,"4.4,4.67"
Schenkendorf - An ein Gemach,"""Schenkendorf, Max von""",An ein Gemach,6.45
Schenkendorf - Auf dem Marsch nach Franken,"""Schenkendorf, Max von""",Auf dem Marsch nach Franken,4.20
Schenkendorf - Auf Scharnhorsts Tod,"""Schenkendorf, Max von""",Auf Scharnhorsts Tod,6.30
Schenkendorf - Brief in die Heimat,"""Schenkendorf, Max von""",Brief in die Heimat,7.7
Schenkendorf - Das Bergschloß,"""Schenkendorf, Max von""",Das Bergschloß,4.21
Schenkendorf - Das Lied von drei Grafen,"""Schenkendorf, Max von""",Das Lied von drei Grafen,6.9
Schenkendorf - Der eiserne Freund,"""Schenkendorf, Max von""",Der eiserne Freund,4.49
Schenkendorf - Der Stuhl Karls des Großen,"""Schenkendorf, Max von""",Der Stuhl Karls des Großen,4.47
Schenkendorf - Die altdeutschen Gemälde,"""Schenkendorf, Max von""",Die altdeutschen Gemälde,4.41
Schenkendorf - Die Deutschen an ihren Kaiser,"""Schenkendorf, Max von""",Die Deutschen an ihren Kaiser,4.52
Schenkendorf - Die Totenuhr,"""Schenkendorf, Max von""",Die Totenuhr,4.92
Schenkendorf - Erneuter Schwur,"""Schenkendorf, Max von""",Erneuter Schwur,8.7
Schenkendorf - Freiheit,"""Schenkendorf, Max von""",Freiheit,4.13
Schenkendorf - Friedland,"""Schenkendorf, Max von""",Friedland,8.14
Schenkendorf - Frühlingsgruß an das Vaterland,"""Schenkendorf, Max von""",Frühlingsgruß an das Vaterland,8.26
Schenkendorf - Hans von Sagan,"""Schenkendorf, Max von""",Hans von Sagan,4.49
Schenkendorf - Herberge,"""Schenkendorf, Max von""",Herberge,4.46
Schenkendorf - Himmelfahrt,"""Schenkendorf, Max von""",Himmelfahrt,6.7
Schenkendorf - Jägerlied,"""Schenkendorf, Max von""",Jägerlied,7.7
Schenkendorf - Kriegslied,"""Schenkendorf, Max von""",Kriegslied,"5.3,6.15"
Schenkendorf - Landsturm,"""Schenkendorf, Max von""",Landsturm,4.20
Schenkendorf - Nach der Kommunion,"""Schenkendorf, Max von""",Nach der Kommunion,4.58
Schenkendorf - Ostern,"""Schenkendorf, Max von""",Ostern,6.30
Schenkendorf - Sehnsucht,"""Schenkendorf, Max von""",Sehnsucht,5.8
Schenkendorf - Seiner Herrin,"""Schenkendorf, Max von""",Seiner Herrin,4.67
Schenkendorf - Vaterland,"""Schenkendorf, Max von""",Vaterland,6.19
Schickele - Ernste Mädchen im Gedränge,"""Schickele, René""",Ernste Mädchen im Gedränge,4.77
Schickele - Im Gras,"""Schickele, René""",Im Gras,8.26
Schiebeler - Als Gretchen einst zu Markte ging,"""Schiebeler, Daniel""",Als Gretchen einst zu Markte ging,4.63
Schiebeler - Apollo und Hedëra,"""Schiebeler, Daniel""",Apollo und Hedëra,8.15
Schiebeler - Ariadne und Theseus,"""Schiebeler, Daniel""",Ariadne und Theseus,8.7
Schiebeler - Ines von Castro,"""Schiebeler, Daniel""",Ines von Castro,8.37
Schiebeler - Iphris,"""Schiebeler, Daniel""",Iphris,8.15
Schikaneder - Der Vogelfänger bin ich ja,"""Schikaneder, Emmanuel""",Der Vogelfänger bin ich ja,8.30
Schikaneder - In diesen heil'gen Hallen,"""Schikaneder, Emmanuel""",In diesen heil'gen Hallen,6.10
Schiller - Aeneis-Übersetzung,"""Schiller, Friedrich""",Aeneis-Übersetzung,8.48
Schiller - Amalia,"""Schiller, Friedrich""",Amalia,4.93
Schiller - An den Frühling,"""Schiller, Friedrich""",An den Frühling,4.20
Schiller - An die Freude,"""Schiller, Friedrich""",An die Freude,"4.48,8.26"
Schiller - An die Parzen,"""Schiller, Friedrich""",An die Parzen,4.87
Schiller - An einen Moralisten,"""Schiller, Friedrich""",An einen Moralisten,4.87
Schiller - An Emma,"""Schiller, Friedrich""",An Emma,6.27
Schiller - An Goethe als er den >Mahomet< des Voltaire auf die Bühne brachte,"""Schiller, Friedrich""",An Goethe als er den >Mahomet< des Voltaire auf die Bühne brachte,8.47
Schiller - An Karl Theodor von Dalberg,"""Schiller, Friedrich""",An Karl Theodor von Dalberg,8.47
Schiller - An Körner zu dessen Hochzeit,"""Schiller, Friedrich""",An Körner zu dessen Hochzeit,8.13
Schiller - An Minna,"""Schiller, Friedrich""",An Minna,8.26
Schiller - Berglied,"""Schiller, Friedrich""",Berglied,6.15
Schiller - Das Distichon (Im Hexameter steigt ...),"""Schiller, Friedrich""",Das Distichon (Im Hexameter steigt ...),2.11
Schiller - Das Eleusische Fest,"""Schiller, Friedrich""",Das Eleusische Fest,8.26
Schiller - Das Geheimnis,"""Schiller, Friedrich""",Das Geheimnis,8.37
Schiller - Das Glück und die Weisheit,"""Schiller, Friedrich""",Das Glück und die Weisheit,4.67
Schiller - Das Ideal und das Leben,"""Schiller, Friedrich""",Das Ideal und das Leben,10.0
Schiller - Das Lied von der Glocke,"""Schiller, Friedrich""",Das Lied von der Glocke,8.0
Schiller - Das Mädchen aus der Fremde,"""Schiller, Friedrich""",Das Mädchen aus der Fremde,4.67
Schiller - Das Mädchen von Orleans,"""Schiller, Friedrich""",Das Mädchen von Orleans,6.45
Schiller - Das Reiterlied,"""Schiller, Friedrich""",Das Reiterlied,6.15
Schiller - Das Siegesfest,"""Schiller, Friedrich""",Das Siegesfest,12.0
Schiller - Dem Erbprinzen von Weimar,"""Schiller, Friedrich""",Dem Erbprinzen von Weimar,4.76
Schiller - Der Alpenjäger,"""Schiller, Friedrich""",Der Alpenjäger,6.29
Schiller - Der Antritt des neuen Jahrhunderts,"""Schiller, Friedrich""",Der Antritt des neuen Jahrhunderts,4.93
Schiller - Der Eroberer,"""Schiller, Friedrich""",Der Eroberer,4.111
Schiller - Der Graf von Habsburg,"""Schiller, Friedrich""",Der Graf von Habsburg,10.0
Schiller - Der Jüngling am Bache,"""Schiller, Friedrich""",Der Jüngling am Bache,8.26
Schiller - Der Kampf mit dem Drachen,"""Schiller, Friedrich""",Der Kampf mit dem Drachen,12.0
Schiller - Der Pilgrim,"""Schiller, Friedrich""",Der Pilgrim,"4.49,4.49a"
Schiller - Der Ring des Polykrates,"""Schiller, Friedrich""",Der Ring des Polykrates,6.40
Schiller - Der Spaziergang,"""Schiller, Friedrich""",Der Spaziergang,2.11
Schiller - Der Taucher,"""Schiller, Friedrich""",Der Taucher,6.0
Schiller - Der Venuswagen,"""Schiller, Friedrich""",Der Venuswagen,4.93
Schiller - Die Antiken zu Paris,"""Schiller, Friedrich""",Die Antiken zu Paris,6.30
Schiller - Die Begegnung,"""Schiller, Friedrich""",Die Begegnung,8.47
Schiller - Die Bürgschaft,"""Schiller, Friedrich""",Die Bürgschaft,7.0
Schiller - Die deutsche Muse,"""Schiller, Friedrich""",Die deutsche Muse,6.30
Schiller - Die Erwartung,"""Schiller, Friedrich""",Die Erwartung,8.43
Schiller - Die Freundschaft,"""Schiller, Friedrich""",Die Freundschaft,6.41
Schiller - Die Götter Griechenlands,"""Schiller, Friedrich""",Die Götter Griechenlands,8.40
Schiller - Die Gunst des Augenblicks,"""Schiller, Friedrich""",Die Gunst des Augenblicks,4.49
Schiller - Die Ideale,"""Schiller, Friedrich""",Die Ideale,8.37
Schiller - Die Journalisten und Minos,"""Schiller, Friedrich""",Die Journalisten und Minos,4.20
Schiller - Die Kindsmörderin,"""Schiller, Friedrich""",Die Kindsmörderin,8.41
Schiller - Die Kraniche des Ibykus,"""Schiller, Friedrich""",Die Kraniche des Ibykus,8.0
Schiller - Die Macht des Gesanges,"""Schiller, Friedrich""",Die Macht des Gesanges,10.0
Schiller - Die Priesterinnen der Sonne,"""Schiller, Friedrich""",Die Priesterinnen der Sonne,5.4
Schiller - Die Rache der Musen,"""Schiller, Friedrich""",Die Rache der Musen,4.32
"Schiller - Die seligen Augenblicke, an Laura","""Schiller, Friedrich""","Die seligen Augenblicke, an Laura",6.41
Schiller - Die Teilung der Erde,"""Schiller, Friedrich""",Die Teilung der Erde,4.87
Schiller - Die vier Weltalter,"""Schiller, Friedrich""",Die vier Weltalter,6.15
"Schiller - Die Waffen ruhn, des Krieges Stürme schweigen","""Schiller, Friedrich""","Die Waffen ruhn, des Krieges Stürme schweigen",8.47
Schiller - Die Weltweisen,"""Schiller, Friedrich""",Die Weltweisen,9.0
Schiller - Die Worte des Glaubens,"""Schiller, Friedrich""",Die Worte des Glaubens,6.15
Schiller - Die Worte des Wahns,"""Schiller, Friedrich""",Die Worte des Wahns,6.15
Schiller - Ein Wechselgesang,"""Schiller, Friedrich""",Ein Wechselgesang,4.50
Schiller - Eine Leichenphantasie,"""Schiller, Friedrich""",Eine Leichenphantasie,8.26
Schiller - Elegie auf den frühzeitigen Tod Johann Christian Weckerlins,"""Schiller, Friedrich""",Elegie auf den frühzeitigen Tod Johann Christian Weckerlins,12.5
Schiller - Empfindungen der Dankbarkeit,"""Schiller, Friedrich""",Empfindungen der Dankbarkeit,4.106
Schiller - Er ist es nicht - Es war der Winde Spiel,"""Schiller, Friedrich""",Er ist es nicht - Es war der Winde Spiel,8.45
Schiller - Freigeisterei der Leidenschaft,"""Schiller, Friedrich""",Freigeisterei der Leidenschaft,4.106
Schiller - Graf Eberhard der Greiner,"""Schiller, Friedrich""",Graf Eberhard der Greiner,5.3
Schiller - Hektors Abschied,"""Schiller, Friedrich""",Hektors Abschied,6.41
Schiller - Hochzeitsgedicht auf die Verbindung Henrietten N. mit N.N. von einem Freunde der Braut,"""Schiller, Friedrich""",Hochzeitsgedicht auf die Verbindung Henrietten N. mit N.N. von einem Freunde der Braut,6.40
Schiller - Hoffnung,"""Schiller, Friedrich""",Hoffnung,6.15
Schiller - Kassandra,"""Schiller, Friedrich""",Kassandra,"8.26,8.26ac"
Schiller - Kastraten und Männer,"""Schiller, Friedrich""",Kastraten und Männer,4.36
Schiller - Klage der Ceres,"""Schiller, Friedrich""",Klage der Ceres,12.5
"Schiller - Lebt wohl ihr Berge, ihr geliebten Triften","""Schiller, Friedrich""","Lebt wohl ihr Berge, ihr geliebten Triften",8.47
"Schiller - Mit dem Pfeil, dem Bogen","""Schiller, Friedrich""","Mit dem Pfeil, dem Bogen",4.13
Schiller - Nadowessiers Totenlied,"""Schiller, Friedrich""",Nadowessiers Totenlied,4.32
Schiller - Nänie,"""Schiller, Friedrich""",Nänie,2.11
Schiller - Phantasie an Laura,"""Schiller, Friedrich""",Phantasie an Laura,4.93
Schiller - Punschlied,"""Schiller, Friedrich""",Punschlied,4.1
Schiller - Punschlied. Im Norden zu,"""Schiller, Friedrich""",Punschlied. Im Norden zu,4.49
Schiller - Rousseau,"""Schiller, Friedrich""",Rousseau,6.41
Schiller - Sängers Abschied,"""Schiller, Friedrich""",Sängers Abschied,8.47
Schiller - Sehnsucht,"""Schiller, Friedrich""",Sehnsucht,8.26
Schiller - Stanzen an den Leser (später Sängers Abschied),"""Schiller, Friedrich""",Stanzen an den Leser (später Sängers Abschied),8.47
Schiller - Thekla. Eine Geisterstimme,"""Schiller, Friedrich""",Thekla. Eine Geisterstimme,4.93
Schiller - Trauerode auf den Tod des Hauptmanns Wittmaister,"""Schiller, Friedrich""",Trauerode auf den Tod des Hauptmanns Wittmaister,6.41
Schiller - Unter allen Schlangen ist,"""Schiller, Friedrich""",Unter allen Schlangen ist,4.20
Schiller - Untertänigstes Pro-Memoria,"""Schiller, Friedrich""",Untertänigstes Pro-Memoria,4.36
Schiller - Vergleichung,"""Schiller, Friedrich""",Vergleichung,4.106
"Schiller - Vorwurf, an Laura","""Schiller, Friedrich""","Vorwurf, an Laura",6.41
Schiller - Wunderseltsame Historia des berühmten Feldzuges,"""Schiller, Friedrich""",Wunderseltsame Historia des berühmten Feldzuges,6.15
Schiller - Würde der Frauen,"""Schiller, Friedrich""",Würde der Frauen,"6.31,8.26"
Schiller - Xenien,"""Schiller, Friedrich""",Xenien,2.11
Schiller - Zum Geburtstag der Frau,"""Schiller, Friedrich""",Zum Geburtstag der Frau,4.36
"Schiller, J. - Als mein gedenken das ich hab","""Schiller, Jörg""",Als mein gedenken das ich hab,14.1
"Schiller, J. - Mein herz das mag nit haben ruh","""Schiller, Jörg""",Mein herz das mag nit haben ruh,14.1
Schimper - Versteck,"""Schimper, Karl""",Versteck,2.15
Schink - Ballade,"""Schink, Johann Friedrich""",Ballade,8.17
Schink - Morgenlied für Landleute,"""Schink, Johann Friedrich""",Morgenlied für Landleute,8.1
Schirach - Dem Führer,"""Schirach, Baldur von""",Dem Führer,2.9
Schirmer - An Charibellen,"""Schirmer, David""",An Charibellen,8.25
Schirmer - An die Frauenzimmer,"""Schirmer, David""",An die Frauenzimmer,6.24
Schirmer - An ihre Lippen,"""Schirmer, David""",An ihre Lippen,4.120
Schirmer - Der scheidende Seladon an der Neisse,"""Schirmer, David""",Der scheidende Seladon an der Neisse,6.25
Schirmer - Der sterbende Sylvius,"""Schirmer, David""",Der sterbende Sylvius,8.27
Schirmer - Der tröstende Strefon,"""Schirmer, David""",Der tröstende Strefon,6.27
Schirmer - Der verliebte Hylas an der Elbe,"""Schirmer, David""",Der verliebte Hylas an der Elbe,6.25
Schirmer - Des Amyntas Ode,"""Schirmer, David""",Des Amyntas Ode,6.30
Schirmer - Die klagende Corimbo,"""Schirmer, David""",Die klagende Corimbo,6.39
Schirmer - Einst sah mich eine schöne Dame,"""Schirmer, David""",Einst sah mich eine schöne Dame,8.38
Schirmer - Er bedankt sich hoher Liebe,"""Schirmer, David""",Er bedankt sich hoher Liebe,6.37
Schirmer - Er bindet Anemonen an,"""Schirmer, David""",Er bindet Anemonen an,8.4
Schirmer - Er forschet die Ursachen ihres Unwillens,"""Schirmer, David""",Er forschet die Ursachen ihres Unwillens,6.40
Schirmer - Er hält sich zu der Niedrigen,"""Schirmer, David""",Er hält sich zu der Niedrigen,6.38
Schirmer - Er hat sich in ihr verloren,"""Schirmer, David""",Er hat sich in ihr verloren,6.39
Schirmer - Er lobet ihre Tugend,"""Schirmer, David""",Er lobet ihre Tugend,6.29
Schirmer - Er muntert sie zur Liebe auf,"""Schirmer, David""",Er muntert sie zur Liebe auf,6.32
Schirmer - Er rühmet ihre Schönheit,"""Schirmer, David""",Er rühmet ihre Schönheit,6.27
Schirmer - Er tröstet sie über seinen Abschied,"""Schirmer, David""",Er tröstet sie über seinen Abschied,8.37
Schirmer - Er wartet ihrer zu Abends,"""Schirmer, David""",Er wartet ihrer zu Abends,4.16
Schirmer - Er will ihretwegen sich nicht,"""Schirmer, David""",Er will ihretwegen sich nicht,6.23
Schirmer - Erhebet,"""Schirmer, David""",Erhebet,4.117
"Schirmer - Herr, nun lasse deinen Knecht","""Schirmer, David""","Herr, nun lasse deinen Knecht",6.24
Schirmer - Ihre Küß-Rosen,"""Schirmer, David""",Ihre Küß-Rosen,6.38
Schirmer - Lauren Abschied von Amaranthen,"""Schirmer, David""",Lauren Abschied von Amaranthen,8.21
Schirmer - Man soll der Vernunft brauchen,"""Schirmer, David""",Man soll der Vernunft brauchen,8.21
Schirmer - Marnia und ein Buch (Nun empfind ich keinen Grauen),"""Schirmer, David""",Marnia und ein Buch (Nun empfind ich keinen Grauen),8.24
Schirmer - Nacht-Klage,"""Schirmer, David""",Nacht-Klage,4.42
Schirmer - Sein freies Gemüte,"""Schirmer, David""",Sein freies Gemüte,4.102
Schirmer - Sie ergetzet sich an der,"""Schirmer, David""",Sie ergetzet sich an der,4.102
Schirmer - Sie soll der Jugend brauchen,"""Schirmer, David""",Sie soll der Jugend brauchen,4.67
Schirmer - Über die falsche Cynthia,"""Schirmer, David""",Über die falsche Cynthia,4.120
Schirmer - Über ihr Angesicht,"""Schirmer, David""",Über ihr Angesicht,6.49
Schirmer - Über ihre Brüste,"""Schirmer, David""",Über ihre Brüste,6.27
Schirmer - Über ihre Reise an die,"""Schirmer, David""",Über ihre Reise an die,4.67
"Schirmer - Über ihren Unwillen, als er etwas gesehen","""Schirmer, David""","Über ihren Unwillen, als er etwas gesehen",6.39
Schirmer - Über seine Träume,"""Schirmer, David""",Über seine Träume,4.118
Schirmer - Winterlied,"""Schirmer, David""",Winterlied,8.7
"Schirmer, M. - Nun jauchzet, all ihr Frommen","""Schirmer, Michael""","Nun jauchzet, all ihr Frommen",8.6
"Schirmer, M. - O heilger Geist, kehr bei uns ein","""Schirmer, Michael""","O heilger Geist, kehr bei uns ein",10.4
Schlacher - Ach Gott mein Herr / dich zu mir kehr,"""Schlacher, Michael""",Ach Gott mein Herr / dich zu mir kehr,6.2
Schlaf - Buchenhang,"""Schlaf, Johannes""",Buchenhang,"3.4,3.4aak"
Schlaf - Eine Begegnung,"""Schlaf, Johannes""",Eine Begegnung,4.59
"Schlegel, A.W. - Abendlied für die Entfernte","""Schlegel, August Wilhelm""",Abendlied für die Entfernte,8.15
"Schlegel, A.W. - An Novalis","""Schlegel, August Wilhelm""",An Novalis,13.0
"Schlegel, A.W. - Der heilige Lukas","""Schlegel, August Wilhelm""",Der heilige Lukas,6.19
"Schlegel, A.W. - Die Sprache der Liebe","""Schlegel, August Wilhelm""",Die Sprache der Liebe,10.6
"Schlegel, A.W. - Die Stunde vor dem Abschied","""Schlegel, August Wilhelm""",Die Stunde vor dem Abschied,4.106
"Schlegel, A.W. - Die Warnung","""Schlegel, August Wilhelm""",Die Warnung,7.7
"Schlegel, A.W. - Fortunat","""Schlegel, August Wilhelm""",Fortunat,4.49
"Schlegel, A.W. - Kampaspe","""Schlegel, August Wilhelm""",Kampaspe,8.26
"Schlegel, A.W. - Leonardo da Vinci","""Schlegel, August Wilhelm""",Leonardo da Vinci,4.54
"Schlegel, A.W. - Lob der Frauen","""Schlegel, August Wilhelm""",Lob der Frauen,13.0
"Schlegel, A.W. - Nikon und Heliodora","""Schlegel, August Wilhelm""",Nikon und Heliodora,8.48
"Schlegel, A.W. - Prometheus","""Schlegel, August Wilhelm""",Prometheus,3.7
"Schlegel, A.W. - Rittertum und Minne","""Schlegel, August Wilhelm""",Rittertum und Minne,8.14
"Schlegel, A.W. - Totenopfer für Augusta Böhmer. Sinnesänderung","""Schlegel, August Wilhelm""",Totenopfer für Augusta Böhmer. Sinnesänderung,6.7
"Schlegel, F. - An A. W. Schlegel (Wohl mancher leuchtende Frühling grünte)","""Schlegel, Friedrich""",An A. W. Schlegel (Wohl mancher leuchtende Frühling grünte),7.11
"Schlegel, F. - An die Deutschen zu Anfang","""Schlegel, Friedrich""",An die Deutschen zu Anfang,3.7
"Schlegel, F. - An die Königin von Spanien","""Schlegel, Friedrich""",An die Königin von Spanien,5.16
"Schlegel, F. - An Ritter","""Schlegel, Friedrich""",An Ritter,11.2
"Schlegel, F. - An Siderie","""Schlegel, Friedrich""",An Siderie,5.12
"Schlegel, F. - Andenken","""Schlegel, Friedrich""",Andenken,6.40
"Schlegel, F. - Ansichten","""Schlegel, Friedrich""",Ansichten,8.48
"Schlegel, F. - Ariel","""Schlegel, Friedrich""",Ariel,7.10
"Schlegel, F. - Auf dem Feldberge","""Schlegel, Friedrich""",Auf dem Feldberge,7.2
"Schlegel, F. - Auf der Pilgrimschaft","""Schlegel, Friedrich""",Auf der Pilgrimschaft,10.6
"Schlegel, F. - Das Hieroglyphenlied","""Schlegel, Friedrich""",Das Hieroglyphenlied,5.16
"Schlegel, F. - Das versunkene Schloß","""Schlegel, Friedrich""",Das versunkene Schloß,8.7
"Schlegel, F. - Der alte Pilger","""Schlegel, Friedrich""",Der alte Pilger,6.19
"Schlegel, F. - Der Glühende","""Schlegel, Friedrich""",Der Glühende,10.6
"Schlegel, F. - Der Heitre","""Schlegel, Friedrich""",Der Heitre,10.6
"Schlegel, F. - Die neue Schule","""Schlegel, Friedrich""",Die neue Schule,10.6
"Schlegel, F. - Fülle der Liebe","""Schlegel, Friedrich""",Fülle der Liebe,4.4
"Schlegel, F. - Gelübde","""Schlegel, Friedrich""",Gelübde,7.7
"Schlegel, F. - Gesang der Ehre","""Schlegel, Friedrich""",Gesang der Ehre,6.29
"Schlegel, F. - Gesang der Erinnerung","""Schlegel, Friedrich""",Gesang der Erinnerung,6.7
"Schlegel, F. - Im Walde","""Schlegel, Friedrich""",Im Walde,6.29
"Schlegel, F. - Irrlichter","""Schlegel, Friedrich""",Irrlichter,4.32
"Schlegel, F. - Klagelied der Mutter Gottes","""Schlegel, Friedrich""",Klagelied der Mutter Gottes,6.40
"Schlegel, F. - Klaggesang am Grabe eines","""Schlegel, Friedrich""",Klaggesang am Grabe eines,3.7
"Schlegel, F. - Parodie","""Schlegel, Friedrich""",Parodie,10.6
"Schlegel, F. - Sankt Reinhold","""Schlegel, Friedrich""",Sankt Reinhold,8.15
"Schlegel, F. - Stanzen zur Einleitung eines Märchens","""Schlegel, Friedrich""",Stanzen zur Einleitung eines Märchens,8.48
"Schlegel, F. - Unsre Zeit","""Schlegel, Friedrich""",Unsre Zeit,7.10
"Schlegel, F. - Wechselgesang","""Schlegel, Friedrich""",Wechselgesang,8.48
"Schlegel, J.A. - Der Esel und der Mops","""Schlegel, Johann Adolf""",Der Esel und der Mops,8.36
"Schlegel, J.A. - Die Rose und der Schmetterling","""Schlegel, Johann Adolf""",Die Rose und der Schmetterling,6.36
"Schlegel, J.E. - An Doris","""Schlegel, Johann Elias""",An Doris,6.36
"Schlegel, J.E. - An ein zärtliches Ehepaar","""Schlegel, Johann Elias""",An ein zärtliches Ehepaar,8.26
"Schlegel, J.E. - Meine Liebe","""Schlegel, Johann Elias""",Meine Liebe,5.8
Schleifer - Adelheid von der Wart,"""Schleifer, Matthias Leopold""",Adelheid von der Wart,5.3
"Schlichtegroll - Dank, Dank dir lieber, weiser","""Schlichtegroll, Adolf Heinrich""","Dank, Dank dir lieber, weiser",4.77
Schlot - Poetarum splendida miseria,"""Schlot, Nathanael""",Poetarum splendida miseria,6.51
"Schmid - Weihnachtslied (Ihr Kinderlein, kommet)","""Schmid, Christoph von""","Weihnachtslied (Ihr Kinderlein, kommet)",4.62
"Schmidt, F.W.A. - Das Gärtchen der Liebe","""Schmidt, Friedrich Wilhelm August""",Das Gärtchen der Liebe,4.26
"Schmidt, F.W.A. - Du und ich","""Schmidt, Friedrich Wilhelm August""",Du und ich,6.19
"Schmidt, F.W.A. - Liebe mit Schmerzen","""Schmidt, Friedrich Wilhelm August""",Liebe mit Schmerzen,4.21
"Schmidt, F.W.A. - Lied im Frühling","""Schmidt, Friedrich Wilhelm August""",Lied im Frühling,7.2
"Schmidt, G.P. - Des Fremdlings Abendlied","""Schmidt, Georg Philipp""",Des Fremdlings Abendlied,4.58
"Schmidt, G.P. - Ich komme vom Gebirge her","""Schmidt, Georg Philipp""",Ich komme vom Gebirge her,4.58
"Schmidt, K.E. - Friedenstrinklied eines Preußen","""Schmidt, Klamer Eberhard""",Friedenstrinklied eines Preußen,8.13
"Schmidt, K.E. - Prüfung des Küssens","""Schmidt, Klamer Eberhard""",Prüfung des Küssens,4.47
"Schmidt, K.E. - Wenn morgens früh ich fegen","""Schmidt, Klamer Eberhard""",Wenn morgens früh ich fegen geh,7.7
Schmolck - Der beste Freund ist in dem Himmel,"""Schmolck, Benjamin""",Der beste Freund ist in dem Himmel,6.38
"Schmolck - Endlich, endlich muß es sein","""Schmolck, Benjamin""","Endlich, endlich muß es sein",6.23
"Schmolck - Herr höre, Herr erhöre","""Schmolck, Benjamin""","Herr höre, Herr erhöre",6.9
"Schmolck - Je größer Kreuz, je näher Himmel","""Schmolck, Benjamin""","Je größer Kreuz, je näher HImmel",6.38
Schmolck - Jesus soll die Losung sein,"""Schmolck, Benjamin""",Jesus soll die Losung sein,6.23
Schmolck - Schmückt das Fest mit Maien,"""Schmolck, Benjamin""",Schmückt das Fest mit Maien,10.1
Schmolck - Teures Wort aus Gottes Munde,"""Schmolck, Benjamin""",Teures Wort aus Gottes Munde,6.27
Schmolck - Tut mir auf die schöne Pforte,"""Schmolck, Benjamin""",Tut mir auf die schöne Pforte,6.27
Schneckenburger - Die Wacht am Rhein (Es braust ein Ruf wie Donnerhall),"""Schneckenburger, Max""",Die Wacht am Rhein (Es braust ein Ruf wie Donnerhall),6.33
"Schneegaß - Frisch auf, ihr Christen alle","""Schneegaß, Cyriacus""","Frisch auf, ihr Christen alle",4.23
"Schneegaß - Frisch auf, mein liebe Seele","""Schneegaß, Cyriacus""","Frisch auf, mein liebe Seele",12.2
Schneegaß - Gott selbst in Rat und im Gericht,"""Schneegaß, Cyriacus""",Gott selbst in Rat und im Gericht,9.2
"Schneegaß - Herr, steh uns bei zu dieser Zeit","""Schneegaß, Cyriacus""","Herr, steh uns bei zu dieser Zeit",4.57
Schnell - Handwerkerlied,"""Schnell, Wolfgang""",Handwerkerlied,2.3
Schnorr - Ich sing euch ein artiges,"""Schnorr, Heinrich Theodor""",Ich sing euch ein artiges,4.70
Schoch - Des Frauenzimmers Nein und Ja an die Amande,"""Schoch, Johannes Georg""",Des Frauenzimmers Nein und Ja an die Amande,6.38
Schoenaich-Carolath - Auf letzten Bergen,"""Schoenaich-Carolath, Emil von""",Auf letzten Bergen,4.21
Schoenaich-Carolath - Aus alter Zeit,"""Schoenaich-Carolath, Emil von""",Aus alter Zeit,4.20
Schoenaich-Carolath - Der letzte Gang,"""Schoenaich-Carolath, Emil von""",Der letzte Gang,6.11
Schoenaich-Carolath - Die Hütte,"""Schoenaich-Carolath, Emil von""",Die Hütte,4.36
Schoenaich-Carolath - Du melancholisches Römerkind,"""Schoenaich-Carolath, Emil von""",Du melancholisches Römerkind,4.36
Schoenaich-Carolath - Du reichtest stumm mir beide,"""Schoenaich-Carolath, Emil von""",Du reichtest stumm mir beide,4.67
Schoenaich-Carolath - Es graut der Morgen,"""Schoenaich-Carolath, Emil von""",Es graut der Morgen,4.59
Schoenaich-Carolath - Feldeinwärts,"""Schoenaich-Carolath, Emil von""",Feldeinwärts,4.20
Schoenaich-Carolath - Hugenottenlied,"""Schoenaich-Carolath, Emil von""",Hugenottenlied,6.11
Schoenaich-Carolath - Legende,"""Schoenaich-Carolath, Emil von""",Legende,2.5
Schoenaich-Carolath - Lenzfahrt,"""Schoenaich-Carolath, Emil von""",Lenzfahrt,8.15
Schoenaich-Carolath - Märzabend,"""Schoenaich-Carolath, Emil von""",Märzabend,4.21
Schoenaich-Carolath - Nun wag ich selig ohne Maßen,"""Schoenaich-Carolath, Emil von""",Nun wag ich selig ohne Maßen,4.67
Schoenaich-Carolath - Valet,"""Schoenaich-Carolath, Emil von""",Valet,5.2
Scholz - Alter Mann im Frühlingsgarten,"""Scholz, Wilhelm von""",Alter Mann im Frühlingsgarten,4.103
Scholz - An einem Wanderwege,"""Scholz, Wilhelm von""",An einem Wanderwege,4.100
Scholz - Auf den Tod meiner Mutter,"""Scholz, Wilhelm von""",Auf den Tod meiner Mutter,4.106
Scholz - Casanovas Tod,"""Scholz, Wilhelm von""",Casanovas Tod,4.106
Scholz - Den früh Geliebten,"""Scholz, Wilhelm von""",Den früh Geliebten,3.7
Scholz - Der gefällte Baum,"""Scholz, Wilhelm von""",Der gefällte Baum,4.102
Scholz - Die Schlacht,"""Scholz, Wilhelm von""",Die Schlacht,4.59
Scholz - Die Wandelsterne,"""Scholz, Wilhelm von""",Die Wandelsterne,4.110
Scholz - Gasthaus,"""Scholz, Wilhelm von""",Gasthaus,4.99
Scholz - Heimkehr,"""Scholz, Wilhelm von""",Heimkehr,4.104
Scholz - Im Weinberghaus,"""Scholz, Wilhelm von""",Im Weinberghaus,4.103
Scholz - In der Kapelle,"""Scholz, Wilhelm von""",In der Kapelle,6.19
Scholz - Lebensterzinen,"""Scholz, Wilhelm von""",Lebensterzinen,3.7
Scholz - Liebesbriefe,"""Scholz, Wilhelm von""",Liebesbriefe,4.97
Scholz - Mondaufgang am Fronalpstock,"""Scholz, Wilhelm von""",Mondaufgang am Fronalpstock,4.99
Scholz - Rückschau,"""Scholz, Wilhelm von""",Rückschau,4.47
Scholz - Ruhender Schwimmer,"""Scholz, Wilhelm von""",Ruhender Schwimmer,4.32
Scholz - Saturnusjahre,"""Scholz, Wilhelm von""",Saturnusjahre,3.7
Scholz - Spätabend,"""Scholz, Wilhelm von""",Spätabend,4.104
Scholz - Spiel in Lüften,"""Scholz, Wilhelm von""",Spiel in Lüften,4.49
Scholz - Strandbad,"""Scholz, Wilhelm von""",Strandbad,4.109
Scholz - Über dem Lande,"""Scholz, Wilhelm von""",Über dem Lande,4.48
Scholz - Unter Wolken,"""Scholz, Wilhelm von""",Unter Wolken,4.72
Scholz - UrnerSee,"""Scholz, Wilhelm von""",UrnerSee,4.53
Scholz - Vergänglichkeit,"""Scholz, Wilhelm von""",Vergänglichkeit,6.45
Scholz - Wachsender Schatten,"""Scholz, Wilhelm von""",Wachsender Schatten,5.11
Scholz - Wegscheide,"""Scholz, Wilhelm von""",Wegscheide,4.100
Scholz - Wunsch,"""Scholz, Wilhelm von""",Wunsch,4.100
"Scholze - Edle Freiheit, mein Vergnügen","""Scholze, Johann Sigismund""","Edle Freiheit, mein Vergnügen",8.26
"Schönbrunn - Verleih uns Gnad, Herr Jesu Christ","""Schönbrunn, Johann""","Verleih uns Gnad, Herr Jesu Christ",10.2
"Schottel - Ach mein Jesu, reich an Gnaden","""Schottel, Justus Georg""","Ach mein Jesu, reich an Gnaden",8.25
Schottel - Auf die Stimme der Nachtigall,"""Schottel, Justus Georg""",Auf die Stimme der Nachtigall,4.51
Schottel - Der Jungfrauen Maria Lob,"""Schottel, Justus Georg""",Der Jungfrauen Maria Lob,4.49
Schottel - Donnerlied,"""Schottel, Justus Georg""",Donnerlied,4.42
Schottel - Güldner Fried uns sehr,"""Schottel, Justus Georg""",Güldner Fried uns sehr,4.51
Schottel - Ich will nun gerne sterben ab,"""Schottel, Justus Georg""",Ich will nun gerne sterben ab,7.7
"Schottel - Ist, Jesu, es dein Wille","""Schottel, Justus Georg""","Ist, Jesu, es dein Wille",6.7
"Schottel - Mein Herr Jesu, höchster Gott","""Schottel, Justus Georg""","Mein Herr Jesu, höchster Gott",6.21
"Schottel - Vater, der du dich vernehmen","""Schottel, Justus Georg""","Vater, der du dich vernehmen",6.27
Schottel - Was ist doch unser Lebenszeit,"""Schottel, Justus Georg""",Was ist doch unser Lebenszeit,8.15
Schottel - Weil ich nun ganz verlassen bin,"""Schottel, Justus Georg""",Weil ich nun ganz verlassen bin,4.58
Schottel - Wiedertritt,"""Schottel, Justus Georg""",Wiedertritt,4.42
"Schramm - Jesu Christe, lieber Herr","""Schramm, Georg""","Jesu Christe, lieber Herr","3.3,3.3aaa"
Schreiber - Von der fürwitzigen Galathea,"""Schreiber, Georg Heinrich""",Von der fürwitzigen Galathea,6.30
Schröder - Abendlied,"""Schröder, Rudolf Alexander""",Abendlied,5.1
Schröder - Abendmahlshymnus des heiligen Thomas von Aquino,"""Schröder, Rudolf Alexander""",Abendmahlshymnus des heiligen Thomas von Aquino,4.112
Schröder - Abendsegen,"""Schröder, Rudolf Alexander""",Abendsegen,8.6
Schröder - Abgesang,"""Schröder, Rudolf Alexander""",Abgesang,4.78
Schröder - Adam,"""Schröder, Rudolf Alexander""",Adam,4.64
Schröder - Advent,"""Schröder, Rudolf Alexander""",Advent,4.23
Schröder - Am achten Sonntag nach Trinitatis,"""Schröder, Rudolf Alexander""",Am achten Sonntag nach Trinitatis,6.34
Schröder - Am dritten Sonntag nach Trinitatis,"""Schröder, Rudolf Alexander""",Am dritten Sonntag nach Trinitatis,5.4
Schröder - Am einundzwanzigsten Sonntag nach Trinitatis,"""Schröder, Rudolf Alexander""",Am einundzwanzigsten Sonntag nach Trinitatis,5.4
Schröder - Am fünften Sonntag nach Epiphanias,"""Schröder, Rudolf Alexander""",Am fünften Sonntag nach Epiphanias,6.34
Schröder - Am Karfreitag,"""Schröder, Rudolf Alexander""",Am Karfreitag,4.58
Schröder - Am neunzehnten Sonntag nach Trinitatis,"""Schröder, Rudolf Alexander""",Am neunzehnten Sonntag nachTrinitatis,8.32
Schröder - Am Pfingstsonntag,"""Schröder, Rudolf Alexander""",Am Pfingstsonntag,4.58
Schröder - Am sechsundzwanzigsten Sonntag nach Trinitatis,"""Schröder, Rudolf Alexander""",Am sechsundzwanzigsten Sonntag nach Trinitatis,7.6
Schröder - Am sechzehnten Sonntag nach Trinitatis,"""Schröder, Rudolf Alexander""",Am sechzehnten Sonntag nach Trinitatis,5.4
Schröder - Am siebzehnten Sonntag nach Trinitatis,"""Schröder, Rudolf Alexander""",Am siebzehnten Sonntag nachTrinitatis,5.4
Schröder - Am Sonntag Exaudi,"""Schröder, Rudolf Alexander""",Am Sonntag Exaudi,7.7
Schröder - Am Sonntag Septuagesima,"""Schröder, Rudolf Alexander""",Am Sonntag Septuagésima,4.41
Schröder - Am Sonntag Sexagesima,"""Schröder, Rudolf Alexander""",Am Sonntag Sexagésima,6.34
Schröder - Am zwanzigsten Sonntag nach Trinitatis,"""Schröder, Rudolf Alexander""",Am zwanzigsten Sonntag nach Trinitatis,6.35
Schröder - Am zweiten Sonntag des Advent,"""Schröder, Rudolf Alexander""",Am zweiten Sonntag des Advent,6.38
Schröder - An den Abendstern,"""Schröder, Rudolf Alexander""",An den Abendstern,4.30
Schröder - An eine Dichterin,"""Schröder, Rudolf Alexander""",An eine Dichterin,4.41
Schröder - An einen Freund,"""Schröder, Rudolf Alexander""",An einen Freund,4.87
Schröder - An Rudolf Borchardt,"""Schröder, Rudolf Alexander""",An Rudolf Borchardt,4.111
Schröder - Anrufung,"""Schröder, Rudolf Alexander""",Anrufung,4.6
Schröder - Bremen,"""Schröder, Rudolf Alexander""",Bremen,8.34
Schröder - Christ ist auferstanden,"""Schröder, Rudolf Alexander""",Christ ist auferstanden,4.15
Schröder - Das alte Glück,"""Schröder, Rudolf Alexander""",Das alte Glück,4.67
Schröder - Das Haus,"""Schröder, Rudolf Alexander""",Das Haus,4.17
Schröder - Der Abend sinkt,"""Schröder, Rudolf Alexander""",Der Abend sinkt,6.40
Schröder - Der alte Mann und seine Hand,"""Schröder, Rudolf Alexander""",Der alte Mann und seine Hand,4.64
Schröder - Der Bodensee,"""Schröder, Rudolf Alexander""",Der Bodensee,4.59
Schröder - Der Genfer See,"""Schröder, Rudolf Alexander""",Der Genfer See,4.111
Schröder - Der Zimmermann,"""Schröder, Rudolf Alexander""",Der Zimmermann,2.3
Schröder - Deutsche Oden,"""Schröder, Rudolf Alexander""",Deutsche Oden,4.80
Schröder - Die ersten Toten,"""Schröder, Rudolf Alexander""",Die ersten Toten,4.24
Schröder - Die Fragen und die Antwort,"""Schröder, Rudolf Alexander""",Die Fragen und die Antwort,8.3
Schröder - Die Heimat,"""Schröder, Rudolf Alexander""",Die Heimat,4.80
Schröder - Dir nach,"""Schröder, Rudolf Alexander""",Dir nach,8.15
Schröder - Ein Winterabend,"""Schröder, Rudolf Alexander""",Ein Winterabend,6.19
Schröder - Eine Lerche,"""Schröder, Rudolf Alexander""",Eine Lerche,4.30
Schröder - Es gibt eine Nacht,"""Schröder, Rudolf Alexander""",Es gibt eine Nacht,4.35
Schröder - Es ist ein Stern,"""Schröder, Rudolf Alexander""",Es ist ein Stern,6.19
Schröder - Ex gehenna,"""Schröder, Rudolf Alexander""",Ex gehenna,4.20
Schröder - Für Georg von der Vring,"""Schröder, Rudolf Alexander""",Für Georg von der Vring,4.106
Schröder - Für Gerhart Hauptmann,"""Schröder, Rudolf Alexander""",Für Gerhart Hauptmann,4.80
Schröder - Für Hans Carossa,"""Schröder, Rudolf Alexander""",Für Hans Carossa,4.80
Schröder - Gesicht der Armut,"""Schröder, Rudolf Alexander""",Gesicht der Armut,4.87
Schröder - Gib mir dein Herz,"""Schröder, Rudolf Alexander""",Gib mir dein Herz,6.40
Schröder - Glaubensbekenntnis,"""Schröder, Rudolf Alexander""",Glaubensbekenntnis,4.58
Schröder - Gute Nacht,"""Schröder, Rudolf Alexander""",Gute Nacht,4.42
Schröder - Hamburger Ode,"""Schröder, Rudolf Alexander""",Hamburger Ode,4.80
Schröder - Heimkehr an den Bodensee,"""Schröder, Rudolf Alexander""",Heimkehr an den Bodensee,4.80
Schröder - Herz im Herzen,"""Schröder, Rudolf Alexander""",Herz im Herzen,4.16
Schröder - Hirtenbotschaft,"""Schröder, Rudolf Alexander""",Hirtenbotschaft,7.4
Schröder - Horazische Ode,"""Schröder, Rudolf Alexander""",Horazische Ode,4.111
Schröder - Im Altjahrsgarten,"""Schröder, Rudolf Alexander""",Im Altjahrsgarten,4.23
Schröder - Im Gedenken an eine,"""Schröder, Rudolf Alexander""",Im Gedenken an eine,4.80
Schröder - Im halben Eise,"""Schröder, Rudolf Alexander""",Im halben Eise,4.29
Schröder - In jedem Bilde,"""Schröder, Rudolf Alexander""",In jedem Bilde,4.7
Schröder - Jahrlied,"""Schröder, Rudolf Alexander""",Jahrlied,8.6
Schröder - Johannisnacht,"""Schröder, Rudolf Alexander""",Johannisnacht,4.14
Schröder - Kein Raum in der Herberge,"""Schröder, Rudolf Alexander""",Kein Raum in der Herberge,4.31
Schröder - Kinder des Lichts,"""Schröder, Rudolf Alexander""",Kinder des Lichts,8.4
Schröder - Kirchgebet,"""Schröder, Rudolf Alexander""",Kirchgebet,6.7
Schröder - Komm,"""Schröder, Rudolf Alexander""",Komm,4.23
Schröder - Kreuz und Krippe,"""Schröder, Rudolf Alexander""",Kreuz und Krippe,4.31
Schröder - Lebenslauf,"""Schröder, Rudolf Alexander""",Lebenslauf,4.43
Schröder - Lobgesang,"""Schröder, Rudolf Alexander""",Lobgesang,8.7
Schröder - März-Ode,"""Schröder, Rudolf Alexander""",März-Ode,4.111
Schröder - Media vita,"""Schröder, Rudolf Alexander""",Media vita,4.20
Schröder - Mit Leib und Blut,"""Schröder, Rudolf Alexander""",Mit Leib und Blut,4.34
Schröder - Mond und Sonne,"""Schröder, Rudolf Alexander""",Mond und Sonne,4.41
Schröder - Mühlenthal,"""Schröder, Rudolf Alexander""",Mühlenthal,4.36
Schröder - Nachhall,"""Schröder, Rudolf Alexander""",Nachhall,4.80
Schröder - Nachklang,"""Schröder, Rudolf Alexander""",Nachklang,4.6
Schröder - Nur Du,"""Schröder, Rudolf Alexander""",Nur Du,4.20
Schröder - Pfingsten,"""Schröder, Rudolf Alexander""",Pfingsten,5.9
Schröder - Reddas incolumen,"""Schröder, Rudolf Alexander""",Reddas incolumen,4.15
Schröder - Regenlied,"""Schröder, Rudolf Alexander""",Regenlied,4.65
Schröder - Sapphische Oden,"""Schröder, Rudolf Alexander""",Sapphische Oden,4.81
"Schröder - Schönes Jahr, selig Jahr","""Schröder, Rudolf Alexander""","Schönes Jahr, selig Jahr",4.33
Schröder - Schotteck,"""Schröder, Rudolf Alexander""",Schotteck,4.70
Schröder - So läuft der Kreis,"""Schröder, Rudolf Alexander""",So läuft der Kreis,2.5
Schröder - So wenig Wege sind,"""Schröder, Rudolf Alexander""",So wenig Wege sind,4.17
Schröder - Tag für Tag,"""Schröder, Rudolf Alexander""",Tag für Tag,"4.17,5.1"
Schröder - Tarda necessitas,"""Schröder, Rudolf Alexander""",Tarda necessitas,4.106
Schröder - Von ungefähr,"""Schröder, Rudolf Alexander""",Von ungefähr,4.3
Schröder - Vor Tag und Tau,"""Schröder, Rudolf Alexander""",Vor Tag und Tau,4.3
Schröder - Vorm Einschlafen,"""Schröder, Rudolf Alexander""",Vorm Einschlafen,6.19
Schröder - Weihnacht,"""Schröder, Rudolf Alexander""",Weihnacht,4.34
Schröder - Wenn der Abend kommt,"""Schröder, Rudolf Alexander""",Wenn der Abend kommt,4.30
Schröder - Wir haben einen Stern gesehen,"""Schröder, Rudolf Alexander""",Wir haben einen Stern gesehen,8.13
Schubart - Abendlied,"""Schubart, Christian Friedrich Daniel""",Abendlied,6.9
Schubart - Abendlied eines Gefangenen,"""Schubart, Christian Friedrich Daniel""",Abendlied eines Gefangenen,6.9
Schubart - Alles ist euer,"""Schubart, Christian Friedrich Daniel""",Alles ist euer,5.13
Schubart - Am heiligen Pfingstfeste,"""Schubart, Christian Friedrich Daniel""",Am heiligen Pfingstfeste,6.33
Schubart - An Amalia,"""Schubart, Christian Friedrich Daniel""",An Amalia,4.62
Schubart - An den Mond,"""Schubart, Christian Friedrich Daniel""",An den Mond,4.20
Schubart - An einem Kommuniontage,"""Schubart, Christian Friedrich Daniel""",An einem Kommuniontage,6.29
Schubart - An General von Bouwinghausen,"""Schubart, Christian Friedrich Daniel""",An General von Bouwinghausen,4.86
Schubart - An Kronos,"""Schubart, Christian Friedrich Daniel""",An Kronos,4.93
Schubart - An Lischen. Schwäbisches Bauernlied,"""Schubart, Christian Friedrich Daniel""",An Lischen. Schwäbisches Bauernlied,4.31
Schubart - An mein Vaterland,"""Schubart, Christian Friedrich Daniel""",An mein Vaterland,5.3
Schubart - An meine Gattin,"""Schubart, Christian Friedrich Daniel""",An meine Gattin,4.67
Schubart - An Prinz Ferdinand von,"""Schubart, Christian Friedrich Daniel""",An Prinz Ferdinand von,4.106
Schubart - An Sibyliehen,"""Schubart, Christian Friedrich Daniel""",An Sibyliehen,4.31
Schubart - Auf die Leiche eines Regenten,"""Schubart, Christian Friedrich Daniel""",Auf die Leiche eines Regenten,8.27
Schubart - Bitte,"""Schubart, Christian Friedrich Daniel""",Bitte,4.51
Schubart - Bußklage,"""Schubart, Christian Friedrich Daniel""",Bußklage,4.58
Schubart - Das Schwabenmädchen,"""Schubart, Christian Friedrich Daniel""",Das Schwabenmädchen,4.20
Schubart - Das schwangere Mädchen,"""Schubart, Christian Friedrich Daniel""",Das schwangere Mädchen,4.51
Schubart - Das Weltgericht,"""Schubart, Christian Friedrich Daniel""",Das Weltgericht,8.13
Schubart - Demut,"""Schubart, Christian Friedrich Daniel""",Demut,5.8
Schubart - Der Bettelsoldat,"""Schubart, Christian Friedrich Daniel""",Der Bettelsoldat,4.20
Schubart - Der Frommen Wiedersehn,"""Schubart, Christian Friedrich Daniel""",Der Frommen Wiedersehn,7.7
Schubart - Der Gefangene,"""Schubart, Christian Friedrich Daniel""",Der Gefangene,4.36
Schubart - Der kalte Michel,"""Schubart, Christian Friedrich Daniel""",Der kalte Michel,5.2
Schubart - Der Leichenzug,"""Schubart, Christian Friedrich Daniel""",Der Leichenzug,8.25
Schubart - Der Provisor,"""Schubart, Christian Friedrich Daniel""",Der Provisor,8.12
Schubart - Der Tod des Sünders,"""Schubart, Christian Friedrich Daniel""",Der Tod des Sünders,8.18
Schubart - Der Tod einer jungen Christin,"""Schubart, Christian Friedrich Daniel""",Der Tod einer jungen Christin,8.12
Schubart - Die Aussicht,"""Schubart, Christian Friedrich Daniel""",Die Aussicht,6.41
Schubart - Die Forelle,"""Schubart, Christian Friedrich Daniel""",Die Forelle,8.7
Schubart - Die Fürstengruft,"""Schubart, Christian Friedrich Daniel""",Die Fürstengruft,4.77
Schubart - Die Unsterblichkeit der Seele,"""Schubart, Christian Friedrich Daniel""",Die Unsterblichkeit der Seele,7.7
Schubart - Die Zärtlichkeit,"""Schubart, Christian Friedrich Daniel""",Die Zärtlichkeit,6.27
Schubart - Ein Blick auf die Welt,"""Schubart, Christian Friedrich Daniel""",Ein Blick auf die Welt,6.38
Schubart - Erstickter Preisgesang,"""Schubart, Christian Friedrich Daniel""",Erstickter Preisgesang,8.26
Schubart - Flehen an den heiligen Geist,"""Schubart, Christian Friedrich Daniel""",Flehen an den heiligen Geist,8.27
Schubart - Fluch des Vatermörders,"""Schubart, Christian Friedrich Daniel""",Fluch des Vatermörders,5.4
Schubart - Frühlingslied eines Greisen,"""Schubart, Christian Friedrich Daniel""",Frühlingslied eines Greisen,4.49
Schubart - Für den Trupp,"""Schubart, Christian Friedrich Daniel""",Für den Trupp,4.62
Schubart - Hiobsklage und Trost,"""Schubart, Christian Friedrich Daniel""",Hiobsklage und Trost,6.38
Schubart - Jägerlied,"""Schubart, Christian Friedrich Daniel""",Jägerlied,8.14
"Schubart - Kaplied (Auf, auf! ihr Brüder und seid stark)","""Schubart, Christian Friedrich Daniel""","Kaplied (Auf, auf! ihr Brüder und seid stark)",5.3
Schubart - Klage,"""Schubart, Christian Friedrich Daniel""",Klage,4.64
Schubart - Lisel an Michel,"""Schubart, Christian Friedrich Daniel""",Lisel an Michel,4.36
Schubart - Lottens Wiegenfest (Die du mit rosigem Finger),"""Schubart, Christian Friedrich Daniel""",Lottens Wiegenfest (Die du mit rosigem Finger),8.3
Schubart - Mars an die Welt,"""Schubart, Christian Friedrich Daniel""",Mars an die Welt,4.69
Schubart - Mein letztes Wort an Regina,"""Schubart, Christian Friedrich Daniel""",Mein letztes Wort an Regina,6.41
Schubart - Meinem Erlöser,"""Schubart, Christian Friedrich Daniel""",Meinem Erlöser,4.77
Schubart - Michel an Lisel,"""Schubart, Christian Friedrich Daniel""",Michel an Lisel,6.15
Schubart - Minchen beim Grabe ihrer,"""Schubart, Christian Friedrich Daniel""",Minchen beim Grabe ihrer,4.36
Schubart - Morgengesang,"""Schubart, Christian Friedrich Daniel""",Morgengesang,6.27
Schubart - Morgenlied eines Handwerksmanns,"""Schubart, Christian Friedrich Daniel""",Morgenlied eines Handwerksmanns,4.49
Schubart - Otschakof,"""Schubart, Christian Friedrich Daniel""",Otschakof,4.70
Schubart - Preisgesang im Kerker,"""Schubart, Christian Friedrich Daniel""",Preisgesang im Kerker,8.4
Schubart - Preußenlied,"""Schubart, Christian Friedrich Daniel""",Preußenlied,4.34
Schubart - Sabbathlied,"""Schubart, Christian Friedrich Daniel""",Sabbathlied,6.29
Schubart - Schulmeistertrost,"""Schubart, Christian Friedrich Daniel""",Schulmeistertrost,4.22
Schubart - Schwabenlied,"""Schubart, Christian Friedrich Daniel""",Schwabenlied,8.5
Schubart - Schwäbisches Bauernlied,"""Schubart, Christian Friedrich Daniel""",Schwäbisches Bauernlied,8.5
Schubart - Simeon,"""Schubart, Christian Friedrich Daniel""",Simeon,4.20
Schubart - Theon an Wilhelminen,"""Schubart, Christian Friedrich Daniel""",Theon an Wilhelminen,8.26
Schubart - Todesgedanken im Frühling,"""Schubart, Christian Friedrich Daniel""",Todesgedanken im Frühling,10.1
Schubart - Todesgedanken im Winter,"""Schubart, Christian Friedrich Daniel""",Todesgedanken im Winter,8.25
Schubart - Totengesang für Herrn Philipp,"""Schubart, Christian Friedrich Daniel""",Totengesang für Herrn Philipp,5.4
Schubart - Türkengesang,"""Schubart, Christian Friedrich Daniel""",Türkengesang,4.28
Schubart - Vertrauen auf Gottes Schutz,"""Schubart, Christian Friedrich Daniel""",Vertrauen auf Gottes Schutz,8.37
Schubart - Warnung an die Mädels,"""Schubart, Christian Friedrich Daniel""",Warnung an die Mädels,5.3
Schubart - Weimars Lebensfest,"""Schubart, Christian Friedrich Daniel""",Weimars Lebensfest,4.93
"Schubart - Wer bist du denn, der Meer und Land","""Schubart, Christian Friedrich Daniel""","Wer bist du denn, der Meer und Land",8.30
Schubart - Winterlied eines schwäbischen,"""Schubart, Christian Friedrich Daniel""",Winterlied eines schwäbischen,4.44
Schulz - Jägerlied,"""Schulz, Johann Gottlieb""",Jägerlied,8.14
"Schupp - Ach Herr, daß ich deine Gabe","""Schupp, Johann Balthasar""","Ach Herr, daß ich deine Gabe",8.28
"Schupp - Ach Jammer, Not und Herzeleid","""Schupp, Johann Balthasar""","Ach Jammer, Not und Herzeleid",4.58
"Schupp - Gedenke meiner, Jesu Christ","""Schupp, Johann Balthasar""","Gedenke meiner, Jesu Christ",8.31
Schupp - O heilige Dreieinigkeit,"""Schupp, Johann Balthasar""",O heilige Dreieinigkeit,7.7
"Schupp - Weg, weg mit dir, du schnöde Welt","""Schupp, Johann Balthasar""","Weg, weg mit dir, du schnöde Welt",6.19
Schütt - Abschied,"""Schütt, Bodo""",Abschied,5.16
"Schütz - Wie sanft, mein Kleinod, dich der Schlaf umhüllet","""Schütz, Christian Wilhelm""","Wie sanft, mein Kleinod, dich der Schlaf umhüllet",6.48
Schwab - Allgegenwart der Geliebten,"""Schwab, Gustav""",Allgegenwart der Geliebten,8.15
Schwab - Am 17. Februar 1815,"""Schwab, Gustav""",Am 17. Februar 1815,6.9
Schwab - An die Geliebte,"""Schwab, Gustav""",An die Geliebte,8.37
Schwab - An die Wände einer Bergkapelle angeschrieben,"""Schwab, Gustav""",An die Wände einer Bergkapelle angeschrieben,8.40
Schwab - An einem Sonnentage,"""Schwab, Gustav""",An einem Sonnentage,8.45
Schwab - An einen Freund,"""Schwab, Gustav""",An einen Freund,4.67
Schwab - An Fouqué,"""Schwab, Gustav""",An Fouqué,4.49
Schwab - An Goethe. Zur achtzigsten Feier seines Geburtstags,"""Schwab, Gustav""",An Goethe. Zur achtzigsten Feier seines Geburtstags,8.13
Schwab - An Ludwig Uhland den Abgeordneten,"""Schwab, Gustav""",An Ludwig Uhland den Abgeordneten,6.7
Schwab - An seine Majestät den König von Württemberg bei der Verfassungsfeier 1819,"""Schwab, Gustav""",An seine Majestät den König von Württemberg bei der Verfassungsfeier 1819,6.30
Schwab - Auf ein Paar gestickte Rosen,"""Schwab, Gustav""",Auf ein Paar gestickte Rosen,4.67
Schwab - Blutrache,"""Schwab, Gustav""",Blutrache,4.36
Schwab - Das Mahl zu Heidelberg,"""Schwab, Gustav""",Das Mahl zu Heidelberg,8.7
Schwab - Das Neckartal bei Canstatt,"""Schwab, Gustav""",Das Neckartal bei Canstatt,4.45
Schwab - Das Opfer,"""Schwab, Gustav""",Das Opfer,4.114
Schwab - Das Wort der Liebe,"""Schwab, Gustav""",Das Wort der Liebe,6.7
Schwab - Der Bau des Reissensteins,"""Schwab, Gustav""",Der Bau des Reissensteins,4.42
Schwab - Der Gant,"""Schwab, Gustav""",Der Gant,4.70
Schwab - Der Graf von Aichelberg,"""Schwab, Gustav""",Der Graf von Aichelberg,4.60
Schwab - Der Hirte von Teinach,"""Schwab, Gustav""",Der Hirte von Teinach,8.7
Schwab - Der Kellergeist,"""Schwab, Gustav""",Der Kellergeist,4.34
Schwab - Der Köhler,"""Schwab, Gustav""",Der Köhler,4.16
Schwab - Der Möringer,"""Schwab, Gustav""",Der Möringer,4.122
Schwab - Der neue Staufenritter,"""Schwab, Gustav""",Der neue Staufenritter,8.37
Schwab - Der Reiter und der Bodensee,"""Schwab, Gustav""",Der Reiter und der Bodensee,2.5
Schwab - Der Riese von Marbach,"""Schwab, Gustav""",Der Riese von Marbach,7.7
Schwab - Der Todesklang,"""Schwab, Gustav""",Der Todesklang,4.20
Schwab - Der Vogt von Hornberg,"""Schwab, Gustav""",Der Vogt von Hornberg,8.10
Schwab - Der Wunsch,"""Schwab, Gustav""",Der Wunsch,6.50
Schwab - Des Fremden Königreich,"""Schwab, Gustav""",Des Fremden Königreich,4.39
Schwab - Die Achalm,"""Schwab, Gustav""",Die Achalm,4.34
Schwab - Die Alb,"""Schwab, Gustav""",Die Alb,4.36
Schwab - Die Böhmenkönigin in Schwaben,"""Schwab, Gustav""",Die Böhmenkönigin in Schwaben,"11.1,11.1b"
Schwab - Die Glocke vom Wunnenstein,"""Schwab, Gustav""",Die Glocke vom Wunnenstein,4.114
Schwab - Die Maid von Bodman,"""Schwab, Gustav""",Die Maid von Bodman,7.3
Schwab - Die Tübinger Schloßlinde,"""Schwab, Gustav""",Die Tübinger Schloßlinde,4.49
Schwab - Eberhard der Gütige,"""Schwab, Gustav""",Eberhard der Gütige,6.19
Schwab - Ein Flüchtling,"""Schwab, Gustav""",Ein Flüchtling,8.37
Schwab - Ein Kirchenbesuch in Stockholm,"""Schwab, Gustav""",Ein Kirchenbesuch in Stockholm,4.117
Schwab - Ein Kranz,"""Schwab, Gustav""",Ein Kranz,4.43
Schwab - Elsbeth von Calw,"""Schwab, Gustav""",Elsbeth von Calw,4.63
Schwab - Frühlingsmorgenlied,"""Schwab, Gustav""",Frühlingsmorgenlied,4.31
Schwab - Gesellschaftslied auf dem Bodensee,"""Schwab, Gustav""",Gesellschaftslied auf dem Bodensee,4.76
Schwab - Graf Gero von Montfort,"""Schwab, Gustav""",Graf Gero von Montfort,6.15
Schwab - Griechenlands Hoffnung,"""Schwab, Gustav""",Griechenlands Hoffnung,6.39
Schwab - Hans Koch von Ebingen,"""Schwab, Gustav""",Hans Koch von Ebingen,7.7
Schwab - Heimweh,"""Schwab, Gustav""",Heimweh,4.34
Schwab - Im kupfernen Kessel von Bodman zu singen,"""Schwab, Gustav""",Im kupfernen Kessel von Bodman zu singen,4.62
Schwab - Im Tempel,"""Schwab, Gustav""",Im Tempel,8.48
Schwab - Kaiser Heinrich,"""Schwab, Gustav""",Kaiser Heinrich,8.26
Schwab - Kaiser Heinrichs Waffenweihe,"""Schwab, Gustav""",Kaiser Heinrichs Waffenweihe,6.35
Schwab - Konradin,"""Schwab, Gustav""",Konradin,4.67
Schwab - Legende von den heiligen drei Königen. In zwölf Romanzen,"""Schwab, Gustav""",Legende von den heiligen drei Königen. In zwölf Romanzen,8.37
Schwab - Liebe im Winter,"""Schwab, Gustav""",Liebe im Winter,8.46
Schwab - Liebesmorgen,"""Schwab, Gustav""",Liebesmorgen,8.47
Schwab - Lied im Norden,"""Schwab, Gustav""",Lied im Norden,5.8
Schwab - Nachruf an August Mayer,"""Schwab, Gustav""",Nachruf an August Mayer,6.39
Schwab - Nachruf an Wilhelm Hauff,"""Schwab, Gustav""",Nachruf an Wilhelm Hauff,8.43
Schwab - Nachruf an Wilhelm Müller,"""Schwab, Gustav""",Nachruf an Wilhelm Müller,4.67
Schwab - Prolog gesprochen in einem Concerte für Schleswig-Holstein,"""Schwab, Gustav""",Prolog gesprochen in einem Concerte für Schleswig-Holstein,10.9
Schwab - Prolog. Gesprochen im Stuttgarter Liederhause,"""Schwab, Gustav""",Prolog. Gesprochen im Stuttgarter Liederhause,8.47
Schwab - Romanzen aus dem Jugendleben des Herzogs Christoph,"""Schwab, Gustav""",Romanzen aus dem Jugendleben des Herzogs Christoph,4.114
Schwab - Rückblick,"""Schwab, Gustav""",Rückblick,7.2
Schwab - Schloß Lichtenstein,"""Schwab, Gustav""",Schloß Lichtenstein,4.58
Schwab - Zueignung des Tübinger >Neuen allgemein deutschen Commers- und Liederbuchs< von 1815,"""Schwab, Gustav""",Zueignung des Tübinger >Neuen allgemein deutschen Commers- und Liederbuchs von 1815,8.47
Schwab - Zum 18. Oktober 1814,"""Schwab, Gustav""",Zum 18. Oktober 1814,4.67
Schwab - Zur Todesfeier der verewigten Königin Katharina von Württemberg,"""Schwab, Gustav""",Zur Todesfeier der verewigten  Königin Katharina von Württemberg,8.48
"Schwarz, J.L. - Die Abendwinde wehen","""Schwarz, Johann Ludwig""",Die Abendwinde wehen,8.7
"Schwarz, S. - Ach daß mein Haupt voll Tränen","""Schwarz, Sibylla""",Ach daß mein Haupt voll Tränen,6.7
"Schwarzburg-Rudolstadt - Wer weiß, wie nahe mir mein Ende","""Schwarzburg-Rudolstadt, Ämilie Juliane""","Wer weiß, wie nahe mir mein Ende",6.38
Schwieger - Cynthia du schönstes Licht,"""Schwieger, Jacob""",Cynthia du schönstes Licht,4.42
Schwieger - Du still- und treu-verschwiegne Nacht,"""Schwieger, Jacob""",Du still- und treu-verschwiegne Nacht,6.35
Schwieger - Nacht-Lied,"""Schwieger, Jacob""",Nacht-Lied,4.42
Schwieger - Nun mein Verlangen geh herfür,"""Schwieger, Jacob""",Nun mein Verlangen geh herfür,6.36
Schwieger - So ist der edle Schäferorden,"""Schwieger, Jacob""",So ist der edle Schäferorden,6.39
Schwindrazheim - Auf den Tod einer Frau,"""Schwindrazheim, Johann Ulrich""",Auf den Tod einer Frau,4.86
Schwindrazheim - Zur Hochzeit eines Rittmeisters im Namen der sämtlichen Rittmeister und Leutnants des Regiments,"""Schwindrazheim, Johann Ulrich""",Zur Hochzeit eines Rittmeisters im Namen der sämtlichen Rittmeister und Leutnants des Regiments,7.7
Seckendorff - Am letzten Tage des Jahres,"""Seckendorff, Karl Siegmund von""",Am letzten Tage des Jahres,8.8
Segelbach - O Frühling meines Lebens,"""Segelbach, Christian""",O Frühling meines Lebens,8.9
"Seidel, H. - Am Abend","""Seidel, Heinrich""",Am Abend,2.4
"Seidel, H. - Das Rotkehlchen","""Seidel, Heinrich""",Das Rotkehlchen,4.31
"Seidel, H. - Der Gimpel","""Seidel, Heinrich""",Der Gimpel,5.16
"Seidel, H. - Die Hoffnung","""Seidel, Heinrich""",Die Hoffnung,4.107
"Seidel, H. - Die Träume","""Seidel, Heinrich""",Die Träume,6.15
"Seidel, H. - Fortunat","""Seidel, Heinrich""",Fortunat,5.9
"Seidel, H. - Frühlingsahnung","""Seidel, Heinrich""",Frühlingsahnung,4.95
"Seidel, H. - Lorbeer und Epheu","""Seidel, Heinrich""",Lorbeer und Epheu,6.46
"Seidel, H. - Schnelle Blüte","""Seidel, Heinrich""",Schnelle Blüte,6.21
"Seidel, H. - Steinkohlenlied","""Seidel, Heinrich""",Steinkohlenlied,8.8
"Seidel, H. - Ziel des Leidens","""Seidel, Heinrich""",Ziel des Leidens,7.0
"Seidel, I. - Auf eine Pflanze","""Seidel, Ina""",Auf eine Pflanze,4.105
"Seidel, I. - Der einfältige Reiche","""Seidel, Ina""",Der einfältige Reiche,5.14
"Seidel, I. - Der Menschenfresser","""Seidel, Ina""",Der Menschenfresser,8.26
"Seidel, I. - Der Ruf","""Seidel, Ina""",Der Ruf,4.112
"Seidel, I. - Der sterbende Tänzer","""Seidel, Ina""",Der sterbende Tänzer,8.29
"Seidel, I. - Die Frage","""Seidel, Ina""",Die Frage,4.110
"Seidel, I. - Die jungen Lieder","""Seidel, Ina""",Die jungen Lieder,8.14
"Seidel, I. - Die tröstliche Begegnung","""Seidel, Ina""",Die tröstliche Begegnung,6.43
"Seidel, I. - Die Undankbaren","""Seidel, Ina""",Die Undankbaren,8.26
"Seidel, I. - Ehe","""Seidel, Ina""",Ehe,4.10
"Seidel, I. - Einklang","""Seidel, Ina""",Einklang,4.101
"Seidel, I. - Einsamer Abend","""Seidel, Ina""",Einsamer Abend,4.21
"Seidel, I. - Graue Tage","""Seidel, Ina""",Graue Tage,6.48
"Seidel, I. - Herbstfahrt","""Seidel, Ina""",Herbstfahrt,6.48
"Seidel, I. - Herbstritornelle","""Seidel, Ina""",Herbstritornelle,3.1
"Seidel, I. - Kleines Abendlied","""Seidel, Ina""",Kleines Abendlied,4.27
"Seidel, I. - Kohlenlied","""Seidel, Ina""",Kohlenlied,8.20
"Seidel, I. - Kormoran","""Seidel, Ina""",Kormoran,8.26
"Seidel, I. - Mütter und Töchter","""Seidel, Ina""",Mütter und Töchter,2.7
"Seidel, I. - Nachtgott 1","""Seidel, Ina""",Nachtgott 1,5.12
"Seidel, I. - Phlox","""Seidel, Ina""",Phlox,4.113
"Seidel, I. - Pilger","""Seidel, Ina""",Pilger,8.26
"Seidel, I. - Regenballade","""Seidel, Ina""",Regenballade,8.31
"Seidel, I. - Reise ans Meer 1","""Seidel, Ina""",Reise ans Meer 1,4.94
"Seidel, I. - Schmerzensreich unter den","""Seidel, Ina""",Schmerzensreich unter den,8.31
"Seidel, I. - Sonnentänzer","""Seidel, Ina""",Sonnentänzer,8.26
"Seidel, I. - Stadt an der Ostsee","""Seidel, Ina""",Stadt an der Ostsee,4.113
"Seidel, I. - Strophen an die Heimat","""Seidel, Ina""",Strophen an die Heimat,8.48
"Seidel, I. - Traurige Fahrt","""Seidel, Ina""",Traurige Fahrt,4.34
"Seidel, I. - Unter dem Abendstern","""Seidel, Ina""",Unter dem Abendstern,4.14
"Seidel, I. - Vor der Ausfahrt","""Seidel, Ina""",Vor der Ausfahrt,4.103
"Seidel, I. - Waldarbeiter","""Seidel, Ina""",Waldarbeiter,4.100
"Seidel, I. - Weltinnigkeit","""Seidel, Ina""",Weltinnigkeit,4.43
"Seidel, J.F. - Abendgesang","""Seidel, Johann Friedrich""",Abendgesang,6.9
"Seidel, J.F. - Das Glück der Ehe","""Seidel, Johann Friedrich""",Das Glück der Ehe,6.13
Selnecker - Ach Gott im höchsten Throne,"""Selnecker, Nikolaus""",Ach Gott im höchsten Throne,7.2
Selnecker - Bei Gott ist Hülf in aller Not,"""Selnecker, Nikolaus""",Bei Gott ist Hülf in aller Not,4.58
Selnecker - Ein Knab von einer Jungfrau zart,"""Selnecker, Nikolaus""",Ein Knab von einer Jungfrau zart,10.7
"Selnecker - Herr Jesu, hilf, denn es ist Zeit","""Selnecker, Nikolaus""","Herr Jesu, hilf, denn es ist Zeit",6.19
Selnecker - Ich stund an einem Morgen,"""Selnecker, Nikolaus""",Ich stund an einem Morgen,7.3
"Selnecker - Wohl dem, der lebt in Gottesfurcht","""Selnecker, Nikolaus""","Wohl dem, der lebt in Gottesfurcht",4.58
"Selnecker - Wohl dem, der nicht wandelt im Rat","""Selnecker, Nikolaus""","Wohl dem, der nicht wandelt im Rat",8.15
Senf - An die Freude,"""Senf, Heinrich Christian Ludwig""",An die Freude,8.26
Senf - An Minna,"""Senf, Heinrich Christian Ludwig""",An Minna,8.26
Seume - Abendlied,"""Seume, Johann Gottfried""",Abendlied,4.58
Seume - Am Grabe meines Freundes,"""Seume, Johann Gottfried""",Am Grabe meines Freundes,4.93
Seume - An das deutsche Volk,"""Seume, Johann Gottfried""",An das deutsche Volk,6.41
Seume - An Klopstock,"""Seume, Johann Gottfried""",An Klopstock,4.80
Seume - Armyns Klagen an Kirmar,"""Seume, Johann Gottfried""",Armyns Klagen an Kirmar,4.92
Seume - Den Manen Gleims,"""Seume, Johann Gottfried""",Den Manen Gleims,4.78
Seume - Der Maimorgen,"""Seume, Johann Gottfried""",Der Maimorgen,4.79
Seume - Die Beterin,"""Seume, Johann Gottfried""",Die Beterin,4.96
Seume - Die Gesänge,"""Seume, Johann Gottfried""",Die Gesänge,4.92
Seume - Elegie auf einem Feste zu,"""Seume, Johann Gottfried""",Elegie auf einem Feste zu,4.93
Seume - Gang auf dem Kirchhofe,"""Seume, Johann Gottfried""",Gang auf dem Kirchhofe,4.93
Seume - Lebenslauf Jeremias Bunkels,"""Seume, Johann Gottfried""",Lebenslauf Jeremias Bunkels,7.7
Seume - Mein Geburtstag,"""Seume, Johann Gottfried""",Mein Geburtstag,4.96
Seume - Morgenlied,"""Seume, Johann Gottfried""",Morgenlied,7.7
Seume - Nach dem Regen,"""Seume, Johann Gottfried""",Nach dem Regen,6.8
Seume - Ruhe,"""Seume, Johann Gottfried""",Ruhe,4.42
Seume - Schwermut,"""Seume, Johann Gottfried""",Schwermut,6.41
Seume - Wallfahrt nach der Heimat,"""Seume, Johann Gottfried""",Wallfahrt nach der Heimat,6.8
Seume - Wider die Ordonanz,"""Seume, Johann Gottfried""",Wider die Ordonanz,4.70
Seume - Wohltat des Herzens,"""Seume, Johann Gottfried""",Wohltat des Herzens,4.101
Sieber - Merk auf mein andächtigs Flehn,"""Sieber, Justus""",Merk auf mein andächtigs Flehn,7.10
"Sieber - O Jesu, du mein Leben","""Sieber, Justus""","O Jesu, du mein Leben",4.22
Sieber - Trau auf Gott in allen Sachen,"""Sieber, Justus""",Trau auf Gott in allen Sachen,4.53
Simmler - Der kürzist Tag und längste Nacht / Den grauen Winter bringen,"""Simler, Johann Wilhelm""",Der kürzist Tag und längste Nacht / Den grauen Winter bringen,7.4
"Simmler - Jesu, wahrer Gottes Sohn","""Simler, Johann Wilhelm""","Jesu, wahrer Gottes Sohn",6.17
Simrock - Das Gnadenbild zu Marienburg,"""Simrock, Karl""",Das Gnadenbild zu Marienburg,7.7
Simrock - Der junge Veteran,"""Simrock, Karl""",Der junge Veteran,7.10
Simrock - Soll ich dich einem Frühlingstag vergleichen,"""Simrock, Karl""",Soll ich dich einem Frühlingstag vergleichen,4.106
"Sömeren - Ach, daß von der Schlangen / Eva so betört","""Sömeren, Theodor von""","Ach, daß von der Schlangen / Eva so betört",8.2
"Spangenberg, C. - Kommt her, ihr hoch betrübten Leut","""Spangenberg, Cyriacus""","Kommt her, ihr hoch betrübten Leut",6.19
"Spangenberg, C. - Nun lob mein Seel den Herren","""Spangenberg, Cyriacus""",Nun lob mein Seel den Herren,7.2
"Spangenberg, J. - Ein Kind geborn zu Bethlehem","""Spangenberg, Johann""",Ein Kind geborn zu Bethlehem,6.33
"Spangenberg, J. - Uns ist geborn ein Kindelein","""Spangenberg, Johann""",Uns ist geborn ein Kindelein,4.36
Specht - Als Jesus ging an seine Qual,"""Specht, Daniel""",Als Jesus ging an seine Qual,5.6
"Specht - Menschenkind, ach nimm zu","""Specht, Daniel""","Menschenkind, ach nimm zu",4.49
"Spee - Ach wann doch, Jesu, liebster","""Spee, Friedrich""","Ach wann doch, Jesu, liebster",10.2
"Spee - Bei stiller Nacht, zur ersten Wacht","""Spee, Friedrich""","Bei stiller Nacht, zur ersten Wacht",4.36
Spee - Da mit Peinen gar umgeben,"""Spee, Friedrich""",Da mit Peinen gar umgeben,8.26
Spee - Da nun abends in dem Garten,"""Spee, Friedrich""",Da nun abends in dem Garten,8.26
Spee - Der trübe Winter ist vorbei,"""Spee, Friedrich""",Der trübe Winter ist vorbei,10.2
Spee - Die reine Stirn der Morgenröt,"""Spee, Friedrich""",Die reine Stirn der Morgenröt,8.15
Spee - Ein Liedlein süß wollt,"""Spee, Friedrich""",Ein Liedlein süß wollt stimmen an,8.15
Spee - Gleich früh wann sich entzündet,"""Spee, Friedrich""",Gleich früh wann sich entzündet,8.7
Spee - Im grünen Wald ich neulich saß,"""Spee, Friedrich""",Im grünen Wald ich neulich saß,10.2
Spee - Mond des Himmels treib zur Weiden,"""Spee, Friedrich""",Mond des Himmels treib zur Weiden,8.26
Spee - Oft morgens in der Kühle,"""Spee, Friedrich""",Oft morgens in der Kühle,8.7
"Spee - Schau den Menschen, o du schnöde","""Spee, Friedrich""","Schau den Menschen, o du schnöde",8.26
"Spee - Schöner Damon, Zung der Hirten","""Spee, Friedrich""","Schöner Damon, Zung der Hirten",8.26
"Spee - Tu auf, tu auf, du schönes Blut","""Spee, Friedrich""","Tu auf, tu auf, du schönes Blut",8.15
Spee - Wann abends uns die braune,"""Spee, Friedrich""",Wann abends uns die braune,8.15
Spee - Wann Morgenröt / die Nacht ertöt,"""Spee, Friedrich""",Wann Morgenröt / die Nacht ertöt,6.2
Spee - Wann Morgenröt sich zieret,"""Spee, Friedrich""",Wann Morgenröt sich zieret,8.7
Spengler - Durch Adams Fall ist ganz verderbt,"""Spengler, Lazarus""",Durch Adams Fall ist ganz verderbt,10.2
Speratus - Es ist das Heil uns kommen her,"""Speratus, Paulus""",Es ist das Heil uns kommen her,7.7
"Spitta - Bei dir, Jesu, will ich bleiben","""Spitta, Philipp""","Bei dir, Jesu, will ich bleiben",8.26
Spitta - Ich steh in meines Herren,"""Spitta, Philipp""",Ich steh in meines Herren,7.7
"Spitta - Kommt her, des Königs Aufgebot","""Spitta, Philipp""","Kommt her, des Königs Aufgebot",9.2
"Spitta - O komm, du Geist der Wahrheit","""Spitta, Philipp""","O komm, du Geist der Wahrheit",8.7
Spitteler - Auf der Milch- und Honigwiese,"""Spitteler, Carl""",Auf der Milch- und Honigwiese,4.75
Spitteler - Camillus Triumphator,"""Spitteler, Carl""",Camillus Triumphator,2.15
Spitteler - Cäsars Abbild Cäsars Vorbild,"""Spitteler, Carl""",Cäsars Abbild Cäsars Vorbild,2.12
Spitteler - Cyrus' Ende,"""Spitteler, Carl""",Cyrus' Ende,2.12
Spitteler - Das bescheidene Wünschlein,"""Spitteler, Carl""",Das bescheidene Wünschlein,8.29
Spitteler - Das blinde Huhn,"""Spitteler, Carl""",Das blinde Huhn,4.107
Spitteler - Das Dämchen,"""Spitteler, Carl""",Das Dämchen,6.19
Spitteler - Der Adler in der Tanzstunde,"""Spitteler, Carl""",Der Adler in der Tanzstunde,2.14
Spitteler - Der blaue Wunderkranich,"""Spitteler, Carl""",Der blaue Wunderkranich,2.14
Spitteler - Der Dichterfürst,"""Spitteler, Carl""",Der Dichterfürst,2.13
Spitteler - Der Flößer,"""Spitteler, Carl""",Der Flößer,2.15
Spitteler - Der Gotenknecht,"""Spitteler, Carl""",Der Gotenknecht,4.58
Spitteler - Der Quell,"""Spitteler, Carl""",Der Quell,2.13
Spitteler - Der Swinegel und der Hase,"""Spitteler, Carl""",Der Swinegel und der Hase,2.14
Spitteler - Des Kalifen Inkognito,"""Spitteler, Carl""",Des Kalifen Inkognito,4.99
Spitteler - Die drei Rekruten,"""Spitteler, Carl""",Die drei Rekruten,4.37
Spitteler - Die Glocken des Kaisers,"""Spitteler, Carl""",Die Glocken des Kaisers,4.51
Spitteler - Die Glockenjungfern,"""Spitteler, Carl""",Die Glockenjungfern,6.11
Spitteler - Die Schneekönigin,"""Spitteler, Carl""",Die Schneekönigin,2.15
Spitteler - Die tote Erde,"""Spitteler, Carl""",Die tote Erde,6.20
Spitteler - Die Zwerge Salomo,"""Spitteler, Carl""",Die Zwerge Salomo,2.14
Spitteler - Kronos und der Greis,"""Spitteler, Carl""",Kronos und der Greis,6.45
Spitteler - Parysatis,"""Spitteler, Carl""",Parysatis,2.16
Spitteler - Thema,"""Spitteler, Carl""",Thema,6.21
Spitteler - Trotz Allmend,"""Spitteler, Carl""",Trotz Allmend,2.9
Spitteler - Verschiedenes Erwachen,"""Spitteler, Carl""",Verschiedenes Erwachen,6.21
Stach - Der Erstgeborne / erscheinet,"""Stach, Matthäus""",Der Erstgeborne / erscheinet,4.80
"Stackmann - Kommt, ihr Christen,","""Stackmann, Ernst""","Kommt, ihr Christen,",6.32
Stadler - Das Mädchen,"""Stadler, Ernst""",Das Mädchen,3.7
Stadler - Erwachen,"""Stadler, Ernst""",Erwachen,4.67
Stadler - Frühe Dämmerung,"""Stadler, Ernst""",Frühe Dämmerung,3.7
Stadler - Gang im Schnee,"""Stadler, Ernst""",Gang im Schnee,4.117
Stadler - Semiramis,"""Stadler, Ernst""",Semiramis,3.7
Stadler - Sicherung,"""Stadler, Ernst""",Sicherung,4.109
Stadler - Untergang,"""Stadler, Ernst""",Untergang,4.110
Stamford - Ständchen,"""Stamford, Heinrich Wilhelm""",Ständchen,6.13
Stäudlin - Das Kraftgenie,"""Stäudlin, Gotthold Friedrich""",Das Kraftgenie,4.58
Stäudlin - Die Missetäterin an ihren,"""Stäudlin, Gotthold Friedrich""",Die Missetäterin an ihren,4.20
"Stäudlin - Seltha, die Kindermörderin","""Stäudlin, Gotthold Friedrich""","Seltha, die Kindermörderin",6.19
"Stegmann - Ach bleib bei uns, Herr Jesu Christ","""Stegmann, Josua""","Ach bleib bei uns, Herr Jesu Christ",11.1
Stegmann - Ach bleib mit deiner Gnade,"""Stegmann, Josua""",Ach bleib mit deiner Gnade,4.20
Stegmann - So wünsch ich nun ein gute Nacht,"""Stegmann, Josua""",So wünsch ich nun ein gute Nacht,7.4
Stehr - Abend,"""Stehr, Hermann""",Abend,4.102
Stehr - Abendlied des Titanen,"""Stehr, Hermann""",Abendlied des Titanen,4.37
Stehr - Alternde Frau,"""Stehr, Hermann""",Alternde Frau,4.100
Stehr - Am Schloßberg,"""Stehr, Hermann""",Am Schloßberg,6.15
Stehr - An Deutschlands Volk und,"""Stehr, Hermann""",An Deutschlands Volk und,4.64
Stehr - An einen hochbetagten Greis,"""Stehr, Hermann""",An einen hochbetagten Greis,4.71
Stehr - An Spartakus,"""Stehr, Hermann""",An Spartakus,6.44
Stehr - Aus tiefer Bangnis,"""Stehr, Hermann""",Aus tiefer Bangnis,6.2
Stehr - Einsicht und Befestigung,"""Stehr, Hermann""",Einsicht und Befestigung,4.68
Stehr - Ermunterung,"""Stehr, Hermann""",Ermunterung,4.54
Stehr - Gedanken über des Sintlingers Schicksal,"""Stehr, Hermann""",Gedanken über des Sintlingers Schicksal,6.45
Stehr - Kreisellied,"""Stehr, Hermann""",Kreisellied,4.62
Stehr - Laotses Abschiedsgesang,"""Stehr, Hermann""",Laotses Abschiedsgesang,6.48
Stehr - Lied des Einsamen,"""Stehr, Hermann""",Lied des Einsamen,8.37
Stehr - Lied des Wanderers,"""Stehr, Hermann""",Lied des Wanderers,4.68
Stehr - Mein Herz,"""Stehr, Hermann""",Mein Herz,4.102
Stehr - Ohne Rast,"""Stehr, Hermann""",Ohne Rast,4.36
Stehr - Späte Verirrung,"""Stehr, Hermann""",Späte Verirrung,4.114
Stehr - Spätes Liebeslied,"""Stehr, Hermann""",Spätes Liebeslied,4.24
Stehr - Trost im Weltkriege,"""Stehr, Hermann""",Trost im Weltkriege,6.39
Stehr - Wir zwei,"""Stehr, Hermann""",Wir zwei,4.36
Steigentesch - Erinnerung an Lyda,"""Steigentesch, August Ernst von""",Erinnerung an Lyda,4.85
Steinhofer - So find ich nichts auf dieser Erden,"""Steinhofer, Johann Jakob""",So find ich nichts auf dieser Erden,6.38
"Steinmar - Ein kneht, der lac verborgen","""Steinmar, Her""","Ein kneht, der lac verborgen",7.1
Stieler (Karl) - Der alte Brunna,"""Stieler, Karl""",Der alte Brunna,4.36
Stieler (Karl) - Die Watschen,"""Stieler, Karl""",Die Watschen,4.58
Stieler (Karl) - Dös alte Bier,"""Stieler, Karl""",Dös alte Bier,4.58
Stieler (Karl) - Kai d'Neuigkeiten,"""Stieler, Karl""",Kai d'Neuigkeiten,2.5
"Stieler (Karl) - Vom Kaspar, wo die Nam nit","""Stieler, Karl""","Vom Kaspar, wo die Nam nit",6.33
Stieler (Kaspar) - Abschiedsgedanken,"""Stieler, Kaspar""",Abschiedsgedanken,4.99
Stieler (Kaspar) - Abschiedsworte,"""Stieler, Kaspar""",Abschiedsworte,6.26
Stieler (Kaspar) - Besser ruhig lieben als mühsam kriegen,"""Stieler, Kaspar""",Besser ruhig lieben als mühsam kriegen,6.29
"Stieler (Kaspar) - Brenn, aber lindre auch","""Stieler, Kaspar""","Brenn, aber lindre auch",6.34
Stieler (Kaspar) - Das mißtrauische Alter,"""Stieler, Kaspar""",Das mißtrauische Alter,8.21
Stieler (Kaspar) - Der beste Sinn / das Fühlen,"""Stieler, Kaspar""",Der beste Sinn / das Fühlen,8.7
Stieler (Kaspar) - Ein Degen hält den andern in der Scheide,"""Stieler, Kaspar""",Ein Degen hält den andern in der Scheide,4.113
Stieler (Kaspar) - Ein jeder was ihm gefället,"""Stieler, Kaspar""",Ein jeder was ihm gefället,6.36
Stieler (Kaspar) - Frisch bei der Liebe,"""Stieler, Kaspar""",Frisch bei der Liebe,4.71
"Stieler (Kaspar) - Ist es kein Lorbeer, so sei","""Stieler, Kaspar""","Ist es kein Lorbeer, so sei",4.63
"Stieler (Kaspar) - Je dunkeler, je besser","""Stieler, Kaspar""","Je dunkeier, je besser",4.48
Stieler (Kaspar) - Klugheit verbirgt die Liebe,"""Stieler, Kaspar""",Klugheit verbirgt die Liebe,6.40
"Stieler (Kaspar) - Kränkende Hoffnung (Was hilft es uns, daß wir uns lieben)","""Stieler, Kaspar""","Kränkende Hoffnung (Was hilft es uns, daß wir uns lieben)",6.39
Stieler (Kaspar) - Liebe glaubt keinem Neide,"""Stieler, Kaspar""",Liebe glaubt keinem Neide,8.38
"Stieler (Kaspar) - Liebe, der Poeten Wetzstein","""Stieler, Kaspar""","Liebe, der Poeten Wetzstein",6.11
"Stieler (Kaspar) - Liebe, die Königin der Welt","""Stieler, Kaspar""","Liebe, die Königin der Welt",6.30
"Stieler (Kaspar) - Liebesfeuer, ewige Flammen","""Stieler, Kaspar""","Liebesfeuer, ewige Flammen",4.20
Stieler (Kaspar) - Mein Jesus ist der gute Hirte,"""Stieler, Kaspar""",Mein Jesus ist der gute Hirte,10.2
"Stieler (Kaspar) - Meinet halben, fahr immer hin","""Stieler, Kaspar""","Meinet halben, fahr immer hin",4.63
Stieler (Kaspar) - Nachtglück,"""Stieler, Kaspar""",Nachtglück,4.64
Stieler (Kaspar) - Scheiden bringt Leiden,"""Stieler, Kaspar""",Scheiden bringt Leiden,6.40
Stieler (Kaspar) - Sollt ich den Tod nicht,"""Stieler, Kaspar""",Sollt ich den Tod nicht,4.69
Stieler (Kaspar) - Über ihr Schreiben,"""Stieler, Kaspar""",Über ihr Schreiben,6.26
Stieler (Kaspar) - Um ihretwegen allein,"""Stieler, Kaspar""",Um ihretwegen allein,8.37
Stieler (Kaspar) - Urteil sonder Verstand,"""Stieler, Kaspar""",Urteil sonder Verstand,8.26
Stieler (Kaspar) - Verliebt / sinnenkrank (Dorinde hat mich erst gelehrt),"""Stieler, Kaspar""",Verliebt / sinnenkrank (Dorinde hat mich erst gelehrt),8.33
Stieler (Kaspar) - Weg mit der Eitelkeit der Welt,"""Stieler, Kaspar""",Weg mit der Eitelkeit der Welt,6.36
Stieler (Kaspar) - Wer kann was Liebes ohne Tränen missen,"""Stieler, Kaspar""",Wer kann was Liebes ohne Tränen missen,6.37
"Stöcken - Ich dank dir, Herr Gott, himmlischer Vater","""Stöcken, Christiane von""","Ich dank dir, Herr Gott, himmlischer Vater",6.47
Stockfleth - Lasset die Kindlein her zu mir,"""Stockfleth, Heinrich Arnold""",Lasset die Kindlein her zu mir,9.2
"Stockmann - Jesu Leiden, Pein und Tod","""Stockmann, Paul""","Jesu Leiden, Pein und Tod",8.13
"Stolberg, C. - An die deutsche Ratsversammlungin Wien","""Stolberg, Christian von""",An die deutsche Ratsversammlungin Wien,4.80
"Stolberg, C. - An meinen Bruder","""Stolberg, Christian von""",An meinen Bruder,4.81
"Stolberg, C. - Die Blicke","""Stolberg, Christian von""",Die Blicke,4.82
"Stolberg, C. - Elise von Mansfeld","""Stolberg, Christian von""",Elise von Mansfeld,4.34
"Stolberg, C. - Größe der Erde","""Stolberg, Christian von""",Größe der Erde,4.82
"Stolberg, C. - Lied an einen Freimaurer bei","""Stolberg, Christian von""",Lied an einen Freimaurer bei,4.67
"Stolberg, C. - Sterbelied","""Stolberg, Christian von""",Sterbelied,8.25
"Stolberg, C. - Trübsal","""Stolberg, Christian von""",Trübsal,8.25
"Stolberg, C. - Wilhelm Teil","""Stolberg, Christian von""",Wilhelm Teil,5.8
"Stolberg, F.L. - Abendlied","""Stolberg, Friedrich Leopold von""",Abendlied,8.14
"Stolberg, F.L. - Abendlied (Groß und rot entflammet schwebet)","""Stolberg, Friedrich Leopold von""",Abendlied (Groß und rot entflammet schwebet),7.9
"Stolberg, F.L. - Abendlied eines Mädchens","""Stolberg, Friedrich Leopold von""",Abendlied eines Mädchens,6.30
"Stolberg, F.L. - An den Kronprinzen von Dänemark","""Stolberg, Friedrich Leopold von""",An den Kronprinzen von Dänemark,4.80
"Stolberg, F.L. - An den Mond","""Stolberg, Friedrich Leopold von""",An den Mond,4.82
"Stolberg, F.L. - An die Natur","""Stolberg, Friedrich Leopold von""",An die Natur,4.42
"Stolberg, F.L. - An Jünglinge","""Stolberg, Friedrich Leopold von""",An Jünglinge,6.8
"Stolberg, F.L. - An Lavater","""Stolberg, Friedrich Leopold von""",An Lavater,4.80
"Stolberg, F.L. - An mein Töchterchen Maria Theresia","""Stolberg, Friedrich Leopold von""",An mein Töchterchen Maria Theresia,4.120
"Stolberg, F.L. - An meine Geschwister","""Stolberg, Friedrich Leopold von""",An meine Geschwister,8.15
"Stolberg, F.L. - Bei Homers Bild","""Stolberg, Friedrich Leopold von""",Bei Homers Bild,4.58
"Stolberg, F.L. - Daphne am Bach","""Stolberg, Friedrich Leopold von""",Daphne am Bach,8.7
"Stolberg, F.L. - Der Abend","""Stolberg, Friedrich Leopold von""",Der Abend,4.111
"Stolberg, F.L. - Der Harz","""Stolberg, Friedrich Leopold von""",Der Harz,4.111
"Stolberg, F.L. - Der Irrwisch","""Stolberg, Friedrich Leopold von""",Der Irrwisch,4.83
"Stolberg, F.L. - Der Tod","""Stolberg, Friedrich Leopold von""",Der Tod,4.82
"Stolberg, F.L. - Die Freiheit","""Stolberg, Friedrich Leopold von""",Die Freiheit,4.80
"Stolberg, F.L. - Die Natur","""Stolberg, Friedrich Leopold von""",Die Natur,4.80
"Stolberg, F.L. - Die Ruhe","""Stolberg, Friedrich Leopold von""",Die Ruhe,4.80
"Stolberg, F.L. - Freimaurerlied","""Stolberg, Friedrich Leopold von""",Freimaurerlied,6.22
"Stolberg, F.L. - Graf Gleichen","""Stolberg, Friedrich Leopold von""",Graf Gleichen,6.20
"Stolberg, F.L. - Ich ging unter Erlen am kühligen Bach","""Stolberg, Friedrich Leopold von""",Ich ging unter Erlen am kühligen Bach,4.62
"Stolberg, F.L. - Kain am Ufer des Meers","""Stolberg, Friedrich Leopold von""",Kain am Ufer des Meers,4.42
"Stolberg, F.L. - Klopstocks Geburt","""Stolberg, Friedrich Leopold von""",Klopstocks Geburt,4.80
"Stolberg, F.L. - Lied eines deutschen Knaben","""Stolberg, Friedrich Leopold von""",Lied eines deutschen Knaben,4.34
"Stolberg, F.L. - Lied für Agnes","""Stolberg, Friedrich Leopold von""",Lied für Agnes,8.2
"Stolberg, F.L. - Lied in der Abwesenheit","""Stolberg, Friedrich Leopold von""",Lied in der Abwesenheit,4.45
"Stolberg, F.L. - Romanze","""Stolberg, Friedrich Leopold von""",Romanze,5.8
"Stolberg, F.L. - Schön Clärchen","""Stolberg, Friedrich Leopold von""",Schön Clärchen,6.20
"Stolberg, F.L. - Selbstverleugnung","""Stolberg, Friedrich Leopold von""",Selbstverleugnung,4.82
"Stolberg, F.L. - Willkommen, Bächlein, wie so","""Stolberg, Friedrich Leopold von""","Willkommen, Bächlein, wie so",4.64
Stolle - Auf das Absterben Fr. F. Gärtnerin,"""Stolle, Gottlieb""",Auf das Absterben Fr. F. Gärtnerin,6.51
"Stoltz - Ach Herre Gott, / mich treibt die Not","""Stoltz, Johann""","Ach Herre Gott, / mich treibt die Not",6.2
"Stölzlin - Dein bin ich, o Herr Jesu Christ","""Stölzlin, Bonifazius""","Dein bin ich, o Herr Jesu Christ",6.36
Storm - Abends,"""Storm, Theodor""",Abends,4.103
Storm - Abschied,"""Storm, Theodor""",Abschied,4.106
Storm - Abseits,"""Storm, Theodor""",Abseits,6.36
Storm - Am Geburtstage,"""Storm, Theodor""",Am Geburtstage,2.5
Storm - An die Freunde,"""Storm, Theodor""",An die Freunde,4.49
Storm - An einem schönen Sommerabend,"""Storm, Theodor""",An einem schönen Sommerabend,6.17
Storm - An Wilhelm Jensen,"""Storm, Theodor""",An Wilhelm Jensen,2.9
Storm - Auf dem hohen Küstensande,"""Storm, Theodor""",Auf dem hohen Küstensande,5.8
Storm - Beginn des Endes,"""Storm, Theodor""",Beginn des Endes,4.64
Storm - Blumen,"""Storm, Theodor""",Blumen,4.64
Storm - Crucifixus,"""Storm, Theodor""",Crucifixus,4.67
Storm - Dahin,"""Storm, Theodor""",Dahin,4.13
Storm - Dämmerstunde,"""Storm, Theodor""",Dämmerstunde,4.103
Storm - Der Sänger beim Mahle,"""Storm, Theodor""",Der Sänger beim Mahle,4.34
Storm - Die Nachtigall,"""Storm, Theodor""",Die Nachtigall,5.4
Storm - Die Stadt,"""Storm, Theodor""",Die Stadt,5.3
Storm - Die Stunde schlug,"""Storm, Theodor""",Die Stunde schlug,4.36
Storm - Die Zeit ist hin,"""Storm, Theodor""",Die Zeit ist hin,4.102
Storm - Doch du bist fern,"""Storm, Theodor""",Doch du bist fern,4.103
Storm - Du willst es nicht in Worten,"""Storm, Theodor""",Du willst es nicht in Worten,4.67
Storm - Eine Frühlingsnacht,"""Storm, Theodor""",Eine Frühlingsnacht,2.5
Storm - Einer Braut am Polterabend,"""Storm, Theodor""",Einer Braut am Polterabend,2.9
Storm - Einer Toten 1,"""Storm, Theodor""",Einer Toten 1,4.103
Storm - Einer Toten 2,"""Storm, Theodor""",Einer Toten 2,5.12
Storm - Es ist ein Flüstern,"""Storm, Theodor""",Es ist ein Flüstern,4.63
Storm - Es liegen Wald und Heide,"""Storm, Theodor""",Es liegen Wald und Heide,5.2
Storm - Frauen-Ritornelle,"""Storm, Theodor""",Frauen-Ritornelle,3.1
Storm - Frauenhand,"""Storm, Theodor""",Frauenhand,4.64
Storm - Frühlingslied,"""Storm, Theodor""",Frühlingslied,7.7
Storm - Für meine Söhne,"""Storm, Theodor""",Für meine Söhne,4.54
Storm - Gedenkst du noch?,"""Storm, Theodor""",Gedenkst du noch?,6.44
Storm - Geschwisterblut,"""Storm, Theodor""",Geschwisterblut,4.36
Storm - Gode Nacht,"""Storm, Theodor""",Gode Nacht,4.20
Storm - Gräber an der Küste,"""Storm, Theodor""",Gräber an der Küste,4.103
Storm - Herbst 1,"""Storm, Theodor""",Herbst 1,4.49
Storm - Hyazinthen,"""Storm, Theodor""",Hyazinthen,4.103
Storm - Ich hab auf deine Stirn,"""Storm, Theodor""",Ich hab auf deine Stirn,4.67
Storm - Im Herbste,"""Storm, Theodor""",Im Herbste,4.67
Storm - Im Walde,"""Storm, Theodor""",Im Walde,4.20
Storm - Im Zeichen des Todes,"""Storm, Theodor""",Im Zeichen des Todes,4.106
Storm - In Bulemanns Haus,"""Storm, Theodor""",In Bulemanns Haus,5.5
Storm - In das Stammbuch Ferdinand,"""Storm, Theodor""",In das Stammbuch Ferdinand,6.45
Storm - In der Fremde,"""Storm, Theodor""",In der Fremde,4.49
Storm - Ins liebe Städtlein unversehrt,"""Storm, Theodor""",Ins liebe Städtlein unversehrt,6.33
Storm - Junges Leid,"""Storm, Theodor""",Junges Leid,4.106
Storm - Käuzchen,"""Storm, Theodor""",Käuzchen,5.7
Storm - Kritik,"""Storm, Theodor""",Kritik,4.54
Storm - Letzte Einkehr,"""Storm, Theodor""",Letzte Einkehr,4.64
Storm - Lied des Harfenmädchens,"""Storm, Theodor""",Lied des Harfenmädchens,4.1
Storm - Lucie,"""Storm, Theodor""",Lucie,4.102
Storm - Meeresstrand,"""Storm, Theodor""",Meeresstrand,4.20
Storm - Mondlicht,"""Storm, Theodor""",Mondlicht,4.20
Storm - Morgane,"""Storm, Theodor""",Morgane,6.40
"Storm - Nachts (Sternenschimmer, Schlummerleuchten)","""Storm, Theodor""","Nachts (Sternenschimmer, Schlummerleuchten)",4.54
Storm - Nun geht der Mond durch,"""Storm, Theodor""",Nun geht der Mond durch,4.34
Storm - Nun sei mir heimlich,"""Storm, Theodor""",Nun sei mir heimlich,4.59
Storm - Nur eine Locke von deinem,"""Storm, Theodor""",Nur eine Locke von deinem,4.65
Storm - Oktoberlied,"""Storm, Theodor""",Oktoberlied,4.36
Storm - Ostern,"""Storm, Theodor""",Ostern,4.103
Storm - Repos d'amour,"""Storm, Theodor""",Repos d'amour,4.59
Storm - Rote Rosen,"""Storm, Theodor""",Rote Rosen,4.67
Storm - Spruch des Alters 2,"""Storm, Theodor""",Spruch des Alters 2,2.2
Storm - Ständchen,"""Storm, Theodor""",Ständchen,4.54
Storm - Stünd ich mit dir auf,"""Storm, Theodor""",Stünd ich mit dir auf,4.34
Storm - Tannkönig,"""Storm, Theodor""",Tannkönig,4.59
Storm - Träumerei,"""Storm, Theodor""",Träumerei,6.45
Storm - Trost,"""Storm, Theodor""",Trost,2.5
Storm - Über die Heide,"""Storm, Theodor""",Über die Heide,4.1
Storm - Und haben wir unser Herzoglein,"""Storm, Theodor""",Und haben wir unser Herzoglein,4.36
Storm - Verirrt,"""Storm, Theodor""",Verirrt,5.2
Storm - Vor Tag,"""Storm, Theodor""",Vor Tag,4.64
Storm - Waisenkind,"""Storm, Theodor""",Waisenkind,2.6
Storm - Weihnachtsabend (Die fremde Stadt durchschritt ich sorgenvoll),"""Storm, Theodor""",Weihnachtsabend (Die fremde Stadt durchschritt ich sorgenvoll),4.100
Storm - Weihnachtslied,"""Storm, Theodor""",Weihnachtslied,5.12
Storm - Weiße Rosen 2,"""Storm, Theodor""",Weiße Rosen 2,4.34
Storm - Weiße Rosen 3,"""Storm, Theodor""",Weiße Rosen 3,4.20
Storm - Wie wenn das Leben war nichts andres,"""Storm, Theodor""",Wie wenn das Leben war nichts andres,4.67
Storm - Wir saßen vor der Sonne,"""Storm, Theodor""",Wir saßen vor der Sonne,"4.24,4.24x"
Storm - Wohl rief ich sanft dich an,"""Storm, Theodor""",Wohl rief ich sanft dich an,4.59
Storm - Zwischenreich,"""Storm, Theodor""",Zwischenreich,4.49
Strachwitz - Adel der Frauen,"""Strachwitz, Moritz von""",Adel der Frauen,4.67
Strachwitz - Ballgeschichte,"""Strachwitz, Moritz von""",Ballgeschichte,8.16
Strachwitz - Bescheidene Bitten,"""Strachwitz, Moritz von""",Bescheidene Bitten,4.109
Strachwitz - Crillon,"""Strachwitz, Moritz von""",Crillon,4.59
Strachwitz - Das Herz von Douglas,"""Strachwitz, Moritz von""",Das Herz von Douglas,4.34
Strachwitz - Das Lied vom falschen Grafen,"""Strachwitz, Moritz von""",Das Lied vom falschen Grafen,8.14
Strachwitz - Der Elfenring,"""Strachwitz, Moritz von""",Der Elfenring,4.36
Strachwitz - Deutsche Hiebe,"""Strachwitz, Moritz von""",Deutsche Hiebe,8.15
Strachwitz - Die Perle der Wüste,"""Strachwitz, Moritz von""",Die Perle der Wüste,3.7
Strachwitz - Du bist sehr schön,"""Strachwitz, Moritz von""",Du bist sehr schön,12.0
Strachwitz - Ein böser Traum,"""Strachwitz, Moritz von""",Ein böser Traum,3.7
Strachwitz - Ein Faustschlag,"""Strachwitz, Moritz von""",Ein Faustschlag,2.5
Strachwitz - Ein Reiterlied,"""Strachwitz, Moritz von""",Ein Reiterlied,4.36
Strachwitz - Ein Wasserfall,"""Strachwitz, Moritz von""",Ein Wasserfall,4.67
Strachwitz - Helges Treue,"""Strachwitz, Moritz von""",Helges Treue,6.19
Strachwitz - Herrn Winfreds Meerfahrt,"""Strachwitz, Moritz von""",Herrn Winfreds Meerfahrt,5.7
Strachwitz - Hie Welf!,"""Strachwitz, Moritz von""",Hie Welf!,4.114
Strachwitz - Letzte Liebe,"""Strachwitz, Moritz von""",Letzte Liebe,8.37
Strachwitz - Lichtgedanken bei Nacht,"""Strachwitz, Moritz von""",Lichtgedanken bei Nacht,4.43
Strachwitz - Richard Löwenherz' Tod,"""Strachwitz, Moritz von""",Richard Löwenherz' Tod,4.34
Strachwitz - Rolands Schwanenlied,"""Strachwitz, Moritz von""",Rolands Schwanenlied,4.34
Strachwitz - Rolf Düring,"""Strachwitz, Moritz von""",Rolf Düring,5.7
Strachwitz - Venedig,"""Strachwitz, Moritz von""",Venedig,3.7
Strachwitz - Zwei Abenteuer des verliebten Odysseus,"""Strachwitz, Moritz von""",Zwei Abenteuer des verliebten Odysseus,8.29
Straub - Durch Gnad so will ich singen,"""Straub, Hans""",Durch Gnad so will ich singen,7.3
Strauß und Torney - Das goldene Angesicht,"""Strauß und Torney, Lulu von""",Das goldene Angesicht,4.106
Strauß und Torney - Das Wasser Unsterblichkeit,"""Strauß und Torney, Lulu von""",Das Wasser Unsterblichkeit,5.4
Strauß und Torney - Der Wolf der Dürings,"""Strauß und Torney, Lulu von""",Der Wolf der Dürings,8.15
Strauß und Torney - Die Dürre,"""Strauß und Torney, Lulu von""",Die Dürre,2.5
Strauß und Torney - Frühlingsgewitter,"""Strauß und Torney, Lulu von""",Frühlingsgewitter,4.112
Strauß und Torney - Gott,"""Strauß und Torney, Lulu von""",Gott,4.114
Strauß und Torney - Letzte Ernte,"""Strauß und Torney, Lulu von""",Letzte Ernte,4.113
Strauß und Torney - Väterheimat,"""Strauß und Torney, Lulu von""",Väterheimat,4.14
Strauß und Torney - Verkündigung,"""Strauß und Torney, Lulu von""",Verkündigung,4.94
Streckfuß - Der heilige Dominik,"""Streckfuß, Karl""",Der heilige Dominik,8.37
Streckfuß - Des Narzissus Verwandlung,"""Streckfuß, Karl""",Des Narzissus Verwandlung,4.64
Streckfuß - Pippin der Kurze,"""Streckfuß, Karl""",Pippin der Kurze,5.4
Strub - Gemini,"""Strub, Urs Martin""",Gemini,2.17
Stubenberg - Nun trete ich mit Freuden,"""Stubenberg, Otto Gail von""",Nun trete ich mit Freuden,8.6
"Stubenberg - Sünder, komm, wir wollen gehen","""Stubenberg, Otto Gail von""","Sünder, komm, wir wollen gehen",8.25
Stuckert - Töne der Wehmut,"""Stuckert, Ludwig Karl""",Töne der Wehmut. Nach Hebels Tode auf dem Röttler Schloß bei Lörrach im Spätherbst 1826,4.123
Stuntz - Es war eine arme Sünderin,"""Stuntz, Claus""",Es war eine arme Sünderin,5.6
Sturm - Ein' guten Kampf gekämpft ich hab,"""Sturm, Leonhard""",Ein' guten Kampf gekämpft ich hab,6.15
Sturz - Wiegenlied,"""Sturz, Helferich Peter""",Wiegenlied,4.44
"Styfel - Mensch, dein Zung mit G'sang soll geben","""Styfel, Michael""","Mensch, dein Zung mit G'sang soll geben",6.28
"Sudermann - Ach, Herr Herr, im Grund der Höllen","""Sudermann, Daniel""","Ach, Herr Herr, im Grund der Höllen",6.12
Sudermann - Alle die da wollen sein,"""Sudermann, Daniel""",Alle die da wollen sein,6.5
"Sudermann - Christ, Gottes Sohn, / Du bist mein Wonn","""Sudermann, Daniel""","Christ, Gottes Sohn, / Du bist mein Wonn",11.0
Sudermann - Dies ist der hochgelobte Tag,"""Sudermann, Daniel""",Dies ist der hochgelobte Tag,12.4
"Sudermann - Dir, o Herr, tu ich klagen","""Sudermann, Daniel""","Dir, o Herr, tu ich klagen",7.2
Sudermann - Du arm unseligs Menschenkind,"""Sudermann, Daniel""",Du arm unseligs Menschenkind,6.19
Sudermann - Du höchster Gott von Ewigkeit,"""Sudermann, Daniel""",Du höchster Gott von Ewigkeit,13.2
"Sudermann - Du höchster Gott, Herr, Schöpfer mein","""Sudermann, Daniel""","Du höchster Gott, Herr, Schöpfer mein",6.33
Sudermann - Für Gottes Lehr und Untertan,"""Sudermann, Daniel""",Für Gottes Lehr und Untertan,6.34
Sudermann - Hoch auf des Kreuzes Stamm,"""Sudermann, Daniel""",Hoch auf des Kreuzes Stamm,4.17
"Sudermann - Ist Gott für uns, wer mag wider uns sein","""Sudermann, Daniel""","Ist Gott für uns, wer mag wider uns sein",3.7
Sudermann - Kommt her in Christi Namen,"""Sudermann, Daniel""",Kommt her in Christi Namen,6.7
Sudermann - Lang hie auf Erd,"""Sudermann, Daniel""",Lang hie auf Erd,12.1
"Sudermann - O Gott, lehr mich, was dir gefällt","""Sudermann, Daniel""","O Gott, lehr mich, was dir gefällt",4.58
Sudermann - O meine Seel und alles gar,"""Sudermann, Daniel""",O meine Seel und alles gar,13.2
"Sudermann - O meine Seel, nit lauf zu weit","""Sudermann, Daniel""","O meine Seel, nit lauf zu weit",4.31
Sudermann - O wie glückselig ist der Mann,"""Sudermann, Daniel""",O wie glückselig ist der Mann,6.19
Sudermann - Was sollen doch wir armen Leut,"""Sudermann, Daniel""",Was sollen doch wir armen Leut,4.36
Sunderreiter - Im Himmel und auf Erd zugleich,"""Sunderreiter, Gregorius""",Im Himmel und auf Erd zugleich,10.3
Sylvanus - Zerstörter Friedhof 1945,"""Sylvanus, Erwin""",Zerstörter Friedhof 1945,4.111
Tauler - Es kommt ein Schiff geladen,"""Tauler, Johannes""",Es kommt ein Schiff geladen,4.20
Tauler - Ich muß die Kreaturen fliehen,"""Tauler, Johannes""",Ich muß die Kreaturen fliehen,4.67
Tauler - Mein eigen lehn und alles gut,"""Tauler, Johannes""",Mein eigen lehn und alles gut,8.15
"Tellnitz - Ach Gott, mein Herr, / ich bitt dich sehr","""Tellnitz, Andreas""","Ach Gott, mein Herr, / ich bitt dich sehr",6.2
Tersteegen - Ach daß ich in mir selbst muß stehen,"""Tersteegen, Gerhard""",Ach daß ich in mir selbst muß stehen,4.69
"Tersteegen - Ach Gott, man kennet dich nicht recht","""Tersteegen, Gerhard""","Ach Gott, man kennet dich nicht recht",6.19
Tersteegen - Ach könnt ich stille sein,"""Tersteegen, Gerhard""",Ach könnt ich stille sein,6.4
Tersteegen - Anbetungswürdigs Lamm,"""Tersteegen, Gerhard""",Anbetungswürdigs Lamm,6.5
Tersteegen - Der Abend kommt,"""Tersteegen, Gerhard""",Der Abend kommt,4.107
Tersteegen - Du aller Geister Ruh,"""Tersteegen, Gerhard""",Du aller Geister Ruh,4.120
Tersteegen - Du Bild der Demut und der Güte,"""Tersteegen, Gerhard""",Du Bild der Demut und der Güte,8.37
Tersteegen - Du darfst dein Kreuz nicht heimlich tragen,"""Tersteegen, Gerhard""",Du darfst dein Kreuz nicht heimlich tragen,6.38
Tersteegen - Es lebe Gott allein in mir,"""Tersteegen, Gerhard""",Es lebe Gott allein in mir,4.34
Tersteegen - Gott rufet noch,"""Tersteegen, Gerhard""",Gott rufet noch,4.107
"Tersteegen - Gott, innigst nah, wie","""Tersteegen, Gerhard""","Gott, innigst nah, wie",4.104
"Tersteegen - Großer Gott, in dem ich","""Tersteegen, Gerhard""","Großer Gott, in dem ich",4.51
Tersteegen - Ich bete an die Macht der,"""Tersteegen, Gerhard""",Ich bete an die Macht der,6.39
Tersteegen - Ich bin ein schwaches Kind,"""Tersteegen, Gerhard""",Ich bin ein schwaches Kind,6.5
Tersteegen - Ich einsam Turteltäubelein,"""Tersteegen, Gerhard""",Ich einsam Turteltäubelein,7.7
"Tersteegen - Jauchzet, ihr Himmel, frohlocket ihr Engel","""Tersteegen, Gerhard""","Jauchzet, ihr Himmel, frohlocket ihr Engel",5.13
Tersteegen - Jedes Herz will etwas lieben,"""Tersteegen, Gerhard""",Jedes Herz will etwas lieben,4.49
"Tersteegen - Jesu, der du bist alleine","""Tersteegen, Gerhard""","Jesu, der du bist alleine",6.30
"Tersteegen - Jesu, mein Erbarmer, höre","""Tersteegen, Gerhard""","Jesu, mein Erbarmer, höre",6.12
"Tersteegen - Jesusnam, du höchster Name","""Tersteegen, Gerhard""","Jesusnam, du höchster Name",8.25
"Tersteegen - Komm, heilger Geist, komm niederwärts","""Tersteegen, Gerhard""","Komm, heilger Geist, komm niederwärts",4.58
"Tersteegen - Komm, mein Freund, und nimm mich wieder","""Tersteegen, Gerhard""","Komm, mein Freund, und nimm mich wieder",6.27
"Tersteegen - Kommt, Kinder, laßt uns gehen","""Tersteegen, Gerhard""","Kommt, Kinder, laßt uns gehen",8.6
"Tersteegen - Kommt, laßt uns Kinder werden","""Tersteegen, Gerhard""","Kommt, laßt uns Kinder werden",8.9
"Tersteegen - Mein Erlöser, schaue doch","""Tersteegen, Gerhard""","Mein Erlöser, schaue doch",6.23
"Tersteegen - Mein Heiland, dem ich offenbar","""Tersteegen, Gerhard""","Mein Heiland, dem ich offenbar",8.17
"Tersteegen - Müder Geist, nun kehr zur Ruh","""Tersteegen, Gerhard""","Müder Geist, nun kehr zur Ruh",6.23
Tersteegen - Nun sich der Tag geendet,"""Tersteegen, Gerhard""",Nun sich der Tag geendet,6.9
"Tersteegen - O Gott, o Geist, o Licht des","""Tersteegen, Gerhard""","O Gott, o Geist, o Licht des",6.39
"Tersteegen - O Jesu, König, hoch zu ehren","""Tersteegen, Gerhard""","O Jesu, König, hoch zu ehren",4.67
"Tersteegen - O Jesu, meines Lebens Licht","""Tersteegen, Gerhard""","O Jesu, meines Lebens Licht",4.36
"Tersteegen - O liebe Seele, könntest du werden","""Tersteegen, Gerhard""","O liebe Seele, könntest du werden",4.69
"Tersteegen - O liebster Herr, ich armes Kind","""Tersteegen, Gerhard""","O liebster Herr, ich armes Kind",4.58
"Tersteegen - O Weisheit, aller Himmel Zier","""Tersteegen, Gerhard""","O Weisheit, aller Himmel Zier",4.34
"Tersteegen - Siegesfürste, Ehrenkönig","""Tersteegen, Gerhard""","Siegesfürste, Ehrenkönig",8.27
Tersteegen - So gehts von Schritt zu,"""Tersteegen, Gerhard""",So gehts von Schritt zu,4.113
Tersteegen - Sollt ich nicht gelassen sein,"""Tersteegen, Gerhard""",Sollt ich nicht gelassen sein,4.45
"Tersteegen - Stille doch, mein armes Herze","""Tersteegen, Gerhard""","Stille doch, mein armes Herze",6.25
Tersteegen - Stilles Gottes wesen du,"""Tersteegen, Gerhard""",Stilles Gottes wesen du,6.22
Tersteegen - Verborgne Gottesliebe du,"""Tersteegen, Gerhard""",Verborgne Gottesliebe du,7.7
Tersteegen - Wann sich die Sonn erhebet,"""Tersteegen, Gerhard""",Wann sich die Sonn erhebet,6.9
Tersteegen - Wie bist du mir so innig gut,"""Tersteegen, Gerhard""",Wie bist du mir so innig gut,4.34
Tersteegen - Wie selig ist ein Herz,"""Tersteegen, Gerhard""",Wie selig ist ein Herz,4.119
Tersteegen - Wo ist die Schule denn auf Erden,"""Tersteegen, Gerhard""",Wo ist die Schule denn auf Erden,6.40
"Thaurer - Mein Gott, mein Gott vom Himmel hoch","""Thaurer, Benedikt""","Mein Gott, mein Gott vom Himmel hoch",13.1
"Thaurer - Nun lobe, meine Seel, den Herrn","""Thaurer, Benedikt""","Nun lobe, meine Seel, den Herrn",9.2
"Thilo - Bedenk, o Mensch, die Angst und Not","""Thilo, Valentin""","Bedenk, o Mensch, die Angst und Not",13.1
Thilo - Dies ist der Tag der Fröhlichkeit,"""Thilo, Valentin""",Dies ist der Tag der Fröhlichkeit,6.15
"Thilo - Mit Ernst, o Menschenkinder","""Thilo, Valentin""","Mit Ernst, o Menschenkinder",8.6
"Thilo - Wes ist der Stern, so heut erschienen","""Thilo, Valentin""","Wes ist der Stern, so heut erschienen",8.39
"Thomä - Ach Herr Jesu, schau, sie haben","""Thomä, Hieronymus""","Ach Herr Jesu, schau, sie haben",6.26
"Thomas - Fleuch, mein Seelchen, auf zu Gott","""Thomas, Johann""","Fleuch, mein Seelchen, auf zu Gott",8.23
Thum - Vom Barrette schwankt die,"""Thum, Heinz""",Vom Barrette schwankt die,4.49
Thümmel - Das gleiche Glück der Ehe,"""Thümmel, August Wilhelm von""",Das gleiche Glück der Ehe,4.69
Tieck - Arion,"""Tieck, Ludwig""",Arion,4.67
Tieck - Der edle Herzog groß,"""Tieck, Ludwig""",Der edle Herzog groß,4.17
Tieck - Der Traum,"""Tieck, Ludwig""",Der Traum,8.47
Tieck - Die Tiroler,"""Tieck, Ludwig""",Die Tiroler,4.16
Tieck - Die Zeichen im Walde,"""Tieck, Ludwig""",Die Zeichen im Walde,4.54
Tieck - Es geht die Frau mit Glauben und Vertrauen,"""Tieck, Ludwig""",Es geht die Frau mit Glauben und Vertrauen,8.47
Tieck - Heimliche Liebe,"""Tieck, Ludwig""",Heimliche Liebe,4.73
Tieck - Hoffnung,"""Tieck, Ludwig""",Hoffnung,4.48
Tieck - Jagdlied,"""Tieck, Ludwig""",Jagdlied,5.8
Tieck - Kunst und Liebe,"""Tieck, Ludwig""",Kunst und Liebe,4.82
Tieck - Liebe,"""Tieck, Ludwig""",Liebe,10.6
Tieck - Lockung,"""Tieck, Ludwig""",Lockung,4.5
Tieck - Monolog des Biren in >Kaiser Oktavianus< (I),"""Tieck, Ludwig""",Monolog des Biren in >Kaiser Oktavianus< (I),8.48
Tieck - Nacht,"""Tieck, Ludwig""",Nacht,4.34
"Tieck - Nicht also hadert, treffliche Genossen","""Tieck, Ludwig""","Nicht also hadert, treffliche Genossen",8.47
Tieck - Rede des Sultans in >Kaiser Oktavianus< (II/1),"""Tieck, Ludwig""",Rede des Sultans in >Kaiser Oktavianus< (II/1),8.48
Tieck - Romanzen vom kleinen Däumchen,"""Tieck, Ludwig""",Romanzen vom kleinen Däumchen,4.49
Tieck - Siegfried der Drachentöter,"""Tieck, Ludwig""",Siegfried der Drachentöter,4.20
Tieck - Siegfrieds Jugend,"""Tieck, Ludwig""",Siegfrieds Jugend,4.20
Tieck - So hat es sich an Siegfrieds Hof begeben,"""Tieck, Ludwig""",So hat es sich an Siegfrieds Hof begeben,8.47
"Tieck - So hör mich, Karl, von Heldenblut entsprossen","""Tieck, Ludwig""","So hör mich, Karl, von Heldenblut entsprossen",3.7
Tieck - Trauer,"""Tieck, Ludwig""",Trauer,4.4
Tieck - Wie die Töne sich entzünden,"""Tieck, Ludwig""",Wie die Töne sich entzünden,4.55
Tieck - Wieland,"""Tieck, Ludwig""",Wieland,4.20
Tieck - Wo ist er verborgen,"""Tieck, Ludwig""",Wo ist er verborgen,4.6
Tieck - Wunder der Liebe,"""Tieck, Ludwig""",Wunder der Liebe,10.6
Tieck - Zuversicht,"""Tieck, Ludwig""",Zuversicht,4.59
Tiedge - Die Nacht der Siegesbotschaft,"""Tiedge, Christoph August""",Die Nacht der Siegesbotschaft,6.45
Tiedge - Die Sendung,"""Tiedge, Christoph August""",Die Sendung,4.47
Tiedge - Herakles,"""Tiedge, Christoph August""",Herakles,8.26
Tiedge - Maigesang,"""Tiedge, Christoph August""",Maigesang,8.7
Tiedge - Nach einem alten Liede,"""Tiedge, Christoph August""",Nach einem alten Liede,4.62
Tiedge - Ständchen,"""Tiedge, Christoph August""",Ständchen,6.27
"Tietz von Freynstadt - Ave, ich grüß dich edlen Stamm","""Tietz von Freynstadt, Jacob""","Ave, ich grüß dich edlen Stamm",14.1
"Tietze - Ich armer Mensch, ich armer Sünder","""Tietze, Christoph""","Ich armer Mensch, ich armer Sünder",6.38
Tietze - Was ist unser Leben,"""Tietze, Christoph""",Was ist unser Leben,10.1
"Titz - Betrachtung der Leiden Christi (O Mensch, steh hier, / Besieh mit mir)","""Titz, Johann Peter""","Betrachtung der Leiden Christi (O Mensch, steh hier, / Besieh mit mir)",5.1
"Titz - O Zeit, o längst begehrte Zeit","""Titz, Johann Peter""","O Zeit, o längst begehrte Zeit",10.3
Titz - Waldgesang,"""Titz, Johann Peter""",Waldgesang,5.10
Titz - Willst du in der Stille,"""Titz, Johann Peter""",Willst du in der Stille,4.51
Toller - Marschlied,"""Toller, Ernst""",Marschlied,4.5
Trakl - Abendmuse,"""Trakl, Georg""",Abendmuse,4.121
Trakl - Allerseelen,"""Trakl, Georg""",Allerseelen,4.106
Trakl - Am Friedhof,"""Trakl, Georg""",Am Friedhof,4.46
Trakl - An meinem Fenster,"""Trakl, Georg""",An meinem Fenster,"3.4,3.4aak"
Trakl - Auf den Tod einer alten Frau,"""Trakl, Georg""",Auf den Tod einer alten Frau,4.100
Trakl - Confiteor,"""Trakl, Georg""",Confiteor,4.103
Trakl - Das dunkle Tal,"""Trakl, Georg""",Das dunkle Tal,4.65
Trakl - Der Gewitterabend,"""Trakl, Georg""",Der Gewitterabend,4.54
Trakl - Der Herbst der Einsamen,"""Trakl, Georg""",Der Herbst der Einsamen,6.48
Trakl - Der Spaziergang,"""Trakl, Georg""",Der Spaziergang,4.101
Trakl - Die junge Magd,"""Trakl, Georg""",Die junge Magd,4.54
Trakl - Die Kirche,"""Trakl, Georg""",Die Kirche,4.110
Trakl - Die schöne Stadt,"""Trakl, Georg""",Die schöne Stadt,4.55
Trakl - Die Verfluchten,"""Trakl, Georg""",Die Verfluchten,4.101
Trakl - Drei Blicke in einen Opal,"""Trakl, Georg""",Drei Blicke in einen Opal,4.117
Trakl - Ein Winterabend,"""Trakl, Georg""",Ein Winterabend,4.47
Trakl - Einklang,"""Trakl, Georg""",Einklang,4.109
Trakl - Ermatten,"""Trakl, Georg""",Ermatten,4.106
Trakl - Gesang zur Nacht 5,"""Trakl, Georg""",Gesang zur Nacht 5,4.46
Trakl - Herbstseele,"""Trakl, Georg""",Herbstseele,4.47
Trakl - Im Herbst,"""Trakl, Georg""",Im Herbst,4.59
Trakl - Im Mondschein,"""Trakl, Georg""",Im Mondschein,4.110
Trakl - Im roten Laubwerk voll,"""Trakl, Georg""",Im roten Laubwerk voll,4.72
Trakl - Im Weinland,"""Trakl, Georg""",Im Weinland,4.72
Trakl - Im Winter,"""Trakl, Georg""",Im Winter,4.65
Trakl - In den Nachmittag geflüstert,"""Trakl, Georg""",In den Nachmittag geflüstert,4.47
Trakl - In einem alten Garten,"""Trakl, Georg""",In einem alten Garten,4.104
Trakl - Jahreszeit,"""Trakl, Georg""",Jahreszeit,4.60
Trakl - Kleines Konzert,"""Trakl, Georg""",Kleines Konzert,4.73
Trakl - Leuchtende Stunde,"""Trakl, Georg""",Leuchtende Stunde,4.46
Trakl - Melancholie des Abends,"""Trakl, Georg""",Melancholie des Abends,4.73
Trakl - Melusine,"""Trakl, Georg""",Melusine,2.5
Trakl - Metamorphosen,"""Trakl, Georg""",Metamorphosen,3.2
Trakl - Nachtergebung,"""Trakl, Georg""",Nachtergebung,4.48
Trakl - Naturtheater,"""Trakl, Georg""",Naturtheater,4.67
Trakl - Sommerdämmerung,"""Trakl, Georg""",Sommerdämmerung,4.104
Trakl - St.-Peters-Friedhof,"""Trakl, Georg""",St.-Peters-Friedhof,4.65
Trakl - Träumerei am Abend,"""Trakl, Georg""",Träumerei am Abend,4.121
Trakl - Trübsinn,"""Trakl, Georg""",Trübsinn,4.101
Trakl - Unterwegs,"""Trakl, Georg""",Unterwegs,4.101
Trakl - Verfall,"""Trakl, Georg""",Verfall,4.66
Trakl - Verklärter Herbst,"""Trakl, Georg""",Verklärter Herbst,"4.64,4.64a"
Trakl - Verwandlung,"""Trakl, Georg""",Verwandlung,4.104
Trakl - Vor Sonnenaufgang,"""Trakl, Georg""",Vor Sonnenaufgang,4.106
Trakl - Vorstadt im Föhn,"""Trakl, Georg""",Vorstadt im Föhn,4.104
Trakl - Westliche Dämmerung,"""Trakl, Georg""",Westliche Dämmerung,4.65
Trakl - Winkel am Wald,"""Trakl, Georg""",Winkel am Wald,4.121
Trakl - Winterdämmerung,"""Trakl, Georg""",Winterdämmerung,4.47
Trakl - Wintergang in a-moll,"""Trakl, Georg""",Wintergang in a-moll,4.105
"Treichel - Selbstporträt, korrigiert","""Treichel, Hans-Ulrich""","Selbstporträt, korrigiert",
Triller von Gora - Ein Kind geborn zu Bethlehem,"""Triller von Gora, Valentin""",Ein Kind geborn zu Bethlehem,2.5
Triller von Gora - Es war einmal ein großer Herr,"""Triller von Gora, Valentin""",Es war einmal ein großer Herr,5.6
Triller von Gora - Gottes Weisheit hoch und breit,"""Triller von Gora, Valentin""",Gottes Weisheit hoch und breit,8.13
Triller von Gora - Groß und heilig über allen,"""Triller von Gora, Valentin""",Groß und heilig über allen,6.28
Triller von Gora - Ich will herzlich lobesingen,"""Triller von Gora, Valentin""",Ich will herzlich lobesingen,6.30
Triller von Gora - Laßt uns alle fröhlich loben,"""Triller von Gora, Valentin""",Laßt uns alle fröhlich loben,4.49
Triller von Gora - Lob und Preis mit Schalle,"""Triller von Gora, Valentin""",Lob und Preis mit Schalle,6.28
Triller von Gora - O der süßen Gnaden groß,"""Triller von Gora, Valentin""",O der süßen Gnaden groß,6.17
Triller von Gora - Unglück samt seinem bösen Heer,"""Triller von Gora, Valentin""",Unglück samt seinem bösen Heer,11.1
"Triller von Gora - Wach auf, liebe Christenheit","""Triller von Gora, Valentin""","Wach auf, liebe Christenheit",7.8
Trommer - Tod der Frommen,"""Trommer, David""",Tod der Frommen,6.51
Tscherning - An eine abwesende Buhlschaft,"""Tscherning, Andreas""",An eine abwesende Buhlschaft,6.7
Tscherning - An Herrn Christoph Kölern / als er Bibliothekarius zu Breslau worden,"""Tscherning, Andreas""",An Herrn Christoph Kölern / als er Bibliothekarius zu Breslau worden,6.29
Tscherning - An Herrn Georg Baumann,"""Tscherning, Andreas""",An Herrn Georg Baumann,4.17
Tscherning - An Herrn Georg Zeemann / als er zu Rostock Magister geworden,"""Tscherning, Andreas""",An Herrn Georg Zeemann / als er zu Rostock Magister geworden,6.7
Tscherning - An Herrn Magister Benedict Haußmann / Als er zu Rostock Magister worden,"""Tscherning, Andreas""",An Herrn Magister Benedict Haußmann / Als er zu Rostock Magister worden,4.19
Tscherning - An Herrn Martin Nesseln / als er zu Rostock Poet gekrönet ward,"""Tscherning, Andreas""",An Herrn Martin Nesseln / als er zu Rostock Poet gekrönet ward,6.29
Tscherning - An Hn. Christoph Schlegel [...] über seines Herrn Vaters Tod,"""Tscherning, Andreas""",An Hn. Christoph Schlegel [...] über seines Herrn Vaters Tod,6.7
Tscherning - An Hn. Johann Daniel Horstium,"""Tscherning, Andreas""",An Hn. Johann Daniel Horstium,6.19
Tscherning - Auf das neu Jahr,"""Tscherning, Andreas""",Auf das neu Jahr,4.18
Tscherning - Auf den Namenstag einer,"""Tscherning, Andreas""",Auf den Namenstag einer,4.48
Tscherning - Auf den seligen Hintritt Herrn  Daniel Aichhäusers,"""Tscherning, Andreas""",Auf den seligen Hintritt Herrn Daniel Aichhäusers,6.6
Tscherning - Auf einer Jungfrauen Namenstag,"""Tscherning, Andreas""",Auf einer Jungfrauen Namenstag,6.4
Tscherning - Auf eines fürstlichen Dieners Hochzeit,"""Tscherning, Andreas""",Auf eines fürstlichen Dieners Hochzeit,6.23
Tscherning - Auf Herrn Martin Nentwigs [...] Hochzeit,"""Tscherning, Andreas""",Auf Herrn Martin Nentwigs [...] Hochzeit,6.23
"Tscherning - Gott, du liebest deine Kinder","""Tscherning, Andreas""","Gott, du liebest deine Kinder",6.27
Tscherning - Historie der Susannen,"""Tscherning, Andreas""",Historie der Susannen,4.119
Tscherning - Neujahrswunsch Herrn Sigismund Saschken,"""Tscherning, Andreas""",Neujahrswunsch Herrn Sigismund Saschken,6.6
"Tscherning - Sieh Gott, mein Gott, auf mein Gemächte","""Tscherning, Andreas""","Sieh Gott, mein Gott, auf mein Gemächte",6.39
Tscherning - Überwinde dich selbst,"""Tscherning, Andreas""",Überwinde dich selbst,4.19
Tucher - Die Fahnen geschwungen,"""Tucher, Christof""",Die Fahnen geschwungen,4.5
Tucholsky - An den deutschen Mond,"""Tucholsky, Kurt""",An den deutschen Mond,8.27
Tucholsky - Auf ein Soldatenbild,"""Tucholsky, Kurt""",Auf ein Soldatenbild,6.13
Tucholsky - Berliner Fasching,"""Tucholsky, Kurt""",Berliner Fasching,4.85
Tucholsky - Denkmalsschmelze,"""Tucholsky, Kurt""",Denkmalsschmelze,4.67
Tucholsky - Der Kriegslieferant,"""Tucholsky, Kurt""",Der Kriegslieferant,8.48
Tucholsky - Deutsche Richtergeneration,"""Tucholsky, Kurt""",Deutsche Richtergeneration,4.20
Tucholsky - Deutscher Abend,"""Tucholsky, Kurt""",Deutscher Abend,4.106
Tucholsky - Eine kleine Geburt,"""Tucholsky, Kurt""",Eine kleine Geburt,6.38
Tucholsky - Fragen an eine Arbeiterfrau,"""Tucholsky, Kurt""",Fragen an eine Arbeiterfrau,5.4
Tucholsky - Gute Nacht,"""Tucholsky, Kurt""",Gute Nacht,4.29
"Tucholsky - Home, sweet home","""Tucholsky, Kurt""","Home, sweet home",4.85
Tucholsky - Kleines Gespräch mit,"""Tucholsky, Kurt""",Kleines Gespräch mit,4.40
Tucholsky - Marburger Studentenlied,"""Tucholsky, Kurt""",Marburger Studentenlied,4.36
Tucholsky - Mit einem japanischen Gott,"""Tucholsky, Kurt""",Mit einem japanischen Gott,4.65
Tucholsky - Namensänderung,"""Tucholsky, Kurt""",Namensänderung,4.106
Tucholsky - Neujahrsgruß an die Geistigen,"""Tucholsky, Kurt""",Neujahrsgruß an die Geistigen,4.67
Tucholsky - Prolet vor Gericht,"""Tucholsky, Kurt""",Prolet vor Gericht,8.13
Tucholsky - Prophezeiung,"""Tucholsky, Kurt""",Prophezeiung,4.104
Tucholsky - Revolutions-Rückblick,"""Tucholsky, Kurt""",Revolutions-Rückblick,8.46
Tucholsky - Schäferliedchen,"""Tucholsky, Kurt""",Schäferliedchen,8.14
Tucholsky - Schall und Rauch,"""Tucholsky, Kurt""",Schall und Rauch,4.69
Tucholsky - Selbstbesinnung,"""Tucholsky, Kurt""",Selbstbesinnung,4.107
Tucholsky - Strafgericht,"""Tucholsky, Kurt""",Strafgericht,2.10
Tucholsky - Wider die Liebe,"""Tucholsky, Kurt""",Wider die Liebe,4.67
Tucholsky - Worte,"""Tucholsky, Kurt""",Worte,8.27
Tucholsky - Wünsche,"""Tucholsky, Kurt""",Wünsche,6.19
Uhland - Am 15.Oktober 1815,"""Uhland, Ludwig""",Am 15.Oktober 1815,8.37
Uhland - An die Mädchen,"""Uhland, Ludwig""",An die Mädchen,4.45
Uhland - An die Mütter,"""Uhland, Ludwig""",An die Mütter,4.47
Uhland - An die Volksvertreter,"""Uhland, Ludwig""",An die Volksvertreter,4.53
Uhland - An einem heitern Morgen,"""Uhland, Ludwig""",An einem heitern Morgen,4.71
Uhland - Auf das Kind eines Dichters,"""Uhland, Ludwig""",Auf das Kind eines Dichters,4.64
Uhland - Auf der Überfahrt,"""Uhland, Ludwig""",Auf der Überfahrt,4.53
Uhland - Auf eine Tänzerin,"""Uhland, Ludwig""",Auf eine Tänzerin,6.40
Uhland - Bertran de Born,"""Uhland, Ludwig""",Bertran de Born,8.26
Uhland - Dante,"""Uhland, Ludwig""",Dante,4.54
Uhland - Das Glück von Edenhall,"""Uhland, Ludwig""",Das Glück von Edenhall,5.11
Uhland - Das Schifflein,"""Uhland, Ludwig""",Das Schifflein,4.23
Uhland - Das Schwert,"""Uhland, Ludwig""",Das Schwert,4.58
Uhland - Das Tal,"""Uhland, Ludwig""",Das Tal,8.37
Uhland - Das versunkene Kloster,"""Uhland, Ludwig""",Das versunkene Kloster,8.7
Uhland - Den Landständen,"""Uhland, Ludwig""",Den Landständen,8.37
Uhland - Der Abschied,"""Uhland, Ludwig""",Der Abschied,8.1
Uhland - Der gute Kamerad (Ich hatt einen Kameraden),"""Uhland, Ludwig""",Der gute Kamerad (Ich hatt einen Kameraden),5.2
Uhland - Der Kastellan von Coucy,"""Uhland, Ludwig""",Der Kastellan von Coucy,4.54
Uhland - Der kastilische Ritter,"""Uhland, Ludwig""",Der kastilische Ritter,4.54
Uhland - Der Kirchhof im Frühling,"""Uhland, Ludwig""",Der Kirchhof im Frühling,4.46
Uhland - Der Kranz,"""Uhland, Ludwig""",Der Kranz,4.41
Uhland - Der nächtliche Ritter,"""Uhland, Ludwig""",Der nächtliche Ritter,4.56
Uhland - Der Pilger,"""Uhland, Ludwig""",Der Pilger,4.67
Uhland - Der Rezensent,"""Uhland, Ludwig""",Der Rezensent,10.6
Uhland - Der Romantiker und der Rezensent,"""Uhland, Ludwig""",Der Romantiker und der Rezensent,10.6
Uhland - Der Sänger,"""Uhland, Ludwig""",Der Sänger,8.7
Uhland - Der Schäfer,"""Uhland, Ludwig""",Der Schäfer,4.41
Uhland - Der Schenk von Limburg,"""Uhland, Ludwig""",Der Schenk von Limburg,8.7
Uhland - Der Waller,"""Uhland, Ludwig""",Der Waller,8.26
Uhland - Der Wirtin Töchterlein,"""Uhland, Ludwig""",Der Wirtin Töchterlein,2.6
Uhland - Des Knaben Berglied,"""Uhland, Ludwig""",Des Knaben Berglied,5.7
Uhland - Des Sängers Fluch,"""Uhland, Ludwig""",Des Sängers Fluch,4.114
Uhland - Dichtersegen,"""Uhland, Ludwig""",Dichtersegen,4.42
Uhland - Die Abgeschiedenen,"""Uhland, Ludwig""",Die Abgeschiedenen,8.37
Uhland - Die deutsche Sprachgesellschaft,"""Uhland, Ludwig""",Die deutsche Sprachgesellschaft,6.7
Uhland - Die Jagd von Winchester,"""Uhland, Ludwig""",Die Jagd von Winchester,4.34
Uhland - Die Kapelle,"""Uhland, Ludwig""",Die Kapelle,4.49
Uhland - Die Nachtschwärmer,"""Uhland, Ludwig""",Die Nachtschwärmer,10.6
Uhland - Die sanften Tage,"""Uhland, Ludwig""",Die sanften Tage,8.37
Uhland - Die Ulme zu Hirsau,"""Uhland, Ludwig""",Die Ulme zu Hirsau,4.20
Uhland - Die verlorene Kirche,"""Uhland, Ludwig""",Die verlorene Kirche,8.34
Uhland - Don Massias,"""Uhland, Ludwig""",Don Massias,4.54
Uhland - Drei Fräulein,"""Uhland, Ludwig""",Drei Fräulein,7.3
Uhland - Durand,"""Uhland, Ludwig""",Durand,4.54
Uhland - Ein Abend,"""Uhland, Ludwig""",Ein Abend,8.48
Uhland - Einkehr,"""Uhland, Ludwig""",Einkehr,"4.36,4.36a"
Uhland - Freie Kunst,"""Uhland, Ludwig""",Freie Kunst,4.49
Uhland - Frühlingsfeier,"""Uhland, Ludwig""",Frühlingsfeier,4.31
Uhland - Gebet eines Württembergers,"""Uhland, Ludwig""",Gebet eines Württembergers,4.65
Uhland - Gesang der Jünglinge,"""Uhland, Ludwig""",Gesang der Jünglinge,8.26
Uhland - Graf Eberhard der Rauschebart,"""Uhland, Ludwig""",Graf Eberhard der Rauschebart,4.114
Uhland - Graf Eberhards Weißdorn,"""Uhland, Ludwig""",Graf Eberhards Weißdorn,4.16
Uhland - Hans und Grete,"""Uhland, Ludwig""",Hans und Grete,4.31
Uhland - Hausrecht,"""Uhland, Ludwig""",Hausrecht,4.20
Uhland - Katharina,"""Uhland, Ludwig""",Katharina,8.48
Uhland - Klein Roland,"""Uhland, Ludwig""",Klein Roland,4.34
Uhland - König Karls Meerfahrt,"""Uhland, Ludwig""",König Karls Meerfahrt,4.36
Uhland - Lauf der Welt,"""Uhland, Ludwig""",Lauf der Welt,6.14
Uhland - Lied aus dem Spanischen,"""Uhland, Ludwig""",Lied aus dem Spanischen,4.48
Uhland - Lied eines Armen,"""Uhland, Ludwig""",Lied eines Armen,4.34
Uhland - Lied eines deutschen Sängers,"""Uhland, Ludwig""",Lied eines deutschen Sängers,8.7
Uhland - Maiklage,"""Uhland, Ludwig""",Maiklage,8.26
Uhland - Metzelsuppenlied,"""Uhland, Ludwig""",Metzelsuppenlied,7.7
Uhland - Morgenlied,"""Uhland, Ludwig""",Morgenlied,3.2
"Uhland - Nachruf (Ein Grab, o Mutter)","""Uhland, Ludwig""","Nachruf (Ein Grab, o Mutter)",4.103
Uhland - Nachruf (Noch ist kein Fürst),"""Uhland, Ludwig""",Nachruf (Noch ist kein Fürst),8.37
Uhland - Nachtreise,"""Uhland, Ludwig""",Nachtreise,6.19
Uhland - Nachts,"""Uhland, Ludwig""",Nachts,4.34
Uhland - Rebenblüte,"""Uhland, Ludwig""",Rebenblüte,4.48
Uhland - Reisen,"""Uhland, Ludwig""",Reisen,8.26
Uhland - Ritter Paris,"""Uhland, Ludwig""",Ritter Paris,4.49
Uhland - Roland Schildträger,"""Uhland, Ludwig""",Roland Schildträger,7.7
Uhland - Romanze vom kleinen Däumling,"""Uhland, Ludwig""",Romanze vom kleinen Däumling,4.54
Uhland - Rückleben,"""Uhland, Ludwig""",Rückleben,8.47
Uhland - Rudello,"""Uhland, Ludwig""",Rudello,4.54
Uhland - Scheiden und Meiden,"""Uhland, Ludwig""",Scheiden und Meiden,4.20
Uhland - Schwindelhaber,"""Uhland, Ludwig""",Schwindelhaber,6.29
Uhland - Siegfrieds Schwert,"""Uhland, Ludwig""",Siegfrieds Schwert,2.5
Uhland - Sonnenwende,"""Uhland, Ludwig""",Sonnenwende,8.26
Uhland - Späte Kritik,"""Uhland, Ludwig""",Späte Kritik,4.46
Uhland - Taillefer,"""Uhland, Ludwig""",Taillefer,4.99
Uhland - Traum,"""Uhland, Ludwig""",Traum,5.2
Uhland - Trinklied,"""Uhland, Ludwig""",Trinklied,6.18
Uhland - Untreue,"""Uhland, Ludwig""",Untreue,6.40
Uhland - Ver sacrum,"""Uhland, Ludwig""",Ver sacrum,4.100
Uhland - Vom treuen Walter,"""Uhland, Ludwig""",Vom treuen Walter,7.7
Ulenberg - Warum empören sich die Heiden,"""Ulenberg, Caspar""",Warum empören sich die Heiden,6.40
Unglenck - Gehet in die Christen-Schul,"""Unglenck, Andreas""",Gehet in die Christen-Schul,4.46
Usinger - Anfang,"""Usinger, Fritz""",Anfang,4.106
Usinger - Das Feuer,"""Usinger, Fritz""",Das Feuer,4.54
Usinger - Das Furchtbare,"""Usinger, Fritz""",Das Furchtbare,4.93
Usinger - Das Mittelmeer,"""Usinger, Fritz""",Das Mittelmeer,4.103
Usinger - Das Wort,"""Usinger, Fritz""",Das Wort,4.100
Usinger - Der Pfeil,"""Usinger, Fritz""",Der Pfeil,4.30
Usinger - Ende,"""Usinger, Fritz""",Ende,4.106
Usinger - Seliger Nachgesang,"""Usinger, Fritz""",Seliger Nachgesang,4.30
Usinger - Sestine der Unwiederbringlichkeit,"""Usinger, Fritz""",Sestine der Unwiederbringlichkeit,6.45
Usinger - Welt,"""Usinger, Fritz""",Welt,4.42
Usinger - Weltalter,"""Usinger, Fritz""",Weltalter,4.97
Usinger - Worte,"""Usinger, Fritz""",Worte,4.89
Uz - An die Freude,"""Uz, Johann Peter""",An die Freude,8.26
Uz - Dank,"""Uz, Johann Peter""",Dank,4.67
Uz - Die Liebe,"""Uz, Johann Peter""",Die Liebe,8.26
Uz - Die Nacht,"""Uz, Johann Peter""",Die Nacht,4.46
Uz - Die Weinlese,"""Uz, Johann Peter""",Die Weinlese,8.37
Uz - Einladung zum Vergnügen,"""Uz, Johann Peter""",Einladung zum Vergnügen,4.78
Uz - Magister Duns,"""Uz, Johann Peter""",Magister Duns,8.17
Vamhagen von Ense - Der Gesang Kalliopens,"""Vamhagen von Ense, Karl August""",Der Gesang Kalliopens,4.111
Vesper - Inschrift,"""Vesper, Will""",Inschrift,4.14
Vesper - Trüber Abend,"""Vesper, Will""",Trüber Abend,2.7
Vischer - Abschied,"""Vischer, Friedrich Theodor""",Abschied,4.102
Vischer - Albano,"""Vischer, Friedrich Theodor""",Albano,4.104
Vischer - An das Bild Peter Vischers,"""Vischer, Friedrich Theodor""",An das Bild Peter Vischers,4.106
Vischer - An Uhlands Geist,"""Vischer, Friedrich Theodor""",An Uhlands Geist,8.37
Vischer - AnFr.T.,"""Vischer, Friedrich Theodor""",AnFr.T.,4.49
Vischer - Angst,"""Vischer, Friedrich Theodor""",Angst,4.67
Vischer - Das graue Lied,"""Vischer, Friedrich Theodor""",Das graue Lied,4.103
Vischer - Ein Fang,"""Vischer, Friedrich Theodor""",Ein Fang,4.20
Vischer - Ein fernes Grab,"""Vischer, Friedrich Theodor""",Ein fernes Grab,4.103
Vischer - Glaube,"""Vischer, Friedrich Theodor""",Glaube,4.20
Vischer - Große Glufen-Ballade,"""Vischer, Friedrich Theodor""",Große Glufen-Ballade,4.36
Vischer - Ischias,"""Vischer, Friedrich Theodor""",Ischias,4.20
Vischer - Kahnfahrt,"""Vischer, Friedrich Theodor""",Kahnfahrt,4.101
Vischer - Nachts,"""Vischer, Friedrich Theodor""",Nachts,4.67
Vischer - Nachts an der Engelsbrücke,"""Vischer, Friedrich Theodor""",Nachts an der Engelsbrücke,4.36
Vischer - Prolog für das Konzert des Kaufmännischen Vereins in Frankfurt am Main am 31. Januar 1883,"""Vischer, Friedrich Theodor""",Prolog für das Konzert des Kaufmännischen Vereins in Frankfurt am Main am 31. Januar 1883,8.47
Vischer - Tivoli,"""Vischer, Friedrich Theodor""",Tivoli,4.49
"Vogel, H. - Singen wir aus Herzensgrund","""Vogel, Hans""",Singen wir aus Herzensgrund,7.8
"Vogel, J. - Nun lasset uns zur Andacht recht erweisen","""Vogel, Johann""",Nun lasset uns zur Andacht recht erweisen,2.10
Vogt - Ich bin in dieser Welt verirret,"""Vogt, Konrad""",Ich bin in dieser Welt verirret,8.38
Voigtländer - Phyllis saß in einem Bötchen,"""Voigtländer, Gabriel""",Phyllis saß in einem Bötchen,6.30
"Vollbrächt - Wie wohl steht der, / dem obenher","""Vollbrächt, Ludwig""","Wie wohl steht der, / dem obenher",6.2
"Vorberg - Ich Erde, was erkühn ich mich","""Vorberg, Georg Sigismund""","Ich Erde, was erkühn ich mich",4.39
Voß - Abendgesang zweier Freundinnen,"""Voß, Johann Heinrich""",Abendgesang zweier Freundinnen,6.15
Voß - Abendlied,"""Voß, Johann Heinrich""",Abendlied,6.15
Voß - An die Sinarose,"""Voß, Johann Heinrich""",An die Sinarose,4.81
Voß - An Luther,"""Voß, Johann Heinrich""",An Luther,4.58
Voß - Bauernglück,"""Voß, Johann Heinrich""",Bauernglück,8.7
"Voß - Blickt auf, wie hehr das lichte Blau","""Voß, Johann Heinrich""","Blickt auf, wie hehr das lichte Blau",8.15
Voß - Das Landmädchen,"""Voß, Johann Heinrich""",Das Landmädchen,5.2
Voß - Das Notwerk,"""Voß, Johann Heinrich""",Das Notwerk,6.22
Voß - Das Oberamt,"""Voß, Johann Heinrich""",Das Oberamt,6.10
Voß - Der Agneswerder,"""Voß, Johann Heinrich""",Der Agneswerder,7.2
Voß - Der deutsche Gesang,"""Voß, Johann Heinrich""",Der deutsche Gesang,4.111
Voß - Der gute Wirt,"""Voß, Johann Heinrich""",Der gute Wirt,6.13
Voß - Der Herbstgang,"""Voß, Johann Heinrich""",Der Herbstgang,7.11
Voß - Der Ruhesitz,"""Voß, Johann Heinrich""",Der Ruhesitz,6.15
Voß - Der trauernde Freund,"""Voß, Johann Heinrich""",Der trauernde Freund,8.41
Voß - Der zufriedene Greis,"""Voß, Johann Heinrich""",Der zufriedene Greis,8.7
Voß - Der zufriedene Sklave,"""Voß, Johann Heinrich""",Der zufriedene Sklave,6.19
Voß - Deutschland,"""Voß, Johann Heinrich""",Deutschland,4.80
Voß - Die Bundeseiche,"""Voß, Johann Heinrich""",Die Bundeseiche,4.80
Voß - Die Deutschheit,"""Voß, Johann Heinrich""",Die Deutschheit,4.80
Voß - Die Dichtkunst,"""Voß, Johann Heinrich""",Die Dichtkunst,8.6
Voß - Die drei Diebe,"""Voß, Johann Heinrich""",Die drei Diebe,4.36
Voß - Die erneuete Menschheit,"""Voß, Johann Heinrich""",Die erneuete Menschheit,4.81
Voß - Die Häusliche,"""Voß, Johann Heinrich""",Die Häusliche,8.1
Voß - Die Königswahl,"""Voß, Johann Heinrich""",Die Königswahl,6.36
Voß - Die Laube,"""Voß, Johann Heinrich""",Die Laube,4.51
Voß - Die Milderung,"""Voß, Johann Heinrich""",Die Milderung,6.10
Voß - Die Ruhe,"""Voß, Johann Heinrich""",Die Ruhe,7.11
Voß - Die Schlummernde,"""Voß, Johann Heinrich""",Die Schlummernde,4.95
Voß - Die Spinnerin,"""Voß, Johann Heinrich""",Die Spinnerin,6.36
Voß - Entschlossenheit,"""Voß, Johann Heinrich""",Entschlossenheit,7.7
Voß - Feldlied,"""Voß, Johann Heinrich""",Feldlied,6.29
Voß - Freude vor Gott,"""Voß, Johann Heinrich""",Freude vor Gott,6.35
Voß - Freundschaftsbund,"""Voß, Johann Heinrich""",Freundschaftsbund,6.14
Voß - Frühlingslied eines gnädigen Fräuleins,"""Voß, Johann Heinrich""",Frühlingslied eines gnädigen Fräuleins,8.15
Voß - Gott und die Liebe,"""Voß, Johann Heinrich""",Gott und die Liebe,8.38
Voß - Klopstock,"""Voß, Johann Heinrich""",Klopstock,4.80
Voß - Marias Klage,"""Voß, Johann Heinrich""",Marias Klage,6.28
Voß - Mein Sorgenfrei,"""Voß, Johann Heinrich""",Mein Sorgenfrei,6.17
Voß - Morgenlied,"""Voß, Johann Heinrich""",Morgenlied,6.10
Voß - Obstlied,"""Voß, Johann Heinrich""",Obstlied,5.4
Voß - Schäferin Hannchen,"""Voß, Johann Heinrich""",Schäferin Hannchen,8.7
Voß - Sehnsucht des Alters,"""Voß, Johann Heinrich""",Sehnsucht des Alters,8.2
Voß - Tischlied,"""Voß, Johann Heinrich""",Tischlied,6.11
Voß - Trinklied,"""Voß, Johann Heinrich""",Trinklied,8.7
Voß - Trinklied für Freie,"""Voß, Johann Heinrich""",Trinklied für Freie,4.34
Voß - Vaterlandsliebe,"""Voß, Johann Heinrich""",Vaterlandsliebe,8.38
Voß - Warnung,"""Voß, Johann Heinrich""",Warnung,4.81
"Voß - Wohl, wohl dem Manne für und für","""Voß, Johann Heinrich""","Wohl, wohl dem Manne für und für",6.15
Vring - Abendgang,"""Vring, Georg von der""",Abendgang,2.4
Vring - Akelei und Fuchsien,"""Vring, Georg von der""",Akelei und Fuchsien,4.31
Vring - Auf gehender Mond,"""Vring, Georg von der""",Auf gehender Mond,4.41
Vring - Das Vogelhaus,"""Vring, Georg von der""",Das Vogelhaus,8.16
Vring - Der Sandmann,"""Vring, Georg von der""",Der Sandmann,6.15
Vring - Der tote Fisch,"""Vring, Georg von der""",Der tote Fisch,2.5
Vring - Die Bösen,"""Vring, Georg von der""",Die Bösen,6.47
Vring - Die Lilie,"""Vring, Georg von der""",Die Lilie,6.15
Vring - Die roten Schuhe,"""Vring, Georg von der""",Die roten Schuhe,4.1
Vring - Dreifaches Ritornell,"""Vring, Georg von der""",Dreifaches Ritornell,3.1
Vring - In des Waldes tiefsten Gründen,"""Vring, Georg von der""",In des Waldes tiefsten Gründen,4.49
Vring - Ländlicher Friedhof,"""Vring, Georg von der""",Ländlicher Friedhof,4.14
Vring - Lied vor Tag,"""Vring, Georg von der""",Lied vor Tag,4.42
Vring - Manches Jahr,"""Vring, Georg von der""",Manches Jahr,4.53
Vring - Märznacht,"""Vring, Georg von der""",Märznacht,"4.15,4.15a"
Vring - Märzregen,"""Vring, Georg von der""",Märzregen,4.30
Vring - Myrthe,"""Vring, Georg von der""",Myrthe,4.109
Vring - Nie genug,"""Vring, Georg von der""",Nie genug,4.34
Vring - Oboe,"""Vring, Georg von der""",Oboe,4.11
Vring - Roshaber Wiegenlied,"""Vring, Georg von der""",Roshaber Wiegenlied,4.23
Vring - Selige Liebste,"""Vring, Georg von der""",Selige Liebste,4.36
Vring - Sonnenuntergang,"""Vring, Georg von der""",Sonnenuntergang,4.56
Vring - Sterbender Soldat,"""Vring, Georg von der""",Sterbender Soldat,4.30
Vring - Tanzlied,"""Vring, Georg von der""",Tanzlied,4.15
Vring - Todesjahr,"""Vring, Georg von der""",Todesjahr,4.32
Vring - Was soll ich alles finden,"""Vring, Georg von der""",Was soll ich alles finden,8.7
Wackenroder - Das Meer,"""Wackenroder, Wilhelm Heinrich""",Das Meer,6.11
"Wackenroder - Siehe, wie ich trostlos weine","""Wackenroder, Wilhelm Heinrich""","Siehe, wie ich trostlos weine",6.30
Wackenroder - Süße Ahnungsschauer gleiten,"""Wackenroder, Wilhelm Heinrich""",Süße Ahnungsschauer gleiten,6.29
Wackernagel - Das Lied vom grünen Kranze,"""Wackernagel, Wilhelm""",Das Lied vom grünen Kranze,7.7
Wackernagel - Soldatenlieb,"""Wackernagel, Wilhelm""",Soldatenlieb,7.3
Wagner-Warmbronn - Waldesglocken,"""Wagner-Warmbronn, Christian""",Waldesglocken,2.9
Wagner-Warmbronn - Wildschützen,"""Wagner-Warmbronn, Christian""",Wildschützen,2.9
"Wagner, C. - Ballade vom Königskinde","""Wagner, Christian""",Ballade vom Königskinde,4.21
"Wagner, C. - Birkenlegende","""Wagner, Christian""",Birkenlegende,2.5
"Wagner, C. - Blumenrache","""Wagner, Christian""",Blumenrache,4.97
"Wagner, C. - Germanengräber","""Wagner, Christian""",Germanengräber,4.96
"Wagner, C. - Herbstmythe","""Wagner, Christian""",Herbstmythe,6.41
"Wagner, C. - Leise Boten","""Wagner, Christian""",Leise Boten,4.92
"Wagner, C. - Märchen vom Immergrün","""Wagner, Christian""",Märchen vom Immergrün,6.8
"Wagner, C. - Nilblume","""Wagner, Christian""",Nilblume,4.92
"Wagner, C. - Weihnachtsmäre","""Wagner, Christian""",Weihnachtsmäre,4.3
"Wagner, C. - Wolkenmythe","""Wagner, Christian""",Wolkenmythe,5.5
"Wagner, H.L. - An den Mond","""Wagner, Heinrich Leopold""",An den Mond,4.30
"Wagner, J. - Herr Jesu Christ, erbarm dich mein","""Wagner, Johann""","Herr Jesu Christ, erbarm dich mein",5.6
"Wagner, J.C. - Einladung zur Abendfeier","""Wagner, Johann Christoph""",Einladung zur Abendfeier,4.75
"Wagner, J.C. - Glück auf, komm, liebe Zitter, komm","""Wagner, Johann Christoph""","Glück auf, komm, liebe Zitter, komm",7.7
Waiblinger - Abschied von Sizilien,"""Waiblinger, Wilhelm""",Abschied von Sizilien,8.47
Waiblinger - Das Grab der Scipionen,"""Waiblinger, Wilhelm""",Das Grab der Scipionen,4.80
Waiblinger - Das Vaterland,"""Waiblinger, Wilhelm""",Das Vaterland,8.37
Waiblinger - Der Tempel von Agrigent,"""Waiblinger, Wilhelm""",Der Tempel von Agrigent,4.80
Waiblinger - Lied der Liebe in der Heimat,"""Waiblinger, Wilhelm""",Lied der Liebe in der Heimat,8.26
Waiblinger - Lieder aus Capri,"""Waiblinger, Wilhelm""",Lieder aus Capri,3.9
Waiblinger - Morgenerinnerung,"""Waiblinger, Wilhelm""",Morgenerinnerung,8.7
"Waldis - Ach Herr, erhör mein flehlich Bitten","""Waldis, Burkard""","Ach Herr, erhör mein flehlich Bitten",8.15
Waldis - Der Herr ist König unverruckt,"""Waldis, Burkard""",Der Herr ist König unverruckt,8.17
"Waldis - Herr Gott, man lobt dich zu Zion","""Waldis, Burkard""","Herr Gott, man lobt dich zu Zion",11.1
Waldis - Ich stund an einem Morgen,"""Waldis, Burkard""",Ich stund an einem Morgen,7.3
Waldis - Lobt Gott in seinem Heiligtum,"""Waldis, Burkard""",Lobt Gott in seinem Heiligtum,8.12
"Waldis - O Christe, Schöpfer, König, Herr","""Waldis, Burkard""","O Christe, Schöpfer, König, Herr",4.58
"Waldis - Singet dem Herrn ein neues Lied, / dann er tut große Wunder","""Waldis, Burkard""","Singet dem Herrn ein neues Lied, / dann er tut große Wunder",9.2
Waldis - Wann ich in Angst und Nöten bin,"""Waldis, Burkard""",Wann ich in Angst und Nöten bin,6.33
"Walter, F.G. - Lied","""Walter, Friedrich Gottlieb""",Lied,6.27
"Walter, S. - Die Irre","""Walter, Silja""",Die Irre,4.100
Walther von der Vogelweide - Allererst lebe ich mir werde,Walther von der Vogelweide,Allererst lebe ich mir werde,7.0
Walther von der Vogelweide - Herzeliebez frouwelin,Walther von der Vogelweide,Herzeliebez frouwelin,7.0
"Walther, J. - Gott Vater, Sohn und Heilger Geist","""Walther, Johann""","Gott Vater, Sohn und Heilger Geist",8.15
"Walther, J. - Herzlich tut mich erfreuen","""Walther, Johann""",Herzlich tut mich erfreuen,8.7
"Walther, M. - Wach auf, wach auf, du deutsches Land","""Walther, Johann""","Wach auf, wach auf, du deutsches Land",7.7
"Walther, R. - Der Hahn kräht uns die Stunde","""Walther, Rudolf""",Der Hahn kräht uns die Stunde,7.3
Watzdorf - Von aller Welt verlassen,"""Watzdorf, Petrus""",Von aller Welt verlassen,9.1
"Weber, F.W. - Der Gladiator","""Weber, Friedrich Wilhelm""",Der Gladiator,4.126
"Weber, F.W. - Dreizehnlinden","""Weber, Friedrich Wilhelm""",Dreizehnlinden,4.54
"Weber, F.W. - Sachsentrotz","""Weber, Friedrich Wilhelm""",Sachsentrotz,6.19
"Weber, F.W. - UhlandsTod","""Weber, Friedrich Wilhelm""",UhlandsTod,5.2
"Weber, G. - Ach du allerhöchste Freude","""Weber, Georg""",Ach du allerhöchste Freude,6.32
"Weber, G. - Ach du Schönster meiner Seelen","""Weber, Georg""",Ach du Schönster meiner Seelen,4.51
"Weber, G. - Himmlische Antwort an die klagende Seele (Je du hochbetrübte du)","""Weber, Georg""",Himmlische Antwort an die klagende Seele (Je du hochbetrübte du),6.24
"Weber, G. - Jesus ist erstanden schon","""Weber, Georg""",Jesus ist erstanden schon,4.45
"Weber, G. - Krankes Herz, nun freue dich","""Weber, Georg""","Krankes Herz, nun freue dich",6.17
"Weber, G. - Lob und Preis sei dir gesungen","""Weber, Georg""",Lob und Preis sei dir gesungen,4.49
"Weber, G. - Meine Lieb ist Jesus Christ","""Weber, Georg""",Meine Lieb ist Jesus Christ,6.22
"Weckherlin - Ach süße Seel, muß ich dich denn verlieren","""Weckherlin, Georg Rudolf""","Ach süße Seel, muß ich dich denn verlieren",6.45
"Weckherlin - An die Durchleuchtigste [...] Elisabeth, Pfalzgräfin bei Rhein (Demnach ich mich neulich bedacht)","""Weckherlin, Georg Rudolf""","An die Durchleuchtigste [...] Elisabeth, Pfalzgräfin bei Rhein (Demnach ich mich neulich bedacht)",4.64
Weckherlin - An mein Buch,"""Weckherlin, Georg Rudolf""",An mein Buch,4.66
Weckherlin - An Schön- und Rauheit kann man euch,"""Weckherlin, Georg Rudolf""",An Schön- und Rauheit kann man euch,8.34
Weckherlin - Danksagung der erledigten Cypris (Euch will ich stets dienen und ehren),"""Weckherlin, Georg Rudolf""",Danksagung der erledigten Cypris (Euch will ich stets dienen und ehren),6.38
Weckherlin - Der du allmächtig kannst bewahren,"""Weckherlin, Georg Rudolf""",Der du allmächtig kannst bewahren,8.39
"Weckherlin - Der einig Schirm, Schanz, Schutz ist Gott","""Weckherlin, Georg Rudolf""","Der einig Schirm, Schanz, Schutz ist Gott",8.15
Weckherlin - Die Natur hat ein jedes Tier,"""Weckherlin, Georg Rudolf""",Die Natur hat ein jedes Tier,6.34
"Weckherlin - Es ist kein Herr, kein König","""Weckherlin, Georg Rudolf""","Es ist kein Herr, kein König",8.7
"Weckherlin - Freuden-Fest (Nein, es ist nicht mehr not)","""Weckherlin, Georg Rudolf""","Freuden-Fest (Nein, es ist nicht mehr not)",4.116
"Weckherlin - Ihr Herren, die ihr herein tretet","""Weckherlin, Georg Rudolf""","Ihr Herren, die ihr herein tretet",8.36
Weckherlin - Ihr keuschen Nymphen dieser Welt,"""Weckherlin, Georg Rudolf""",Ihr keuschen Nymphen dieser Welt,10.8
Weckherlin - Lobgesang von den drei württembergischen Grazien (Wer gern zur Fühlingszeit wollt sehen),"""Weckherlin, Georg Rudolf""",Lobgesang von den drei württembergischen Grazien (Wer gern zur Fühlingszeit wollt sehen),6.37
Weckherlin - Mensch kannst du wohl dein,"""Weckherlin, Georg Rudolf""",Mensch kannst du wohl dein,3.6
"Weckherlin - Myrta und Filodor (Filodor, sag mir doch frei)","""Weckherlin, Georg Rudolf""","Myrta und Filodor (Filodor, sag mir doch frei)",8.19
Weckherlin - O Gott barmherzig und gerecht,"""Weckherlin, Georg Rudolf""",O Gott barmherzig und gerecht,4.36
Weckherlin - O ihr Göttin,"""Weckherlin, Georg Rudolf""",O ihr Göttin,4.103
Weckherlin - Rede des jungen Teutschen,"""Weckherlin, Georg Rudolf""",Rede des jungen Teutschen Adels,4.120
Weckherlin - Venus an das Frauenzimmer,"""Weckherlin, Georg Rudolf""",Venus an das Frauenzimmer,6.34
"Weckherlin - Vergnügt und fröhlich (Ho, laß uns gut Geschirr machen)","""Weckherlin, Georg Rudolf""","Vergnügt und fröhlich (Ho, laß uns gut Geschirr machen)",6.29
Weckherlin - Von dem neuen Garten [...] (Kannst du wohl glückseliger sein),"""Weckherlin, Georg Rudolf""",Von dem neuen Garten [...] (Kannst du wohl glückseliger sein),8.34
Weckherlin - Warum ihr Frauen und,"""Weckherlin, Georg Rudolf""",Warum ihr Frauen und Jungfrauen,6.39
Weckherlin - Was für ein Glanz verjaget meine Not,"""Weckherlin, Georg Rudolf""",Was für ein Glanz verjaget meine Not,4.102
Weckherlin - Wer ist doch immer so,"""Weckherlin, Georg Rudolf""",Wer ist doch immer so,4.66
Weckherlin - Wie sonst ein Potentat / der viel Länder regieret,"""Weckherlin, Georg Rudolf""",Wie sonst ein Potentat / der viel Länder regieret,4.118
Wedekind - An Kunigunde,"""Wedekind, Frank""",An Kunigunde,8.41
Wedekind - Der Zoologe von Berlin,"""Wedekind, Frank""",Der Zoologe von Berlin,8.41
Wedekind - Des Dichters Klage,"""Wedekind, Frank""",Des Dichters Klage,8.41
Wedekind - Die schöne Helena,"""Wedekind, Frank""",Die schöne Helena,8.41
Wedekind - Eduard von Hartmann,"""Wedekind, Frank""",Eduard von Hartmann,4.64
Wedekind - Ein Nachtabenteuer,"""Wedekind, Frank""",Ein Nachtabenteuer,4.32
Wedekind - Nach Geliert,"""Wedekind, Frank""",Nach Geliert,6.9
Wedekind - Pennal,"""Wedekind, Frank""",Pennal,8.41
Wedekind - Q. Horati Flacci carminum lib. I c. V,"""Wedekind, Frank""",Q. Horati Flacci carminum lib. I c. V,5.4
Weerth - Arbeite,"""Weerth, Georg""",Arbeite,4.67
Weerth - Auf hohem Berge,"""Weerth, Georg""",Auf hohem Berge,4.20
Weerth - Beim Tode Niclas Beckers,"""Weerth, Georg""",Beim Tode Niclas Beckers,4.102
Weerth - Das ist das Haus am schwarzen,"""Weerth, Georg""",Das ist das Haus am schwarzen,4.58
Weerth - Das ist ein lustiges Springen,"""Weerth, Georg""",Das ist ein lustiges Springen,5.2
Weerth - Das Lied von der verunglückten Kartoffel,"""Weerth, Georg""",Das Lied von der verunglückten Kartoffel,4.36
Weerth - Der Kanonengießer,"""Weerth, Georg""",Der Kanonengießer,4.36
Weerth - Der Sommerabend war lang und lieblich,"""Weerth, Georg""",Der Sommerabend war lang und lieblich,4.68
Weerth - Der Wein ist nicht geraten,"""Weerth, Georg""",Der Wein ist nicht geraten,8.7
Weerth - Deutscher und Ire,"""Weerth, Georg""",Deutscher und Ire,4.63
Weerth - Die Großmutter,"""Weerth, Georg""",Die Großmutter,4.16
Weerth - Erinnerungen,"""Weerth, Georg""",Erinnerungen,4.103
Weerth - Es war ein armer Schneider,"""Weerth, Georg""",Es war ein armer Schneider,4.34
Weerth - Gericht,"""Weerth, Georg""",Gericht,8.46
Weerth - Haute Volée,"""Weerth, Georg""",Haute Volée,4.64
Weerth - Heuler und Wühler,"""Weerth, Georg""",Heuler und Wühler,4.56
Weerth - Ich sang und sang ein kleines,"""Weerth, Georg""",Ich sang und sang ein kleines,4.36
Weerth - Karnevalslied,"""Weerth, Georg""",Karnevalslied,8.14
Weerth - Salomo,"""Weerth, Georg""",Salomo,8.15
Weerth - Vernunft und Wahnsinn,"""Weerth, Georg""",Vernunft und Wahnsinn,8.44
Weerth - Wenn der Morgenstern glänzt,"""Weerth, Georg""",Wenn der Morgenstern glänzt,8.1
Weerth - Wie hast du dir das Leben doch versalzt,"""Weerth, Georg""",Wie hast du dir das Leben doch versalzt,8.44
Wegelin - Als Jesus an sein Leiden ging,"""Wegelin, Josua""",Als Jesus an sein Leiden ging,5.6
"Wegleiter - Beschwertes Herz, leg ab die Sorgen","""Wegleiter, Christoph""","Beschwertes Herz, leg ab die Sorgen",8.36
Wegleiter - Wann meine Seel den Tag bedenket,"""Wegleiter, Christoph""",Wann meine Seel den Tag bedenket,8.38
Wehrs - Zufriedenheit,"""Wehrs, Dorothea Charlotte Elisabeth""",Zufriedenheit,6.14
Weinheber - Abend auf der Veranda,"""Weinheber, Josef""",Abend auf der Veranda,4.9
Weinheber - Alltag,"""Weinheber, Josef""",Alltag,6.43
Weinheber - Also bleibe er stehn,"""Weinheber, Josef""",Also bleibe er stehn,4.111
Weinheber - Alt-Ottakringer Pilgerfahrt,"""Weinheber, Josef""",Alt-Ottakringer Pilgerfahrt,4.41
Weinheber - An den antiken Vers,"""Weinheber, Josef""",An den antiken Vers,4.81
Weinheber - An den Bruder,"""Weinheber, Josef""",An den Bruder,4.111
Weinheber - An die Jugend,"""Weinheber, Josef""",An die Jugend,4.81
Weinheber - An die Unbekannte,"""Weinheber, Josef""",An die Unbekannte,5.14
Weinheber - An Gott,"""Weinheber, Josef""",An Gott,4.106
Weinheber - An Hölderlin,"""Weinheber, Josef""",An Hölderlin,4.111
Weinheber - An Mozart. Ein Prolog anläßlich des 150. Todestags,"""Weinheber, Josef""",An Mozart. Ein Prolog anläßlich des 150. Todestags,8.47
Weinheber - Anrufung,"""Weinheber, Josef""",Anrufung,4.94
Weinheber - Antwort auf einen Brief,"""Weinheber, Josef""",Antwort auf einen Brief,4.101
Weinheber - Arbeiter,"""Weinheber, Josef""",Arbeiter,10.7
Weinheber - Auf ein geliebtes Bild,"""Weinheber, Josef""",Auf ein geliebtes Bild,6.28
Weinheber - Auferstehung,"""Weinheber, Josef""",Auferstehung,4.34
Weinheber - Aus dem Traum gesprochen,"""Weinheber, Josef""",Aus dem Traum gesprochen,4.100
Weinheber - Ballade vom kleinen Mann,"""Weinheber, Josef""",Ballade vom kleinen Mann,4.35
Weinheber - Bauer,"""Weinheber, Josef""",Bauer,10.7
Weinheber - Baum im Frost,"""Weinheber, Josef""",Baum im Frost,4.111
"Weinheber - Beug dich, Fremder, liebend hinab","""Weinheber, Josef""","Beug dich, Fremder, liebend hinab",4.81
Weinheber - Capriccio,"""Weinheber, Josef""",Capriccio,4.100
Weinheber - Cello,"""Weinheber, Josef""",Cello,4.100
Weinheber - Das Bett,"""Weinheber, Josef""",Das Bett,4.11
Weinheber - Das Buch,"""Weinheber, Josef""",Das Buch,4.7
Weinheber - Das Dach,"""Weinheber, Josef""",Das Dach,4.11
Weinheber - Das Gewitter 1,"""Weinheber, Josef""",Das Gewitter 1,4.100
Weinheber - Das Gewitter 2,"""Weinheber, Josef""",Das Gewitter 2,"4.14,4.14a"
Weinheber - Das gibt Dir Trost,"""Weinheber, Josef""",Das gibt Dir Trost,4.106
Weinheber - Das Haus,"""Weinheber, Josef""",Das Haus,4.41
Weinheber - Das Kunstwerk,"""Weinheber, Josef""",Das Kunstwerk,4.5
Weinheber - Das Ritornell,"""Weinheber, Josef""",Das Ritornell,3.1
Weinheber - Das Weib,"""Weinheber, Josef""",Das Weib,8.13
Weinheber - Das Werk,"""Weinheber, Josef""",Das Werk,4.80
Weinheber - Den Wiener Philharmonikern zur Hundertjahrfeier,"""Weinheber, Josef""",Den Wiener Philharmonikern zur Hundertjahrfeier,5.8
Weinheber - Der Anapäst,"""Weinheber, Josef""",Der Anapäst,4.62
Weinheber - Der Auflauf,"""Weinheber, Josef""",Der Auflauf,4.36
Weinheber - Der Bau,"""Weinheber, Josef""",Der Bau,2.6
Weinheber - Der Baum,"""Weinheber, Josef""",Der Baum,4.59
Weinheber - Der Daktylus,"""Weinheber, Josef""",Der Daktylus,6.31
Weinheber - Der Krug,"""Weinheber, Josef""",Der Krug,4.11
Weinheber - Der Ober an den Stift,"""Weinheber, Josef""",Der Ober an den Stift,4.41
Weinheber - Der Philosoph,"""Weinheber, Josef""",Der Philosoph,4.17
Weinheber - Der Punkt,"""Weinheber, Josef""",Der Punkt,4.16
Weinheber - Der Rebell,"""Weinheber, Josef""",Der Rebell,6.20
Weinheber - Der Reim,"""Weinheber, Josef""",Der Reim,2.7
Weinheber - Der Rest von Ottokring,"""Weinheber, Josef""",Der Rest von Ottokring,5.4
Weinheber - Der Trochäus,"""Weinheber, Josef""",Der Trochäus,4.52
Weinheber - Der Turm,"""Weinheber, Josef""",Der Turm,4.80
Weinheber - Der Zurückgebliebene,"""Weinheber, Josef""",Der Zurückgebliebene,6.18
Weinheber - Die Beiden,"""Weinheber, Josef""",Die Beiden,8.48
Weinheber - Die Falte,"""Weinheber, Josef""",Die Falte,4.41
Weinheber - Die gemischte asklepiadeische,"""Weinheber, Josef""",Die gemischte asklepiadeische,4.111
Weinheber - Die Schwestern,"""Weinheber, Josef""",Die Schwestern,6.31
Weinheber - Die Sonne ohne dich hat keinen,"""Weinheber, Josef""",Die Sonne ohne dich hat keinen,2.9
Weinheber - Die Werbung,"""Weinheber, Josef""",Die Werbung,5.3
Weinheber - Dran denk ich oft,"""Weinheber, Josef""",Dran denk ich oft,2.9
Weinheber - Du bist Orplid,"""Weinheber, Josef""",Du bist Orplid,8.0
"Weinheber - Duft, Ton, Färb","""Weinheber, Josef""","Duft, Ton, Färb",4.111
Weinheber - Ehe,"""Weinheber, Josef""",Ehe,3.7
Weinheber - Elegisches Distichon,"""Weinheber, Josef""",Elegisches Distichon,2.11
Weinheber - Frühlingslied,"""Weinheber, Josef""",Frühlingslied,"3.3,3.3aaa"
Weinheber - Gasse in Neapel,"""Weinheber, Josef""",Gasse in Neapel,3.7
Weinheber - Gesang vom Weibe,"""Weinheber, Josef""",Gesang vom Weibe,4.80
Weinheber - Großer Gedanke,"""Weinheber, Josef""",Großer Gedanke,4.1
Weinheber - Handwerker,"""Weinheber, Josef""",Handwerker,10.7
Weinheber - Heimatlose,"""Weinheber, Josef""",Heimatlose,3.7
Weinheber - Im Grase,"""Weinheber, Josef""",Im Grase,4.13
Weinheber - Im Hause des Gerichts,"""Weinheber, Josef""",Im Hause des Gerichts,4.7
Weinheber - In Betrachtung einer Hand,"""Weinheber, Josef""",In Betrachtung einer Hand,2.9
Weinheber - In jeder Blume blühst du,"""Weinheber, Josef""",In jeder Blume blühst du,4.27
Weinheber - Inkarnation in der Sprache,"""Weinheber, Josef""",Inkarnation in der Sprache,4.17
Weinheber - Introitus,"""Weinheber, Josef""",Introitus,"3.7,3.7x"
Weinheber - Irrsinniger Invalide,"""Weinheber, Josef""",Irrsinniger Invalide,6.42
"Weinheber - Janus 1, 2","""Weinheber, Josef""","Janus 1, 2",3.7
Weinheber - Jetzt kommt das Licht,"""Weinheber, Josef""",Jetzt kommt das Licht,3.2
Weinheber - Juli,"""Weinheber, Josef""",Juli,4.10
Weinheber - Kaufmann,"""Weinheber, Josef""",Kaufmann,10.7
Weinheber - Kette der Sehnsucht,"""Weinheber, Josef""",Kette der Sehnsucht,4.93
Weinheber - Klage um den Freund,"""Weinheber, Josef""",Klage um den Freund,4.81
Weinheber - Künstler Falstaff,"""Weinheber, Josef""",Künstler Falstaff,4.34
Weinheber - Leben,"""Weinheber, Josef""",Leben,3.7
Weinheber - Legende aus dem Paradies,"""Weinheber, Josef""",Legende aus dem Paradies,6.42
Weinheber - Liebhartstal,"""Weinheber, Josef""",Liebhartstal,4.103
Weinheber - Lied vom Tode,"""Weinheber, Josef""",Lied vom Tode,8.46
Weinheber - Löwenzahn,"""Weinheber, Josef""",Löwenzahn,5.8
Weinheber - Maiglöckchen,"""Weinheber, Josef""",Maiglöckchen,"3.3,3.3axa"
Weinheber - Malend verträum ich mich,"""Weinheber, Josef""",Malend verträum ich mich,3.7
Weinheber - Meditation,"""Weinheber, Josef""",Meditation,4.58
Weinheber - Mir träumt manchmal,"""Weinheber, Josef""",Mir träumt manchmal,4.16
Weinheber - Mit halber Stimme,"""Weinheber, Josef""",Mit halber Stimme,4.81
Weinheber - Mutter mit dem Kind,"""Weinheber, Josef""",Mutter mit dem Kind,5.2
Weinheber - Narzissen,"""Weinheber, Josef""",Narzissen,4.111
Weinheber - Nenie,"""Weinheber, Josef""",Nenie,4.80
Weinheber - Nicht das Ding rechtfertigt den Menschen,"""Weinheber, Josef""",Nicht das Ding rechtfertigt den Menschen,4.81
Weinheber - Novelle in Briefen,"""Weinheber, Josef""",Novelle in Briefen,8.46
Weinheber - Österreichischer Käse,"""Weinheber, Josef""",Österreichischer Käse,4.34
Weinheber - Regen im Frühling,"""Weinheber, Josef""",Regen im Frühling,4.90
"Weinheber - Reim, Sache der Liebe","""Weinheber, Josef""","Reim, Sache der Liebe",4.39
Weinheber - Sankt Nikolaus,"""Weinheber, Josef""",Sankt Nikolaus,6.33
Weinheber - Satans Karneval,"""Weinheber, Josef""",Satans Karneval,8.41
Weinheber - Säuferballade,"""Weinheber, Josef""",Säuferballade,6.18
Weinheber - Schlanke Flöte,"""Weinheber, Josef""",Schlanke Flöte,4.30
Weinheber - Schöner Vogel,"""Weinheber, Josef""",Schöner Vogel,4.31
Weinheber - Sentimentale Nacht,"""Weinheber, Josef""",Sentimentale Nacht,4.93
"Weinheber - Sie, die Sänger des Volks","""Weinheber, Josef""","Sie, die Sänger des Volks",8.8
Weinheber - So büßen wir das Licht,"""Weinheber, Josef""",So büßen wir das Licht,3.7
Weinheber - Spruch zur Abwehr,"""Weinheber, Josef""",Spruch zur Abwehr,4.96
Weinheber - Sterbende Liebe,"""Weinheber, Josef""",Sterbende Liebe,4.100
Weinheber - Tulpe,"""Weinheber, Josef""",Tulpe,4.31
Weinheber - Türkei,"""Weinheber, Josef""",Türkei,5.16
Weinheber - Unbekannte Frau,"""Weinheber, Josef""",Unbekannte Frau,4.60
Weinheber - Und wir gingen nachts im,"""Weinheber, Josef""",Und wir gingen nachts im,4.89
Weinheber - Vision,"""Weinheber, Josef""",Vision,5.5
Weinheber - Von der Terrasse meines,"""Weinheber, Josef""",Von der Terrasse meines,4.25
Weinheber - Vor dem Spiegel,"""Weinheber, Josef""",Vor dem Spiegel,6.43
Weinheber - VorstadtgasseimSommer,"""Weinheber, Josef""",VorstadtgasseimSommer,4.10
Weinheber - Wandern im Regen,"""Weinheber, Josef""",Wandern im Regen,4.93
Weinheber - Was denn nimmt er hinab,"""Weinheber, Josef""",Was denn nimmt er hinab,4.111
Weinheber - Was je uns die Himmlischen taten,"""Weinheber, Josef""",Was je uns die Himmlischen taten,4.80
Weinheber - Weg zwischen Feldern,"""Weinheber, Josef""",Weg zwischen Feldern,4.98
Weinheber - Wenn mein Sein auch nur ein,"""Weinheber, Josef""",Wenn mein Sein auch nur ein,4.89
Weinheber - Wie durft er hoffen,"""Weinheber, Josef""",Wie durft er hoffen,4.80
Weinheber - Wir kommen aus der Nacht 1,"""Weinheber, Josef""",Wir kommen aus der Nacht 1,4.106
Weinheber - Wir Wiener,"""Weinheber, Josef""",Wir Wiener,8.7
Weinheber - Wohlgestalt des Menschen,"""Weinheber, Josef""",Wohlgestalt des Menschen,4.81
Weinheber - Zeitloses Lied,"""Weinheber, Josef""",Zeitloses Lied,8.3
Weinheber - Zuspruch,"""Weinheber, Josef""",Zuspruch,6.41
Weinheber - Zweite Geige,"""Weinheber, Josef""",Zweite Geige,4.7
Weise - Als die böse Catharis ihren Namenstag beging,"""Weise, Christian""",Als die böse Catharis ihren Namenstag beging,6.23
Weise - Alte Grillen,"""Weise, Christian""",Alte Grillen,6.25
Weise - An die junge und wunderschöne Salibene,"""Weise, Christian""",An die junge und wunderschöne Salibene,4.23
"Weise - An einen verliebten, aber doch","""Weise, Christian""","An einen verliebten, aber doch",6.38
"Weise - An seine Marilis, als er mit ihr zürnen mußte","""Weise, Christian""","An seine Marilis, als er mit ihr zürnen mußte",6.10
"Weise - An seine Marilis, als sie sauer sehen wollte","""Weise, Christian""","An seine Marilis, als sie sauer sehen wollte",4.113
Weise - An seine werteste Dulcimene,"""Weise, Christian""",An seine werteste Dulcimene,6.27
Weise - Auf die alten Junggesellen,"""Weise, Christian""",Auf die alten Junggesellen,6.25
Weise - Auf einen einfältigen Gümpel,"""Weise, Christian""",Auf einen einfältigen Gümpel,6.7
"Weise - Daphnis beklagt sich, die Fillis habe in seiner Gegenwart den Strefon geküsst","""Weise, Christian""","Daphnis beklagt sich, die Fillis habe in seiner Gegenwart den Strefon geküsst",8.22
Weise - Das umgekehrte Kartenspiel,"""Weise, Christian""",Das umgekehrte Kartenspiel,6.10
Weise - Der betrübte Abschied,"""Weise, Christian""",Der betrübte Abschied,6.39
Weise - Der furchtsame Liebhaber,"""Weise, Christian""",Der furchtsame Liebhaber,6.10
Weise - Der getreue Hausknecht,"""Weise, Christian""",Der getreue Hausknecht,6.15
Weise - Der höhnische Liebhaber,"""Weise, Christian""",Der höhnische Liebhaber,8.4
Weise - Der Jungfern Andrees-Gebet,"""Weise, Christian""",Der Jungfern Andrees-Gebet,7.6
Weise - Der Küster zu Plumpe beschreibt seinen künftigen Ehestand,"""Weise, Christian""",Der Küster zu Plumpe beschreibt seinen künftigen Ehestand,6.7
Weise - Der ungeduldige Liebhaber,"""Weise, Christian""",Der ungeduldige Liebhaber,6.34
Weise - Der ungewissen Liebhaber Nachtgedanken,"""Weise, Christian""",Der ungewissen Liebhaber Nachtgedanken,4.107
Weise - Die heimliche Falschheit,"""Weise, Christian""",Die heimliche Falschheit,4.17
Weise - Die unterschiedlichen Liebhaber,"""Weise, Christian""",Die unterschiedlichen Liebhaber,8.37
Weise - Die unverrostete Lieb,"""Weise, Christian""",Die unverrostete Lieb,6.15
"Weise - Er ist fromm, aber wenn er schläft","""Weise, Christian""","Er ist fromm, aber wenn er schläft",6.23
Weise - Er ist verliebt,"""Weise, Christian""",Er ist verliebt,4.107
Weise - Er schämet sich,"""Weise, Christian""",Er schämet sich,6.15
Weise - Es hungert ihn nach Fleische,"""Weise, Christian""",Es hungert ihn nach Fleische,6.49
"Weise - Gut gemeint, übel geraten","""Weise, Christian""","Gut gemeint, übel geraten",6.4
Weise - Hans in allen Gassen,"""Weise, Christian""",Hans in allen Gassen,6.49
Weise - Kleine Leute sind so gut als die Großen,"""Weise, Christian""",Kleine Leute sind so gut als die Großen,6.38
Weise - Man soll einander du heißen,"""Weise, Christian""",Man soll einander du heißen,8.13
Weise - Mein Knie tut mir abscheulich weh,"""Weise, Christian""",Mein Knie tut mir abscheulich weh,6.19
"Weise - Phillis muß einen haben, der wie Milch und Blut aussieht","""Weise, Christian""","Phillis muß einen haben, der wie Milch und Blut aussieht",6.27
"Weise - Politische Gedanken über eines guten Freundes Unglück, der sich das Maul an der Suppe verbrennet hatte","""Weise, Christian""","Politische Gedanken über eines guten Freundes Unglück, der sich das Maul an der Suppe verbrennet hatte",6.29
Weise - Tränen der Jungferschaft,"""Weise, Christian""",Tränen der Jungferschaft,6.27
Weise - Verwirrte Reise-Gedanken,"""Weise, Christian""",Verwirrte Reise-Gedanken,8.30
Weiß - Abend wacht,"""Weiß, Konrad""",Abend wacht,4.101
Weiß - Abendsorge,"""Weiß, Konrad""",Abendsorge,4.65
Weiß - Das Bild im Schweißtuche,"""Weiß, Konrad""",Das Bild im Schweißtuche,6.35
Weiß - Des Spiels Triumph,"""Weiß, Konrad""",Des Spiels Triumph,6.42
Weiß - Die Rose,"""Weiß, Konrad""",Die Rose,6.19
Weiß - Frühling im Regen,"""Weiß, Konrad""",Frühling im Regen,5.9
Weiß - Harter Tag,"""Weiß, Konrad""",Harter Tag,4.29
Weiß - Inviolata,"""Weiß, Konrad""",Inviolata,6.29
Weiß - Krypta,"""Weiß, Konrad""",Krypta,6.33
Weiß - Mit Hölderlin,"""Weiß, Konrad""",Mit Hölderlin,4.80
Weiß - Mondschein im Fenster,"""Weiß, Konrad""",Mondschein im Fenster,4.61
Weiß - Schwalben,"""Weiß, Konrad""",Schwalben,6.32
Weiß - Später Keim,"""Weiß, Konrad""",Später Keim,4.30
Weiß - Vorübergang,"""Weiß, Konrad""",Vorübergang,4.61
Weiß - Weihnacht im Walde,"""Weiß, Konrad""",Weihnacht im Walde,4.31
Weiß - Zungen im Wind,"""Weiß, Konrad""",Zungen im Wind,4.30
"Weiße, C.F. - Amynt und Doris","""Weiße, Christian Felix""",Amynt und Doris,6.40
"Weiße, C.F. - An den Amor","""Weiße, Christian Felix""",An den Amor,4.46
"Weiße, C.F. - An die Muse (Scherzhafte Muse, meine Freude)","""Weiße, Christian Felix""","An die Muse (Scherzhafte Muse, meine Freude)",8.38
"Weiße, C.F. - An ein Veilchen","""Weiße, Christian Felix""",An ein Veilchen,6.40
"Weiße, C.F. - Befehl an Zephyr","""Weiße, Christian Felix""",Befehl an Zephyr,4.67
"Weiße, C.F. - Damon und Doris","""Weiße, Christian Felix""",Damon und Doris,4.115
"Weiße, C.F. - Das Glück der Liebe","""Weiße, Christian Felix""",Das Glück der Liebe,4.67
"Weiße, C.F. - Das Klavier","""Weiße, Christian Felix""",Das Klavier,6.21
"Weiße, C.F. - Das macht er mir nicht weiß","""Weiße, Christian Felix""",Das macht er mir nicht weiß,6.30
"Weiße, C.F. - Der Entschluß","""Weiße, Christian Felix""",Der Entschluß,4.63
"Weiße, C.F. - Der Hund","""Weiße, Christian Felix""",Der Hund,4.36
"Weiße, C.F. - Der Kuß","""Weiße, Christian Felix""",Der Kuß,4.34
"Weiße, C.F. - Der Morgen","""Weiße, Christian Felix""",Der Morgen,8.37
"Weiße, C.F. - Der Soldat","""Weiße, Christian Felix""",Der Soldat,8.39
"Weiße, C.F. - Der Spaß","""Weiße, Christian Felix""",Der Spaß,8.37
"Weiße, C.F. - Der Spiegel","""Weiße, Christian Felix""",Der Spiegel,4.58
"Weiße, C.F. - Der Undankbare","""Weiße, Christian Felix""",Der Undankbare,6.18
"Weiße, C.F. - Die Annäherung des Frühlings","""Weiße, Christian Felix""",Die Annäherung des Frühlings,8.7
"Weiße, C.F. - Die Bosheiten der Stadt","""Weiße, Christian Felix""",Die Bosheiten der Stadt,6.27
"Weiße, C.F. - Die Einfalt","""Weiße, Christian Felix""",Die Einfalt,8.26
"Weiße, C.F. - Die früh aufgehende Sonne","""Weiße, Christian Felix""",Die früh aufgehende Sonne,4.64
"Weiße, C.F. - Die Gesellschaft","""Weiße, Christian Felix""",Die Gesellschaft,6.39
"Weiße, C.F. - Die Klugheit","""Weiße, Christian Felix""",Die Klugheit,4.65
"Weiße, C.F. - Die künftige Zeit","""Weiße, Christian Felix""",Die künftige Zeit,6.19
"Weiße, C.F. - Die Liebe ist blind","""Weiße, Christian Felix""",Die Liebe ist blind,4.34
"Weiße, C.F. - Die Mondenfinsternis","""Weiße, Christian Felix""",Die Mondenfinsternis,4.59
"Weiße, C.F. - Die Mütze","""Weiße, Christian Felix""",Die Mütze,6.38
"Weiße, C.F. - Die Nacht","""Weiße, Christian Felix""",Die Nacht,6.34
"Weiße, C.F. - Die schreckliche Tat","""Weiße, Christian Felix""",Die schreckliche Tat,4.69
"Weiße, C.F. - Die Schwatzhaftigkeit","""Weiße, Christian Felix""",Die Schwatzhaftigkeit,4.65
"Weiße, C.F. - Die Sicherheit in der Flucht","""Weiße, Christian Felix""",Die Sicherheit in der Flucht,6.38
"Weiße, C.F. - Die stumme Schöne","""Weiße, Christian Felix""",Die stumme Schöne,4.58
"Weiße, C.F. - Doris im Nachtkleide","""Weiße, Christian Felix""",Doris im Nachtkleide,4.46
"Weiße, C.F. - Ein Verweis","""Weiße, Christian Felix""",Ein Verweis,4.65
"Weiße, C.F. - Grablied auf einen in der Schlacht gebliebenen jungen Helden","""Weiße, Christian Felix""",Grablied auf einen in der Schlacht gebliebenen jungen Helden,4.34
"Weiße, C.F. - Thyrsis und Chloe","""Weiße, Christian Felix""",Thyrsis und Chloe,4.66
"Weiße, C.F. - Trinklied (Die Kehle tönt nicht ewig Lieder)","""Weiße, Christian Felix""",Trinklied (Die Kehle tönt nicht ewig Lieder),4.67
"Weiße, C.F. - Zuschrift an ein paar Kinder","""Weiße, Christian Felix""",Zuschrift an ein paar Kinder,4.38
"Weiße, C.F. - Zweikampf mit dem Amor","""Weiße, Christian Felix""",Zweikampf mit dem Amor,4.58
"Weiße, M. - Aus tiefer Not laßt uns zu Gott","""Weiße, Michael""",Aus tiefer Not laßt uns zu Gott,7.7
"Weiße, M. - Christus, der uns selig macht","""Weiße, Michael""","Christus, der uns selig macht",8.13
"Weiße, M. - Der Tag bricht an und zeiget sich","""Weiße, Michael""",Der Tag bricht an und zeiget sich,4.58
"Weiße, M. - Freuen wir uns all in ein","""Weiße, Michael""",Freuen wir uns all in ein,4.42
"Weiße, M. - Gelobt sei Gott im höchsten Thron","""Weiße, Michael""",Gelobt sei Gott im höchsten Thron,"3.4,3.4aaa"
"Weiße, M. - O wie fröhlich ist die Zeit","""Weiße, Michael""",O wie fröhlich ist die Zeit,4.42
"Weissel - Ich bin dein satt, o schnöde Welt","""Weissel, Georg""","Ich bin dein satt, o schnöde Welt",13.1
Wepse - Wärn meiner Sünd auch noch so viel,"""Wepse, Herman""",Wärn meiner Sünd auch noch so viel,5.6
Werder - Ariosts Rasender Roland,"""Werder, Diederich von dem""",Ariosts Rasender Roland,8.0
Werder - Tassos Erlöstes Jerusalem,"""Werder, Diederich von dem""",Tassos Erlöstes Jerusalem,8.0
"Werder - Was, was zerquälst du dich, mein Geist","""Werder, Diederich von dem""","Was, was zerquälst du dich, mein Geist",6.36
Werfel - Abschied,"""Werfel, Franz""",Abschied,4.75
Werfel - Anrufung,"""Werfel, Franz""",Anrufung,4.104
Werfel - Auf den alten Stationen,"""Werfel, Franz""",Auf den alten Stationen,4.97
Werfel - Das fromme Kind,"""Werfel, Franz""",Das fromme Kind,4.38
Werfel - Der alte Weltfreund,"""Werfel, Franz""",Der alte Weltfreund,6.41
Werfel - Der Erkennende,"""Werfel, Franz""",Der Erkennende,4.90
Werfel - Der gute Ort zu Wien,"""Werfel, Franz""",Der gute Ort zu Wien,4.63
Werfel - Der Hinsterbende,"""Werfel, Franz""",Der Hinsterbende,4.96
Werfel - Der Kranke,"""Werfel, Franz""",Der Kranke,4.106
Werfel - Der tote Jugendgefährte,"""Werfel, Franz""",Der tote Jugendgefährte,4.106
Werfel - Der uralte Ahn,"""Werfel, Franz""",Der uralte Ahn,4.63
Werfel - Der Volksplatz von Santa,"""Werfel, Franz""",Der Volksplatz von Santa,4.93
Werfel - Der Weltfreund versteht nicht,"""Werfel, Franz""",Der Weltfreund versteht nicht,4.69
Werfel - Die Himmelfahrt des,"""Werfel, Franz""",Die Himmelfahrt des,4.94
Werfel - Die Prophezeiung an,"""Werfel, Franz""",Die Prophezeiung an,4.96
Werfel - Die Witwe am Bette ihres,"""Werfel, Franz""",Die Witwe am Bette ihres,4.21
Werfel - Dort und hier,"""Werfel, Franz""",Dort und hier,2.8
Werfel - Echnatons Sonnengesang,"""Werfel, Franz""",Echnatons Sonnengesang,8.37
Werfel - Erster Schultag,"""Werfel, Franz""",Erster Schultag,8.26
Werfel - Ezechiels Gesicht von der,"""Werfel, Franz""",Ezechiels Gesicht von der,4.103
Werfel - Findellied,"""Werfel, Franz""",Findellied,6.17
Werfel - Fluch des Werkes,"""Werfel, Franz""",Fluch des Werkes,4.75
Werfel - Gleichnis der Nacht,"""Werfel, Franz""",Gleichnis der Nacht,8.41
Werfel - Ich staune,"""Werfel, Franz""",Ich staune,4.106
Werfel - Im Stadtpark,"""Werfel, Franz""",Im Stadtpark,4.59
Werfel - Jesus und der Äser-Weg,"""Werfel, Franz""",Jesus und der Äser-Weg,4.103
Werfel - Körpergefühl,"""Werfel, Franz""",Körpergefühl,4.64
Werfel - Leib im Spiegel,"""Werfel, Franz""",Leib im Spiegel,4.86
Werfel - Litanei eines Kranken,"""Werfel, Franz""",Litanei eines Kranken,4.3
Werfel - Mondlied eines Mädchens,"""Werfel, Franz""",Mondlied eines Mädchens,4.21
Werfel - Morgenhymnus,"""Werfel, Franz""",Morgenhymnus,4.67
Werfel - Nächtliche Heimkehr,"""Werfel, Franz""",Nächtliche Heimkehr,2.7
Werfel - Nächtliche Kahnfahrt und,"""Werfel, Franz""",Nächtliche Kahnfahrt und,2.7
Werfel - Tempora mea in manibus tuis,"""Werfel, Franz""",Tempora mea in manibus tuis,3.6
Werfel - Tropfen,"""Werfel, Franz""",Tropfen,2.8
Werfel - Vision 1917,"""Werfel, Franz""",Vision 1917,4.106
"Werner, G. - Freut euch, ihr Christen alle","""Werner, Georg""","Freut euch, ihr Christen alle",8.6
"Werner, G. - Ich hab, Gott lob, das Mein' vollbracht","""Werner, Georg""","Ich hab, Gott lob, das Mein' vollbracht",11.1
"Werner, G. - O frommer Christ, nimm eben wahr","""Werner, Georg""","O frommer Christ, nimm eben wahr",5.6
"Werner, G. - Wohlauf, du süßes Saitenspiel","""Werner, Georg""","Wohlauf, du süßes Saitenspiel",12.3
"Werner, Z. - Abschied von Rom","""Werner, Zacharias""",Abschied von Rom,6.19
"Werner, Z. - An Deutschlands Dichter","""Werner, Zacharias""",An Deutschlands Dichter,4.93
"Werner, Z. - An die Muse","""Werner, Zacharias""",An die Muse,5.8
"Werner, Z. - An meine künftige Schwester","""Werner, Zacharias""",An meine künftige Schwester,8.10
"Werner, Z. - Auf den Tag Mariä Himmelfahrt","""Werner, Zacharias""",Auf den Tag Mariä Himmelfahrt,4.100
"Werner, Z. - Auf Petzolds Tod","""Werner, Zacharias""",Auf Petzolds Tod,4.106
"Werner, Z. - Bei dem Wasserfalle zu Terni","""Werner, Zacharias""",Bei dem Wasserfalle zu Terni,4.114
"Werner, Z. - Bei der Leiche meines mir","""Werner, Zacharias""",Bei der Leiche meines mir,4.93
"Werner, Z. - Christliches Rheinweinlied","""Werner, Zacharias""",Christliches Rheinweinlied,4.76
"Werner, Z. - Der Pilger","""Werner, Zacharias""",Der Pilger,7.0
"Werner, Z. - Der Sieg des Todes","""Werner, Zacharias""",Der Sieg des Todes,5.14
"Werner, Z. - Die einzige Realität","""Werner, Zacharias""",Die einzige Realität,5.16
"Werner, Z. - Die Mutter","""Werner, Zacharias""",Die Mutter,7.7
"Werner, Z. - Die sieben Wort am Kreuz","""Werner, Zacharias""",Die sieben Wort am Kreuz,4.84
"Werner, Z. - Eucharistia","""Werner, Zacharias""",Eucharistia,6.28
"Werner, Z. - Italien","""Werner, Zacharias""",Italien,8.48
"Werner, Z. - Kriegslied","""Werner, Zacharias""",Kriegslied,6.15
"Werner, Z. - Lied im Geschmack des","""Werner, Zacharias""",Lied im Geschmack des,4.34
"Werner, Z. - Morgenlied","""Werner, Zacharias""",Morgenlied,8.7
"Werner, Z. - Tod des Gerechten","""Werner, Zacharias""",Tod des Gerechten,8.7
"Werner, Z. - Tod des Sünders","""Werner, Zacharias""",Tod des Sünders,8.7
"Werner, Z. - Zu Fernows Totenfeier","""Werner, Zacharias""",Zu Fernows Totenfeier,3.7
"Wessel - Die Fahne hoch, die Reihen","""Wessel, Horst""","Die Fahne hoch, die Reihen",4.106
"Westphalen - Im Dasein, im Verschwinden","""Westphalen, Christine""","Im Dasein, im Verschwinden",6.11
Wetzel - Frauensand,"""Wetzel, Friedrich Gottlieb""",Frauensand,7.7
Wetzel - Nun mit Gott! Es ist beschlossen!,"""Wetzel, Friedrich Gottlieb""",Nun mit Gott! Es ist beschlossen!,6.30
Weyrauch - Am Mittag,"""Weyrauch, Wolfgang""",Am Mittag,4.78
Weyrauch - Ballade vom Drachen,"""Weyrauch, Wolfgang""",Ballade vom Drachen,3.2
Weyrauch - Die Vogelscheuche,"""Weyrauch, Wolfgang""",Die Vogelscheuche,4.37
Weyrauch - Geh in die Mitternacht hinein,"""Weyrauch, Wolfgang""",Geh in die Mitternacht hinein,4.60
Weyrauch - Gesang um nicht zu sterben,"""Weyrauch, Wolfgang""",Gesang um nicht zu sterben,4.20
Weyrauch - Gewitter,"""Weyrauch, Wolfgang""",Gewitter,4.51
Weyrauch - Ich schlief bei dir,"""Weyrauch, Wolfgang""",Ich schlief bei dir,5.15
Weyrauch - Im Korn,"""Weyrauch, Wolfgang""",Im Korn,"3.4,3.4aaa"
Weyrauch - Kirschbaumlegende,"""Weyrauch, Wolfgang""",Kirschbaumlegende,6.42
Weyrauch - Liebespaar lag auf dem Kissen,"""Weyrauch, Wolfgang""",Liebespaar lag auf dem Kissen,4.48
Weyrauch - Lied von den Pedalen,"""Weyrauch, Wolfgang""",Lied von den Pedalen,4.121
"Weyrauch - Wind, unsre Wand","""Weyrauch, Wolfgang""","Wind, unsre Wand",3.7
Weyrauch - Wir alle sind in Gottes Hut,"""Weyrauch, Wolfgang""",Wir alle sind in Gottes Hut,8.30
Wiechert - Abendlied auf dem Rütihof,"""Wiechert, Ernst""",Abendlied auf dem Rütihof,4.21
Wiechert - Abendlied des Gärtners,"""Wiechert, Ernst""",Abendlied des Gärtners,5.9
Wiechert - Denen die guten Willens sind,"""Wiechert, Ernst""",Denen die guten Willens sind,8.46
Wiechert - Dies ist das letzte wohl der,"""Wiechert, Ernst""",Dies ist das letzte wohl der,4.73
Wieland - Oberon,"""Wieland, Christoph Martin""",Oberon,8.48
Wieland - Ode an Schinz,"""Wieland, Christoph Martin""",Ode an Schinz,4.111
Wieland - Ode an Serena,"""Wieland, Christoph Martin""",Ode an Serena,4.111
Wieland - Ode. An seine Freundin,"""Wieland, Christoph Martin""",Ode. An seine Freundin,4.111
Wieland - Stabat mater,"""Wieland, Christoph Martin""",Stabat mater,6.30
Wildenbruch - Abschied,"""Wildenbruch, Ernst von""",Abschied,4.49
Wildenbruch - Auf Wilhelm Scherers Tod,"""Wildenbruch, Ernst von""",Auf Wilhelm Scherers Tod,4.103
Wildenbruch - Das Grab des Kyros,"""Wildenbruch, Ernst von""",Das Grab des Kyros,4.103
Wildenbruch - Der Alte beim Schützenfest,"""Wildenbruch, Ernst von""",Der Alte beim Schützenfest,5.5
Wildenbruch - Der neue Herr Oluf,"""Wildenbruch, Ernst von""",Der neue Herr Oluf,5.7
Wildenbruch - Der Spröden,"""Wildenbruch, Ernst von""",Der Spröden,4.67
Wildenbruch - Des Parsen Gebet,"""Wildenbruch, Ernst von""",Des Parsen Gebet,4.99
Wildenbruch - Deutschland und die Welt,"""Wildenbruch, Ernst von""",Deutschland und die Welt,4.20
Wildenbruch - Die Dioskuren. Prolog zur Eröffnung der Bach- und Händelfeier [...] 1875,"""Wildenbruch, Ernst von""",Die Dioskuren. Prolog zur Eröffnung der Bach- und Händelfeier [...] 1875,5.8
Wildenbruch - Die letzte Pflicht,"""Wildenbruch, Ernst von""",Die letzte Pflicht,4.59
Wildenbruch - Gespräch der Felsen,"""Wildenbruch, Ernst von""",Gespräch der Felsen,4.101
Wildenbruch - Jung-Edward und Egwine,"""Wildenbruch, Ernst von""",Jung-Edward und Egwine,4.35
Wildenbruch - Moltke,"""Wildenbruch, Ernst von""",Moltke,4.67
Wildenbruch - Prolog zur hundertjährigen,"""Wildenbruch, Ernst von""",Prolog zur hundertjährigen,4.93
Wildenbruch - Trost im Leid,"""Wildenbruch, Ernst von""",Trost im Leid,4.49
Wildenbruch - Unmut,"""Wildenbruch, Ernst von""",Unmut,4.59
Wildenbruch - Zwei Sträuße,"""Wildenbruch, Ernst von""",Zwei Sträuße,4.13
"Witzstat von Wertheim - Frisch auf, ihr werten Teutschen","""Witzstat von Wertheim, Hans""","Frisch auf, ihr werten Teutschen",9.1
Wolder - Nun sind wir entgangen,"""Wolder, Theodor""",Nun sind wir entgangen,6.3
Wolfenstein - Andante der Freundschaft,"""Wolfenstein, Alfred""",Andante der Freundschaft,4.102
Wolfenstein - Die Friedensstadt,"""Wolfenstein, Alfred""",Die Friedensstadt,4.107
Wolfenstein - Im Bestienhaus,"""Wolfenstein, Alfred""",Im Bestienhaus,4.118
Wolfskehl - Adonis,"""Wolfskehl, Karl""",Adonis,6.48
Wolfskehl - Aus der großen Wüste,"""Wolfskehl, Karl""",Aus der großen Wüste,4.67
Wolfskehl - Das Gesicht,"""Wolfskehl, Karl""",Das Gesicht,4.67
"Wolfskehl - Die Schwelle 1, 3","""Wolfskehl, Karl""","Die Schwelle 1, 3",4.67
Wolfskehl - Er Er Er,"""Wolfskehl, Karl""",Er Er Er,"3.4,3.4aaa"
Wolfskehl - Erinnerungen,"""Wolfskehl, Karl""",Erinnerungen,5.12
Wolfskehl - Hen kai pan,"""Wolfskehl, Karl""",Hen kai pan,4.57
Wolfskehl - Hiob. Vorspruch,"""Wolfskehl, Karl""",Hiob: Vorspruch,4.90
Wolfskehl - Ich grüsse dich der naht mit,"""Wolfskehl, Karl""",Ich grüsse dich der naht mit,2.10
Wolfskehl - Ich trags mit euch,"""Wolfskehl, Karl""",Ich trags mit euch,6.2
Wolfskehl - Im Dome,"""Wolfskehl, Karl""",Im Dome,3.8
Wolfskehl - Im Kreuzgange 2,"""Wolfskehl, Karl""",Im Kreuzgange 2,3.8
Wolfskehl - Nänie,"""Wolfskehl, Karl""",Nänie,4.54
Wolfskehl - Phäaken,"""Wolfskehl, Karl""",Phäaken,4.54
Wolfskehl - Psalm,"""Wolfskehl, Karl""",Psalm,6.33
Wolfskehl - Semele,"""Wolfskehl, Karl""",Semele,5.12
Wolfskehl - Traure nicht,"""Wolfskehl, Karl""",Traure nicht,5.12
Wolfskehl - Ulais I,"""Wolfskehl, Karl""",Ulais I,4.110
Wolfskehl - Vitainmorte,"""Wolfskehl, Karl""",Vitainmorte,2.10
Wolfskehl - Zeit ist einander weh zu tun,"""Wolfskehl, Karl""",Zeit ist einander weh zu tun,4.39
Wolken - Ballade an Bord,"""Wolken, Karl Alfred""",Ballade an Bord,4.68
Wolken - Wir lachen wohl,"""Wolken, Karl Alfred""",Wir lachen wohl,4.106
Woltmann - Der Dorfkirchhof,"""Woltmann, Karl Ludwig""",Der Dorfkirchhof,4.103
Woltmann - Die Treue,"""Woltmann, Karl Ludwig""",Die Treue,8.37
Woltmann - Die Verheißung,"""Woltmann, Karl Ludwig""",Die Verheißung,4.75
Woltmann - Sylphenlied,"""Woltmann, Karl Ludwig""",Sylphenlied,6.1
"Wülffer - Frisch auf, mein Sinn, ermuntre dich","""Wülffer, Daniel""","Frisch auf, mein Sinn, ermuntre dich",12.3
Wüstholz - Christus ist mein getreuer Hirt und Herre,"""Wüstholz, Johann""",Christus ist mein getreuer Hirt und Herre,6.47
"Wüstholz - Was David hie sagt, das merk fein","""Wüstholz, Johann""","Was David hie sagt, das merk fein",4.63
"Wyßgärwer - Sing, du werte Christenheit","""Wyßgärwer, Christoffel""","Sing, du werte Christenheit","3.3,3.3aaa"
Zech - Aus den Fenstern eines Kesselhauses,"""Zech, Paul""",Aus den Fenstern eines Kesselhauses,4.100
Zedlitz - Mariechen saß weinend im Garten,"""Zedlitz, Joseph Christian von""",Mariechen saß weinend im Garten,"8.7,8.7xx_ff"
"Zesen - Ach weh, ich muß vergehen","""Zesen, Philipp""","Ach weh, ich muß vergehen",6.7
"Zesen - Ach, ich habe mißgehandelt","""Zesen, Philipp""","Ach, ich habe mißgehandelt",6.29
"Zesen - Ade, du Gift der Zeit","""Zesen, Philipp""","Ade, du Gift der Zeit",6.49
Zesen - Als Adelhold auf eine Wiesen,"""Zesen, Philipp""",Als Adelhold auf eine Wiesen,6.38
Zesen - Als Erdmuth ihren Namenstag beging,"""Zesen, Philipp""",Als Erdmuth ihren Namenstag beging,4.106
"Zesen - Amaryllis, laß uns gehen","""Zesen, Philipp""","Amaryllis, laß uns gehen",6.25
Zesen - An seine Gedanken bei herzunahendem Frühling,"""Zesen, Philipp""",An seine Gedanken bei herzunahendem Frühling,4.70
Zesen - Auf eine vornehme Hochzeit (Wo ist euer Schönster nur?),"""Zesen, Philipp""",Auf eine vornehme Hochzeit (Wo ist euer Schönster nur?),6.23
"Zesen - Dir leb ich ganz, dir will","""Zesen, Philipp""","Dir leb ich ganz, dir will",6.37
Zesen - Ermahnung zur Fröhlichkeit,"""Zesen, Philipp""",Ermahnung zur Fröhlichkeit,14.0
Zesen - Es hat nunmehr das güldne Licht,"""Zesen, Philipp""",Es hat nunmehr das güldne Licht,6.19
"Zesen - Ferdinand, du großer Kaiser","""Zesen, Philipp""","Ferdinand, du großer Kaiser",8.27
"Zesen - Herfür du Laute, meine Lust","""Zesen, Philipp""","Herfür du Laute, meine Lust",6.36
"Zesen - Höre, Schönste deiner Schönen","""Zesen, Philipp""","Höre, Schönste deiner Schönen",8.27
Zesen - Ich bin in lauter Angst und Not,"""Zesen, Philipp""",Ich bin in lauter Angst und Not,7.7
"Zesen - Ihr Wiesen, Täler, Büsch und","""Zesen, Philipp""","Ihr Wiesen, Täler, Büsch und",6.38
Zesen - Lustlied an die wohlgeborne,"""Zesen, Philipp""",Lustlied an die wohlgeborne,4.49
Zesen - Morgenlied (Ich sehe mit Wonne),"""Zesen, Philipp""",Morgenlied (Ich sehe mit Wonne),6.1
Zesen - Nun hat mein Gemüte sich erquicket,"""Zesen, Philipp""",Nun hat mein Gemüte sich erquicket,4.95
Zesen - O Fürstenkind aus Davids Stamm,"""Zesen, Philipp""",O Fürstenkind aus Davids Stamm,10.4
Zesen - Schlußgesang von der,"""Zesen, Philipp""",Schlußgesang von der,6.25
"Zesen - Sonne, laß scheinen deine Rosenwangen","""Zesen, Philipp""","Sonne, laß scheinen deine Rosenwangen",4.83
Zesen - Unser Augen stumme Reden,"""Zesen, Philipp""",Unser Augen stumme Reden,8.27
Zesen - Was mag ich mich unterfangen,"""Zesen, Philipp""",Was mag ich mich unterfangen,6.29
"Zesen - Welt tobe, wie du willst, und wüte","""Zesen, Philipp""","Welt tobe, wie du willst, und wüte",6.39
Zesen - Wer kann deinem Pfeil entfliehen,"""Zesen, Philipp""",Wer kann deinem Pfeil entfliehen,6.27
"Zesen - Wer stets mag sitzen neben dir, o Schöne","""Zesen, Philipp""","Wer stets mag sitzen neben dir, o Schöne",4.83
"Zesen - Wohl dem, der sich für und","""Zesen, Philipp""","Wohl dem, der sich für und",4.42
Ziegler - Ich freue mich in dir,"""Ziegler, Caspar""",Ich freue mich in dir,8.4
Ziegler-Kliphausen - Sollen nun die grünen Jahre,"""Ziegler-Kliphausen, Heinrich Anselm von""",Sollen nun die grünen Jahre,8.26
Zillich - Der Abend,"""Zillich, Heinrich""",Der Abend,4.65
Zillich - Der Sämann,"""Zillich, Heinrich""",Der Sämann,4.122
Zillich - Der Vater,"""Zillich, Heinrich""",Der Vater,4.113
Zillich - Du bist schön,"""Zillich, Heinrich""",Du bist schön,4.109
Zillich - Erlösung,"""Zillich, Heinrich""",Erlösung,4.104
Zillich - Gewitter,"""Zillich, Heinrich""",Gewitter,4.72
Zillich - Pflügender Bauer,"""Zillich, Heinrich""",Pflügender Bauer,4.100
Zillich - Trinklied,"""Zillich, Heinrich""",Trinklied,6.30
"Zimmermann, D. - O du Erbarmer, Herr, mein Gott","""Zimmermann, Daniel""","O du Erbarmer, Herr, mein Gott",8.31
"Zimmermann, R. - Deutschland über alles","""Zimmermann, Robert""",Deutschland über alles,8.13
"Zinkgref - Drum gehet tapfer an, ihr","""Zinkgref, Julius Wilhelm""","Drum gehet tapfer an, ihr",4.120
Zinkgref - Laßt fahren euer Verlangen,"""Zinkgref, Julius Wilhelm""",Laßt fahren euer Verlangen,4.20
Zinkgref - Ob schon bei diesem Bronne,"""Zinkgref, Julius Wilhelm""",Ob schon bei diesem Bronne,4.20
Zinkgref - Pastoral auf Herrn Johann Zinkgrefen und Frau Maria Wildeisen Hochzeit,"""Zinkgref, Julius Wilhelm""",Pastoral auf Herrn Johann Zinkgrefen und Frau Maria Wildeisen Hochzeit,8.7
Zinzendorf - Abendgedanken,"""Zinzendorf, Nikolaus Ludwig von""",Abendgedanken,8.7
Zinzendorf - Als Gott ließ unsers gleichen,"""Zinzendorf, Nikolaus Ludwig von""",Als Gott ließ unsers gleichen,7.3
Zinzendorf - An eines begabten Lehrers Namestage,"""Zinzendorf, Nikolaus Ludwig von""",An eines begabten Lehrers Namenstage,10.9
"Zinzendorf - An seine Gemahlin, als sie dreiundzwanzig Jahr alt worden","""Zinzendorf, Nikolaus Ludwig von""","An seine Gemahlin, als sie dreiundzwanzig Jahr alt worden",4.117
Zinzendorf - Angenehme Sterbens-Gedanken,"""Zinzendorf, Nikolaus Ludwig von""",Angenehme Sterbens-Gedanken,4.8
"Zinzendorf - Auf den ehrwürdigen Greis, den Landesältesten von Schweinitz","""Zinzendorf, Nikolaus Ludwig von""","Auf den ehrwürdigen Greis, den Landesältesten von Schweinitz",4.119
"Zinzendorf - Auf den Fall und Errettung eines großen Herrn (Hierher, ihr Potentaten!)","""Zinzendorf, Nikolaus Ludwig von""","Auf den Fall und Errettung eines großen Herrn (Hierher, ihr Potentaten!)",6.6
Zinzendorf - Auf den Hingang des Reichskammerpräsidenten Graf Friedrich Carl zu Solms,"""Zinzendorf, Nikolaus Ludwig von""",Auf den Hingang des Reichskammerpräsidenten Graf Friedrich Carl zu Solms,4.116
"Zinzendorf - Auf den mutigen Jüngling, Nicolaus Willibald, Freiherrn von Gersdorf","""Zinzendorf, Nikolaus Ludwig von""","Auf den mutigen Jüngling, Nicolaus Willibald, Freiherrn von Gersdorf",8.15
Zinzendorf - Auf des treuen Elers Entschlafen,"""Zinzendorf, Nikolaus Ludwig von""",Auf des treuen Elers Entschlafen,14.0
Zinzendorf - Auf die durchstochne Lende,"""Zinzendorf, Nikolaus Ludwig von""",Auf die durchstochne Lende,4.49
Zinzendorf - Auf die selige Gnade,"""Zinzendorf, Nikolaus Ludwig von""",Auf die selige Gnade,4.49
Zinzendorf - Auf die unerwartete Zusammenkunft in Ebersdorf,"""Zinzendorf, Nikolaus Ludwig von""",Auf die unerwartete Zusammenkunft in Ebersdorf,14.0
Zinzendorf - Auf Herrn Brunhards Installation zum Diakonat in Jena,"""Zinzendorf, Nikolaus Ludwig von""",Auf Herrn Brunhards Installation zum Diakonat in Jena,8.34
Zinzendorf - Auf Herrn Heinrich des XXIII. Entschlafenen,"""Zinzendorf, Nikolaus Ludwig von""",Auf Herrn Heinrich des XXIII. Entschlafenen,4.115
Zinzendorf - Auf Herrn M. Schwedlers mächtige Predigten,"""Zinzendorf, Nikolaus Ludwig von""",Auf Herrn M. Schwedlers mächtige Predigten,8.15
"Zinzendorf - Auf König Friedrich den Fünften, da ihm sein Hofmeister zugeordnet ward","""Zinzendorf, Nikolaus Ludwig von""","Auf König Friedrich den Fünften, da ihm sein Hofmeister zugeordnet ward",8.21
"Zinzendorf - Auf seinen innig-geliebten Bruder, Melchior Nitschmann, Aeltesten zu Herrnhut, als er seinen 24jährigen Lauf im Gefängnis geendet","""Zinzendorf, Nikolaus Ludwig von""","Auf seinen innig-geliebten Bruder, Melchior Nitschmann, Aeltesten zu Herrnhut, als er seinen 24jährigen Lauf im Gefängnis geendet",6.15
Zinzendorf - Auf seiner Tochter Benigne,"""Zinzendorf, Nikolaus Ludwig von""",Auf seiner Tochter Benigne,4.52
Zinzendorf - Bei einer großen Gefahr,"""Zinzendorf, Nikolaus Ludwig von""",Bei einer großen Gefahr,8.15
Zinzendorf - Der in Armut lebte,"""Zinzendorf, Nikolaus Ludwig von""",Der in Armut lebte,8.2
Zinzendorf - Der selge Heiland Jesus Christ,"""Zinzendorf, Nikolaus Ludwig von""",Der selge Heiland Jesus Christ,4.58
Zinzendorf - Der Tag der ist so freudenreich,"""Zinzendorf, Nikolaus Ludwig von""",Der Tag der ist so freudenreich,10.3
Zinzendorf - Du blutger Todesschweiß,"""Zinzendorf, Nikolaus Ludwig von""",Du blutger Todesschweiß,8.4
Zinzendorf - Du Priester unsrer Hütten,"""Zinzendorf, Nikolaus Ludwig von""",Du Priester unsrer Hütten,6.9
Zinzendorf - Ein Lämmlein geht und trägt die Schuld,"""Zinzendorf, Nikolaus Ludwig von""",Ein Lämmlein geht und trägt die Schuld,4.36
Zinzendorf - Heil'ge Sünderherde,"""Zinzendorf, Nikolaus Ludwig von""",Heil'ge Sünderherde,10.1
Zinzendorf - Herz und Herz vereint zusammen,"""Zinzendorf, Nikolaus Ludwig von""",Herz und Herz vereint zusammen,8.26
Zinzendorf - Ihr sel'gen Scharen,"""Zinzendorf, Nikolaus Ludwig von""",Ihr sel'gen Scharen,4.80
Zinzendorf - Indem ich von der Höhe,"""Zinzendorf, Nikolaus Ludwig von""",Indem ich von der Höhe,6.9
"Zinzendorf - Jesu, lieber Meister! / Meines Herzens Herr","""Zinzendorf, Nikolaus Ludwig von""","Jesu, lieber Meister! / Meines Herzens Herr",4.13
Zinzendorf - Jesus Christus blick euch an,"""Zinzendorf, Nikolaus Ludwig von""",Jesus Christus blick euch an,4.31
"Zinzendorf - Komm herab, Gott heil'ger","""Zinzendorf, Nikolaus Ludwig von""","Komm herab, Gott heil'ger",4.31
"Zinzendorf - Lämmelein, was soll ich sagen","""Zinzendorf, Nikolaus Ludwig von""","Lämmelein, was soll ich sagen",4.53
Zinzendorf - Mein Erlöser kennt mein,"""Zinzendorf, Nikolaus Ludwig von""",Mein Erlöser kennt mein,4.49
Zinzendorf - Neujahrsgedanken über des,"""Zinzendorf, Nikolaus Ludwig von""",Neujahrsgedanken über des,4.49
Zinzendorf - Nun ist unser Heil vollbracht,"""Zinzendorf, Nikolaus Ludwig von""",Nun ist unser Heil vollbracht,4.31
"Zinzendorf - O Gottes Lamm, für uns ans","""Zinzendorf, Nikolaus Ludwig von""","O Gottes Lamm, für uns ans",4.84
Zinzendorf - Seliger Gebieter,"""Zinzendorf, Nikolaus Ludwig von""",Seliger Gebieter,8.2
Zinzendorf - So ist es dann geschehen,"""Zinzendorf, Nikolaus Ludwig von""",So ist es dann geschehen,4.23
Zinzendorf - Über des Heilands Treue,"""Zinzendorf, Nikolaus Ludwig von""",Über des Heilands Treue,4.34
Zinzendorf - Über die Ruhe des Gemüts,"""Zinzendorf, Nikolaus Ludwig von""",Über die Ruhe des Gemüts,10.9
Zinzendorf - Unser Lamm ist gar zu schön,"""Zinzendorf, Nikolaus Ludwig von""",Unser Lamm ist gar zu schön,6.22
Zinzendorf - Vollendung einer fünfjährig fortgesetzten Betrachtung Gottes,"""Zinzendorf, Nikolaus Ludwig von""",Vollendung einer fünfjährig fortgesetzten Betrachtung Gottes,8.33
Zinzendorf - Wie tun die Nägel also weh,"""Zinzendorf, Nikolaus Ludwig von""",Wie tun die Nägel also weh,4.39
"Zinzendorf - Willkomm, o süßer Bräutigam","""Zinzendorf, Nikolaus Ludwig von""","Willkomm, o süßer Bräutigam",8.17
"Zinzendorf - Wir singen dir, Immanuel","""Zinzendorf, Nikolaus Ludwig von""","Wir singen dir, Immanuel",4.58
Zinzendorf - Wir wohnen in der Mutter,"""Zinzendorf, Nikolaus Ludwig von""",Wir wohnen in der Mutter,4.34
Zuckmayer - Auf beiden Ufern ist die Not geringer,"""Zuckmayer, Carl""",Auf beiden Ufern ist die Not geringer,5.16
Zuckmayer - Chopin. Barcarole de Venice,"""Zuckmayer, Carl""",Chopin: Barcarole de Venice,4.14
Zuckmayer - Der kranke Bauer im Frühling,"""Zuckmayer, Carl""",Der kranke Bauer im Frühling,2.5
Zuckmayer - Gelinde Mahung,"""Zuckmayer, Carl""",Gelinde Mahung,4.65
Zuckmayer - Gesang vom guten Schlaf,"""Zuckmayer, Carl""",Gesang vom guten Schlaf,2.9
Zuckmayer - Totenlied für Klabund,"""Zuckmayer, Carl""",Totenlied für Klabund,4.25
"Zütphen - Hilf Gott, daß mir gelinge","""Zütphen, Heinrich von""","Hilf Gott, daß mir gelinge",7.3
Zweig - An alle Rotarmisten,"""Zweig, Arnold""",An alle Rotarmisten,5.12
Zweig - Emigration,"""Zweig, Arnold""",Emigration,4.21
Zweig - Lebens Klang,"""Zweig, Arnold""",Lebens Klang,8.20
Zwick - Aus des Vaters Herz ist g'born,"""Zwick, Johannes""",Aus des Vaters Herz ist g'born,7.9
Zwick - Ich armes Fleisch bekenn und sag,"""Zwick, Johannes""",Ich armes Fleisch bekenn und sag,8.17