Nr,Name,Versform,Verstyp,Hebungsschema,Kadenzen,Versschema,Versschema_HTML,Reimschema,Herkunft,Rang,Strophentyp,VT00001600,VT16001700,VT17001770,VT17701830,VT18301900,VT19001980,R00001600,R16001700,R17001770,R17701830,R18301900,R19001980
2.1,,,jambisch,[2 2],m m,- + - + || - + - +,"<p style=""font-family:'Lucida Console', monospace"">- + - +<br>- + - +</p>",a a,jüngere Prägung (keine spezifische Herkunft),122,02 Zweizeiler,,,,,,,,,,,,
2.2,,,jambisch,[3 3],w w,- + - + - + - || - + - + - + -,"<p style=""font-family:'Lucida Console', monospace"">- + - + - + -<br>- + - + - + -</p>",a a,(altdeutsches) Kirchen-/Volkslied,116,02 Zweizeiler,,,,,,,,,,,,
2.3,,,trochäisch,[4 4],m m,+ - + - + - + || + - + - + - +,"<p style=""font-family:'Lucida Console', monospace"">+ - + - + - +<br>+ - + - + - +</p>",a a,jüngere Prägung (keine spezifische Herkunft),101,02 Zweizeiler,,,,,,,,,,,,
2.4,,,trochäisch,[4 4],w w,+ - + - + - + - || + - + - + - + -,"<p style=""font-family:'Lucida Console', monospace"">+ - + - + - + -<br>+ - + - + - + -</p>",a a,jüngere Prägung (keine spezifische Herkunft),108,02 Zweizeiler,,,,,,,,,,,,
2.5,,,jambisch,[4 4],m m,- + - + - + - + || - + - + - + - +,"<p style=""font-family:'Lucida Console', monospace"">- + - + - + - +<br>- + - + - + - +</p>",a a,"(altdeutsches) Kirchen-/Volkslied,lateinische Hymnendichtung",18,02 Zweizeiler,31,1,4,5,12,15,7,,,,18,15
2.6,,,daktylisch mit Auftakt,[4 4],m m,- + - - + - - + - - + || - + - - + - - + - - +,"<p style=""font-family:'Lucida Console', monospace"">- + - - + - - + - - +<br>- + - - + - - + - - +</p>",a a,(altdeutsches) Kirchen-/Volkslied,81,02 Zweizeiler,,,,,,,,,,,,
2.7,,,trochäisch,[5 5],m m,+ - + - + - + - + || + - + - + - + - +,"<p style=""font-family:'Lucida Console', monospace"">+ - + - + - + - +<br>+ - + - + - + - +</p>",a a,jüngere Prägung (keine spezifische Herkunft),91,02 Zweizeiler,0,0,0,0,0,5,,,,,,
2.8,,,trochäisch,[5 5],w w,+ - + - + - + - + - || + - + - + - + - + -,"<p style=""font-family:'Lucida Console', monospace"">+ - + - + - + - + -<br>+ - + - + - + - + -</p>",a a,jüngere Prägung (keine spezifische Herkunft),77,02 Zweizeiler,0,0,0,0,2,6,,,,,,
2.9,,,jambisch,[5 5],m m,- + - + - + - + - + || - + - + - + - + - +,"<p style=""font-family:'Lucida Console', monospace"">- + - + - + - + - +<br>- + - + - + - + - +</p>",a a,jüngere Prägung (keine spezifische Herkunft),55,02 Zweizeiler,1,0,1,0,6,6,,,,,,
2.10,,Endecasillabo,jambisch,[5 5],w w,- + - + - + - + - + - || - + - + - + - + - + -,"<p style=""font-family:'Lucida Console', monospace"">- + - + - + - + - + -<br>- + - + - + - + - + -</p>",a a,(altdeutsches) Kirchen-/Volkslied,80,02 Zweizeiler,1,2,1,0,2,4,,,,,,
2.11,elegisches Distichon,"Hexameter,Pentameter",daktylisch,[6 6],w m,+ - (-) + - (-) + - (-) + - (-) + - - + - || + - (-) + - (-) + | + - - + - - +,"<p style=""font-family:'Lucida Console', monospace"">+ - (-) + - (-) + - (-) + - (-) + - - + -<br>+ - (-) + - (-) + | + - - + - - +</p>",x x (ungereimt),Antike,,02 Zweizeiler,,,,,,,,,,,,
2.12,Alexandrinercouplet (m),"Alexandriner,jambischer Trimeter",jambisch,[6 6],m m,- + - + - + | - + - + - + || - + - + - + | - + - + - +,"<p style=""font-family:'Lucida Console', monospace"">- + - + - + | - + - + - +<br>- + - + - + | - + - + - +</p>",a a,jüngere Prägung (keine spezifische Herkunft),118,02 Zweizeiler,,,,,,,,,,,,
2.13,Alexandrinercouplet (w),"Alexandriner,jambischer Trimeter",jambisch,[6 6],w w,- + - + - + | - + - + - + - || - + - + - + | - + - + - + -,"<p style=""font-family:'Lucida Console', monospace"">- + - + - + | - + - + - + -<br>- + - + - + | - + - + - + -</p>",a a,jüngere Prägung (keine spezifische Herkunft),109,02 Zweizeiler,,,,,,,,,,,,
2.14,,,jambisch,[6 6],m m,- + - + - + - | - + - + - + || - + - + - + - | - + - + - +,"<p style=""font-family:'Lucida Console', monospace"">- + - + - + - | - + - + - +<br>- + - + - + - | - + - + - +</p>",a a,(altdeutsches) Kirchen-/Volkslied,102,02 Zweizeiler,,,,,,,,,,,,
2.15,,jambischer Septenar,jambisch,[7 7],m m,- + - + - + - + | - + - + - + || - + - + - + - + | - + - + - +,"<p style=""font-family:'Lucida Console', monospace"">- + - + - + - + | - + - + - +<br>- + - + - + - + | - + - + - +</p>",a a,lateinische Hymnendichtung,105,02 Zweizeiler,,,,,,,,,,,,
2.16,,trochäischer Septenar,trochäisch,[8 8],m m,+ - + - + - + - | + - + - + - + || + - + - + - + - | + - + - + - +,"<p style=""font-family:'Lucida Console', monospace"">+ - + - + - + - | + - + - + - +<br>+ - + - + - + - | + - + - + - +</p>",a a,Antike,111,02 Zweizeiler,,,,,,,,,,,,
2.17,,trochäischer Oktonar/Tetrameter,trochäisch,[8 8],w w,+ - + - + - + - | + - + - + - + - || + - + - + - + - | + - + - + - + -,"<p style=""font-family:'Lucida Console', monospace"">+ - + - + - + - | + - + - + - + -<br>+ - + - + - + - | + - + - + - + -</p>",a a,Antike,109,02 Zweizeiler,,,,,,,,,,,,
3.1,(Ritornellstrophe),Endecasillabo,jambisch,[2 5 5],w w w,(-) + - (-) + - || - + - + - + - + - + - || - + - + - + - + - + -,"<p style=""font-family:'Lucida Console', monospace"">- + - + -&nbsp;&nbsp;&nbsp;(oder + - - + -)<br>- + - + - + - + - + -<br>- + - + - + - + - + -</p>",a x a,italienisch,117,03 Dreizeiler,,,,,,,,,,,,
3.2,,,jambisch,[4 4 3],m m w,- + - + - + - + || - + - + - + - + || - + - + - + -,"<p style=""font-family:'Lucida Console', monospace"">- + - + - + - +<br>- + - + - + - +<br>- + - + - + -</p>",a a x,(altdeutsches) Kirchen-/Volkslied,102,03 Dreizeiler,,,,,,,,,,,,
3.3,,,trochäisch,[4 4 4],m m m,+ - + - + - + || + - + - + - + || + - + - + - +,"<p style=""font-family:'Lucida Console', monospace"">+ - + - + - +<br>+ - + - + - +<br>+ - + - + - +</p>",a a a,lateinische Hymnendichtung,105,03 Dreizeiler,,,,,,,,,,,,
3.4,,,jambisch,[4 4 4],m m m,- + - + - + - + || - + - + - + - + || - + - + - + - +,"<p style=""font-family:'Lucida Console', monospace"">- + - + - + - +<br>- + - + - + - +<br>- + - + - + - +</p>",a a a,(altdeutsches) Kirchen-/Volkslied,78,03 Dreizeiler,9,1,0,1,0,2,,,,,,
3.5,,,jambisch,[4 4 4],m w m,- + - + - + - + || - + - + - + - + - || - + - + - + - +,"<p style=""font-family:'Lucida Console', monospace"">- + - + - + - +<br>- + - + - + - + -<br>- + - + - + - +</p>",x x x (ungereimt),jüngere Prägung (keine spezifische Herkunft),121,03 Dreizeiler,,,,,,,,,,,,
3.6,(Villanellenstrophe),,jambisch,[5 5 5],m m m,- + - + - + - + - + || - + - + - + - + - + || - + - + - + - + - +,"<p style=""font-family:'Lucida Console', monospace"">- + - + - + - + - +<br>- + - + - + - + - +<br>- + - + - + - + - +</p>",a a a,"lateinische Hymnendichtung,italienisch,französisch",107,03 Dreizeiler,,,,,,,,,,,,
3.7,Terzine,,jambisch,[5 5 5],,- + - + - + - + - + (-) || - + - + - + - + - + (-) || - + - + - + - + - + (-),"<p style=""font-family:'Lucida Console', monospace"">- + - + - + - + - + (-)<br>- + - + - + - + - + (-)<br>- + - + - + - + - + (-)</p>",a b a  b c b  c d c ...,italienisch,26,03 Dreizeiler,1,0,1,3,15,13,,,,,15,17
3.8,,,jambisch,[5 5 5],w w w,- + - + - + - + - + - || - + - + - + - + - + - || - + - + - + - + - + -,"<p style=""font-family:'Lucida Console', monospace"">- + - + - + - + - + -<br>- + - + - + - + - + -<br>- + - + - + - + - + -</p>",a a a,italienisch,113,03 Dreizeiler,,,,,,,,,,,,
3.9,(Ritornellstrophe),Endecasillabo,jambisch,[5 5 5],w w w,- + - + - + - + - + - || - + - + - + - + - + - || - + - + - + - + - + -,"<p style=""font-family:'Lucida Console', monospace"">- + - + - + - + - + -<br>- + - + - + - + - + -<br>- + - + - + - + - + -</p>",a x a,italienisch,88,03 Dreizeiler,0,0,0,7,0,1,,,,,,
4.1,,,daktylisch,[2 2 2 2],w m w m,+ - - + - || + - - + || + - - + - || + - - +,"<p style=""font-family:'Lucida Console', monospace"">+ - - + -<br>+ - - +<br>+ - - + -<br>+ - - +</p>",a b a b / x a x a,jüngere Prägung (keine spezifische Herkunft),109,04 Vierzeiler,,,,,,,,,,,,
4.2,,,daktylisch,[2 2 2 2],w w w m,+ - - + - || + - - + - || + - - + - || + - - +,"<p style=""font-family:'Lucida Console', monospace"">+ - - + -<br>+ - - + -<br>+ - - + -<br>+ - - +</p>",x x x x (ungereimt),jüngere Prägung (keine spezifische Herkunft),116,04 Vierzeiler,,,,,,,,,,,,
4.3,,,jambisch,[2 2 2 2],m m m m,- + - + || - + - + || - + - + || - + - + ,"<p style=""font-family:'Lucida Console', monospace"">- + - +<br>- + - +<br>- + - +<br>- + - +</p>",a b a b / x a x a,jüngere Prägung (keine spezifische Herkunft),99,04 Vierzeiler,,,,,,,,,,,,
4.4,,,jambisch,[2 2 2 2],w m w m,- + - + - || - + - + || - + - + - || - + - + ,"<p style=""font-family:'Lucida Console', monospace"">- + - + -<br>- + - +<br>- + - + -<br>- + - +</p>",a b a b / x a x a,jüngere Prägung (keine spezifische Herkunft),86,04 Vierzeiler,,,,,,,,,,,,
4.5,,,daktylisch mit Auftakt,[2 2 2 2],w m w m,- + - - + - || - + - - + || - + - - + - || - + - - +,"<p style=""font-family:'Lucida Console', monospace"">- + - - + -<br>- + - - +<br>- + - - + -<br>- + - - +</p>",a b a b / x a x a,jüngere Prägung (keine spezifische Herkunft),49,04 Vierzeiler,0,0,6,5,5,5,,,,,,
4.6,,,daktylisch mit Auftakt,[2 2 2 2],w w w w,- + - - + - || - + - - + - || - + - - + - || - + - - + -,"<p style=""font-family:'Lucida Console', monospace"">- + - - + -<br>- + - - + -<br>- + - - + -<br>- + - - + -</p>",a b a b / x a x a,jüngere Prägung (keine spezifische Herkunft),104,04 Vierzeiler,,,,,,,,,,,,
4.7,,,jambisch,[3 2 3 2],m m m m,- + - + - + || - + - + || - + - + - + || - + - +,"<p style=""font-family:'Lucida Console', monospace"">- + - + - +<br>- + - +<br>- + - + - +<br>- + - +</p>",a b a b / x a x a,jüngere Prägung (keine spezifische Herkunft),107,04 Vierzeiler,,,,,,,,,,,,
4.8,,,jambisch,[3 2 3 2],m w m w,- + - + - + || - + - + - || - + - + - + || - + - + -,"<p style=""font-family:'Lucida Console', monospace"">- + - + - +<br>- + - + -<br>- + - + - +<br>- + - + -</p>",a b a b / x a x a,jüngere Prägung (keine spezifische Herkunft),111,04 Vierzeiler,,,,,,,,,,,,
4.9,,,jambisch,[3 2 3 2],w m w m,- + - + - + - || - + - + || - + - + - + - || - + - +,"<p style=""font-family:'Lucida Console', monospace"">- + - + - + -<br>- + - +<br>- + - + - + -<br>- + - +</p>",a b a b,jüngere Prägung (keine spezifische Herkunft),95,04 Vierzeiler,,,,,,,,,,,,
4.10,,,trochäisch,[3 3 3 3],m m m m,+ - + - + || + - + - + || + - + - + || + - + - +,"<p style=""font-family:'Lucida Console', monospace"">+ - + - +<br>+ - + - +<br>+ - + - +<br>+ - + - +</p>",a b a b / x a x a,jüngere Prägung (keine spezifische Herkunft),100,04 Vierzeiler,,,,,,,,,,,,
4.11,,,daktylisch,[3 3 3 3],m m m m,+ - - + - - + || + - - + - - + || + - - + - - + || + - - + - - +,"<p style=""font-family:'Lucida Console', monospace"">+ - - + - - +<br>+ - - + - - +<br>+ - - + - - +<br>+ - - + - - +</p>",a b a b,jüngere Prägung (keine spezifische Herkunft),107,04 Vierzeiler,,,,,,,,,,,,
4.12,'Hebbelform',,daktylisch,[3 3 3 3],m w w m,+ - - + - - + || + - - + - - + - || + - - + - - + - || + - - + - - +,"<p style=""font-family:'Lucida Console', monospace"">+ - - + - - +<br>+ - - + - - + -<br>+ - - + - - + -<br>+ - - + - - +</p>",a b b a,jüngere Prägung (keine spezifische Herkunft),115,04 Vierzeiler,,,,,,,,,,,,
4.13,,,trochäisch,[3 3 3 3],w m w m,+ - + - + - || + - + - + || + - + - + - || + - + - +,"<p style=""font-family:'Lucida Console', monospace"">+ - + - + -<br>+ - + - +<br>+ - + - + -<br>+ - + - +</p>",a b a b / x a x a,jüngere Prägung (keine spezifische Herkunft),44,04 Vierzeiler,0,0,2,4,6,7,,,,,,
4.14,,,daktylisch,[3 3 3 3],w m w m,+ - - + - - + - || + - - + - - + || + - - + - - + - || + - - + - - +,"<p style=""font-family:'Lucida Console', monospace"">+ - - + - - + -<br>+ - - + - - +<br>+ - - + - - + -<br>+ - - + - - +</p>",a b a b / x a x a,jüngere Prägung (keine spezifische Herkunft),72,04 Vierzeiler,,,,,,,,,,,,24
4.15,,,daktylisch,[3 3 3 3],w w w w,+ - - + - - + - || + - - + - - + - || + - - + - - + - || + - - + - - + -,"<p style=""font-family:'Lucida Console', monospace"">+ - - + - - + -<br>+ - - + - - + -<br>+ - - + - - + -<br>+ - - + - - + -</p>",a b a b / x a x a,(altdeutsches) Kirchen-/Volkslied,112,04 Vierzeiler,,,,,,,,,,,,
4.16,,,jambisch,[3 3 3 3],m m m m,- + - + - + || - + - + - + || - + - + - + || - + - + - +,"<p style=""font-family:'Lucida Console', monospace"">- + - + - +<br>- + - + - +<br>- + - + - +<br>- + - + - +</p>",a b a b / x a x a,jüngere Prägung (keine spezifische Herkunft),62,04 Vierzeiler,0,1,3,3,3,5,,,,,,
4.17,,,jambisch,[3 3 3 3],m w m w,- + - + - + || - + - + - + - || - + - + - + || - + - + - + -,"<p style=""font-family:'Lucida Console', monospace"">- + - + - +<br>- + - + - + -<br>- + - + - +<br>- + - + - + -</p>",a b a b / x a x a,(altdeutsches) Kirchen-/Volkslied,71,04 Vierzeiler,0,1,0,3,4,3,,,,,,
4.18,,,jambisch,[3 3 3 3],m w w m,- + - + - + || - + - + - + - || - + - + - + - || - + - + - +,"<p style=""font-family:'Lucida Console', monospace"">- + - + - +<br>- + - + - + -<br>- + - + - + -<br>- + - + - +</p>",a b b a,jüngere Prägung (keine spezifische Herkunft),106,04 Vierzeiler,,,,,,,,,,,,
4.19,,,jambisch,[3 3 3 3],w m m w,- + - + - + - || - + - + - + || - + - + - + || - + - + - + -,"<p style=""font-family:'Lucida Console', monospace"">- + - + - + -<br>- + - + - +<br>- + - + - +<br>- + - + - + -</p>",a b b a,jüngere Prägung (keine spezifische Herkunft),114,04 Vierzeiler,,,,,,,,,,,,
4.20,halber Hildebrandston,,jambisch,[3 3 3 3],w m w m,- + - + - + - || - + - + - + || - + - + - + - || - + - + - +,"<p style=""font-family:'Lucida Console', monospace"">- + - + - + -<br>- + - + - +<br>- + - + - + -<br>- + - + - +</p>",a b a b / x a x a,mittelalterliche Heldenepik,2,04 Vierzeiler,16,7,8,77,89,54,14,,,2,2,2
4.21,,,daktylisch mit Auftakt,[3 3 3 3],w m w m,- + - - + - - + - || - + - - + - - + || - + - - + - - + - || - + - - + - - +,"<p style=""font-family:'Lucida Console', monospace"">- + - - + - - + -<br>- + - - + - - +<br>- + - - + - - + -<br>- + - - + - - +</p>",a b a b,(altdeutsches) Kirchen-/Volkslied,32,04 Vierzeiler,1,0,0,7,8,9,,,,,21,23
4.22,,,jambisch,[3 3 3 3],w w m m,- + - + - + - || - + - + - + - || - + - + - + || - + - + - +,"<p style=""font-family:'Lucida Console', monospace"">- + - + - + -<br>- + - + - + -<br>- + - + - +<br>- + - + - +</p>",a a b b,jüngere Prägung (keine spezifische Herkunft),107,04 Vierzeiler,,,,,,,,,,,,
4.23,,,jambisch,[3 3 3 3],w w w w,- + - + - + - || - + - + - + - || - + - + - + - || - + - + - + -,"<p style=""font-family:'Lucida Console', monospace"">- + - + - + -<br>- + - + - + -<br>- + - + - + -<br>- + - + - + -</p>",a a b b,(altdeutsches) Kirchen-/Volkslied,77,04 Vierzeiler,5,6,2,0,1,1,,,,,,
4.24,,,jambisch,[3 3 3 3],w w w w,- + - + - + - || - + - + - + - || - + - + - + - || - + - + - + -,"<p style=""font-family:'Lucida Console', monospace"">- + - + - + -<br>- + - + - + -<br>- + - + - + -<br>- + - + - + -</p>",a b a b / x a x a,(altdeutsches) Kirchen-/Volkslied,84,04 Vierzeiler,1,0,0,1,2,4,,,,,,
4.25,,,jambisch,[3 3 4 3],w m m m,- + - + - + - || - + - + - + || - + - + - + - + || - + - + - +,"<p style=""font-family:'Lucida Console', monospace"">- + - + - + -<br>- + - + - +<br>- + - + - + - +<br>- + - + - +</p>",x a x a,(altdeutsches) Kirchen-/Volkslied,111,04 Vierzeiler,,,,,,,,,,,,
4.26,,,jambisch,[3 4 3 3],w m w m,- + - + - + - || - + - + - + - + || - + - + - + - || - + - + - +,"<p style=""font-family:'Lucida Console', monospace"">- + - + - + -<br>- + - + - + - +<br>- + - + - + -<br>- + - + - +</p>",a b a b / x a x a,jüngere Prägung (keine spezifische Herkunft),106,04 Vierzeiler,,,,,,,,,,,,
4.27,,,jambisch,[3 4 3 4],w m w m,- + - + - + - || - + - + - + - + || - + - + - + - || - + - + - + - +,"<p style=""font-family:'Lucida Console', monospace"">- + - + - + -<br>- + - + - + - +<br>- + - + - + -<br>- + - + - + - +</p>",a b a b,jüngere Prägung (keine spezifische Herkunft),96,04 Vierzeiler,,,,,,,,,,,,
4.28,,,jambisch,[4 2 4 2],m m m m,- + - + - + - + || - + - + || - + - + - + - + || - + - +,"<p style=""font-family:'Lucida Console', monospace"">- + - + - + - +<br>- + - +<br>- + - + - + - +<br>- + - +</p>",a b a b,(altdeutsches) Kirchen-/Volkslied,107,04 Vierzeiler,,,,,,,,,,,,
4.29,,,jambisch,[4 2 4 2],w m w m,- + - + - + - + - || - + - + || - + - + - + - + - || - + - +,"<p style=""font-family:'Lucida Console', monospace"">- + - + - + - + -<br>- + - +<br>- + - + - + - + -<br>- + - +</p>",a b a b,jüngere Prägung (keine spezifische Herkunft),96,04 Vierzeiler,0,0,4,2,1,2,,,,,,
4.30,,,trochäisch,[4 3 4 3],m m m m,+ - + - + - + || + - + - + || + - + - + - + || + - + - +,"<p style=""font-family:'Lucida Console', monospace"">+ - + - + - +<br>+ - + - +<br>+ - + - + - +<br>+ - + - +</p>",a b a b,jüngere Prägung (keine spezifische Herkunft),68,04 Vierzeiler,0,0,1,2,2,6,,,,,,
4.31,"Vagantenstrophe (halb, auftaktlos)",,trochäisch,[4 3 4 3],m w m w,+ - + - + - + || + - + - + - || + - + - + - + || + - + - + -,"<p style=""font-family:'Lucida Console', monospace"">+ - + - + - +<br>+ - + - + -<br>+ - + - + - +<br>+ - + - + -</p>",a b a b / x a x a,mittellateinische Vagantendichtung,20,04 Vierzeiler,1,1,7,15,16,11,,,,18,13,21
4.32,,,trochäisch,[4 3 4 3],w m w m,+ - + - + - + - || + - + - + || + - + - + - + - || + - + - +,"<p style=""font-family:'Lucida Console', monospace"">+ - + - + - + -<br>+ - + - +<br>+ - + - + - + -<br>+ - + - +</p>",a b a b / x a x a,jüngere Prägung (keine spezifische Herkunft),75,04 Vierzeiler,,,,,,,,,,,,
4.33,,,trochäisch,[4 3 4 3],w w w w,+ - + - + - + - || + - + - + - || + - + - + - + - || + - + - + -,"<p style=""font-family:'Lucida Console', monospace"">+ - + - + - + -<br>+ - + - + -<br>+ - + - + - + -<br>+ - + - + -</p>",a b a b,jüngere Prägung (keine spezifische Herkunft),112,04 Vierzeiler,,,,,,,,,,,,
4.34,Chevy-Chase-Strophe,,jambisch,[4 3 4 3],m m m m,- + - + - + - + || - + - + - + || - + - + - + - + || - + - + - +,"<p style=""font-family:'Lucida Console', monospace"">- + - + - + - +<br>- + - + - +<br>- + - + - + - +<br>- + - + - +</p>",a b a b / x a x a,"englisch,(altdeutsches) Kirchen-/Volkslied",9,04 Vierzeiler,4,5,41,45,48,24,,,4,3,5,11
4.35,,,daktylisch mit Auftakt,[4 3 4 3],m m m m,- + - - + - - + - - + || - + - - + - - + || - + - - + - - + - - + || - + - - + - - +,"<p style=""font-family:'Lucida Console', monospace"">- + - - + - - + - - +<br>- + - - + - - +<br>- + - - + - - + - - +<br>- + - - + - - +</p>",a b a b / x a x a,jüngere Prägung (keine spezifische Herkunft),92,04 Vierzeiler,,,,,,,,,,,,
4.36,"Vagantenstrophe (halb, auftaktig), 'Seelenliedstrophe'",,jambisch,[4 3 4 3],m w m w,- + - + - + - + || - + - + - + - || - + - + - + - + || - + - + - + -,"<p style=""font-family:'Lucida Console', monospace"">- + - + - + - +<br>- + - + - + -<br>- + - + - + - +<br>- + - + - + -</p>",a b a b / x a x a,"mittellateinische Vagantendichtung,(altdeutsches) Kirchen-/Volkslied",4,04 Vierzeiler,22,8,22,45,64,35,12,,12,4,3,6
4.37,,,daktylisch mit Auftakt,[4 3 4 3],m w m w,- + - - + - - + - - + || - + - - + - - + - || - + - - + - - + - - + || - + - - + - - + -,"<p style=""font-family:'Lucida Console', monospace"">- + - - + - - + - - +<br>- + - - + - - + -<br>- + - - + - - + - - +<br>- + - - + - - + -</p>",a b a b / x a x a,jüngere Prägung (keine spezifische Herkunft),73,04 Vierzeiler,0,0,0,2,5,3,,,,,,
4.38,,,jambisch,[4 3 4 3],w m w m,- + - + - + - + - || - + - + - + || - + - + - + - + - || - + - + - +,"<p style=""font-family:'Lucida Console', monospace"">- + - + - + - + -<br>- + - + - +<br>- + - + - + - + -<br>- + - + - +</p>",a b a b,jüngere Prägung (keine spezifische Herkunft),90,04 Vierzeiler,0,0,4,3,2,1,,,,,,
4.39,,,jambisch,[4 4 3 3],m m w w,- + - + - + - + || - + - + - + - + || - + - + - + - || - + - + - + -,"<p style=""font-family:'Lucida Console', monospace"">- + - + - + - +<br>- + - + - + - +<br>- + - + - + -<br>- + - + - + -</p>",a a b b,(altdeutsches) Kirchen-/Volkslied,84,04 Vierzeiler,,,,,,,,,,,,
4.40,,,jambisch,[4 4 4 2],w m w m,- + - + - + - + - || - + - + - + - + || - + - + - + - + - || - + - +,"<p style=""font-family:'Lucida Console', monospace"">- + - + - + - + -<br>- + - + - + - +<br>- + - + - + - + -<br>- + - +</p>",a b a b,jüngere Prägung (keine spezifische Herkunft),111,04 Vierzeiler,,,,,,,,,,,,
4.41,,,jambisch,[4 4 4 3],m m m m,- + - + - + - + || - + - + - + - + || - + - + - + - + || - + - + - +,"<p style=""font-family:'Lucida Console', monospace"">- + - + - + - +<br>- + - + - + - +<br>- + - + - + - +<br>- + - + - +</p>",a b a b,jüngere Prägung (keine spezifische Herkunft),98,04 Vierzeiler,,,,,,,,,,,,
4.42,'Wiedertritt' (Barock),,trochäisch,[4 4 4 4],m m m m,+ - + - + - + || + - + - + - + || + - + - + - + || + - + - + - +,"<p style=""font-family:'Lucida Console', monospace"">+ - + - + - +<br>+ - + - + - +<br>+ - + - + - +<br>+ - + - + - +</p>",a a b b,(altdeutsches) Kirchen-/Volkslied,36,04 Vierzeiler,2,12,6,7,3,3,,20,,25,,
4.43,,,trochäisch,[4 4 4 4],m m m m,+ - + - + - + || + - + - + - + || + - + - + - + || + - + - + - +,"<p style=""font-family:'Lucida Console', monospace"">+ - + - + - +<br>+ - + - + - +<br>+ - + - + - +<br>+ - + - + - +</p>",a b a b,jüngere Prägung (keine spezifische Herkunft),74,04 Vierzeiler,0,0,1,2,4,3,,,,,,
4.44,,,daktylisch,[4 4 4 4],m m m m,+ - - + - - + - - + || + - - + - - + - - + || + - - + - - + - - + || + - - + - - + - - +,"<p style=""font-family:'Lucida Console', monospace"">+ - - + - - + - - +<br>+ - - + - - + - - +<br>+ - - + - - + - - +<br>+ - - + - - + - - +</p>",a a b b,jüngere Prägung (keine spezifische Herkunft),110,04 Vierzeiler,,,,,,,,,,,,
4.45,,,trochäisch,[4 4 4 4],m m w w,+ - + - + - + || + - + - + - + || + - + - + - + - || + - + - + - + -,"<p style=""font-family:'Lucida Console', monospace"">+ - + - + - +<br>+ - + - + - +<br>+ - + - + - + -<br>+ - + - + - + -</p>",a a b b,jüngere Prägung (keine spezifische Herkunft),88,04 Vierzeiler,0,4,2,1,2,1,,,,,,
4.46,,,trochäisch,[4 4 4 4],m w m w,+ - + - + - + || + - + - + - + - || + - + - + - + || + - + - + - + -,"<p style=""font-family:'Lucida Console', monospace"">+ - + - + - +<br>+ - + - + - + -<br>+ - + - + - +<br>+ - + - + - + -</p>",a b a b,jüngere Prägung (keine spezifische Herkunft),29,04 Vierzeiler,0,1,6,3,14,7,,,,,17,
4.47,,,trochäisch,[4 4 4 4],m w w m,+ - + - + - + || + - + - + - + - || + - + - + - + - || + - + - + - +,"<p style=""font-family:'Lucida Console', monospace"">+ - + - + - +<br>+ - + - + - + -<br>+ - + - + - + -<br>+ - + - + - +</p>",a b b a,jüngere Prägung (keine spezifische Herkunft),51,04 Vierzeiler,0,1,3,3,4,6,,,,,,
4.48,,,trochäisch,[4 4 4 4],w m m w,+ - + - + - + - || + - + - + - + || + - + - + - + || + - + - + - + -,"<p style=""font-family:'Lucida Console', monospace"">+ - + - + - + -<br>+ - + - + - +<br>+ - + - + - +<br>+ - + - + - + -</p>",a b b a,jüngere Prägung (keine spezifische Herkunft),85,04 Vierzeiler,,,,,,,,,,,,
4.49,"Romanzenstrophe, 'Suleikastrophe'",,trochäisch,[4 4 4 4],w m w m,+ - + - + - + - || + - + - + - + || + - + - + - + - || + - + - + - +,"<p style=""font-family:'Lucida Console', monospace"">+ - + - + - + -<br>+ - + - + - +<br>+ - + - + - + -<br>+ - + - + - +</p>",a b a b / x a x a,spanisch,3,04 Vierzeiler,1,3,15,79,90,45,,,20,1,1,3
4.50,,,daktylisch,[4 4 4 4],w m w m,+ - - + - - + - - + - || + - - + - - + - - + || + - - + - - + - - + - || + - - + - - + - - +,"<p style=""font-family:'Lucida Console', monospace"">+ - - + - - + - - + -<br>+ - - + - - + - - +<br>+ - - + - - + - - + -<br>+ - - + - - + - - +</p>",a b a b,jüngere Prägung (keine spezifische Herkunft),87,04 Vierzeiler,0,0,0,1,2,4,,,,,,
4.51,,,trochäisch,[4 4 4 4],w w m m,+ - + - + - + - || + - + - + - + - || + - + - + - + || + - + - + - +,"<p style=""font-family:'Lucida Console', monospace"">+ - + - + - + -<br>+ - + - + - + -<br>+ - + - + - +<br>+ - + - + - +</p>",a a b b,lateinische Hymnendichtung,48,04 Vierzeiler,0,6,6,7,2,3,,,,,,
4.52,,,trochäisch,[4 4 4 4],w w w m,+ - + - + - + - || + - + - + - + - || + - + - + - + - || + - + - + - +,"<p style=""font-family:'Lucida Console', monospace"">+ - + - + - + -<br>+ - + - + - + -<br>+ - + - + - + -<br>+ - + - + - +</p>",x x x x (ungereimt),spanisch,91,04 Vierzeiler,,,,,,,,,,,,
4.53,,,trochäisch,[4 4 4 4],w w w w,+ - + - + - + - || + - + - + - + - || + - + - + - + - || + - + - + - + -,"<p style=""font-family:'Lucida Console', monospace"">+ - + - + - + -<br>+ - + - + - + -<br>+ - + - + - + -<br>+ - + - + - + -</p>",a a b b,jüngere Prägung (keine spezifische Herkunft),80,04 Vierzeiler,,,,,,,,,,,,
4.54,"Romanzenstrophe, 'Schenkenstrophe'",,trochäisch,[4 4 4 4],w w w w,+ - + - + - + - || + - + - + - + - || + - + - + - + - || + - + - + - + -,"<p style=""font-family:'Lucida Console', monospace"">+ - + - + - + -<br>+ - + - + - + -<br>+ - + - + - + -<br>+ - + - + - + -</p>",a b a b / x a x a,jüngere Prägung (keine spezifische Herkunft),10,04 Vierzeiler,0,0,0,25,35,36,,,,10,6,5
4.55,,,trochäisch,[4 4 4 4],w w w w,+ - + - + - + - || + - + - + - + - || + - + - + - + - || + - + - + - + -,"<p style=""font-family:'Lucida Console', monospace"">+ - + - + - + -<br>+ - + - + - + -<br>+ - + - + - + -<br>+ - + - + - + -</p>",a b b a,jüngere Prägung (keine spezifische Herkunft),68,04 Vierzeiler,0,0,0,4,3,4,,,,,,
4.56,,,trochäisch,[4 4 4 4],w w w w,+ - + - + - + - || + - + - + - + - || + - + - + - + - || + - + - + - + -,"<p style=""font-family:'Lucida Console', monospace"">+ - + - + - + -<br>+ - + - + - + -<br>+ - + - + - + -<br>+ - + - + - + -</p>",x x x x (ungereimt),spanisch,74,04 Vierzeiler,0,0,0,4,4,2,,,,,,
4.57,,,jambisch,[4 4 4 4],m m m m,- + - + - + - + || - + - + - + - + || - + - + - + - + || - + - + - + - +,"<p style=""font-family:'Lucida Console', monospace"">- + - + - + - +<br>- + - + - + - +<br>- + - + - + - +<br>- + - + - + - +</p>",a a a a,(altdeutsches) Kirchen-/Volkslied,107,04 Vierzeiler,,,,,,,,,,,,
4.58,ambrosianische Hymnenstrophe,,jambisch,[4 4 4 4],m m m m,- + - + - + - + || - + - + - + - + || - + - + - + - + || - + - + - + - +,"<p style=""font-family:'Lucida Console', monospace"">- + - + - + - +<br>- + - + - + - +<br>- + - + - + - +<br>- + - + - + - +</p>",a a b b,lateinische Hymnendichtung,1,04 Vierzeiler,233,88,33,27,21,13,1,1,6,9,10,18
4.59,,,jambisch,[4 4 4 4],m m m m,- + - + - + - + || - + - + - + - + || - + - + - + - + || - + - + - + - +,"<p style=""font-family:'Lucida Console', monospace"">- + - + - + - +<br>- + - + - + - +<br>- + - + - + - +<br>- + - + - + - +</p>",a b a b / x a x a,(altdeutsches) Kirchen-/Volkslied,14,04 Vierzeiler,3,0,1,3,27,21,,,,,7,12
4.60,,,jambisch,[4 4 4 4],m m m m,- + - + - + - + || - + - + - + - + || - + - + - + - + || - + - + - + - +,"<p style=""font-family:'Lucida Console', monospace"">- + - + - + - +<br>- + - + - + - +<br>- + - + - + - +<br>- + - + - + - +</p>",a b b a,jüngere Prägung (keine spezifische Herkunft),91,04 Vierzeiler,,,,,,,,,,,,
4.61,,,jambisch,[4 4 4 4],m m m m,- + - + - + - + || - + - + - + - + || - + - + - + - + || - + - + - + - +,"<p style=""font-family:'Lucida Console', monospace"">- + - + - + - +<br>- + - + - + - +<br>- + - + - + - +<br>- + - + - + - +</p>",x x x x (ungereimt),jüngere Prägung (keine spezifische Herkunft),113,04 Vierzeiler,,,,,,,,,,,,
4.62,,,daktylisch mit Auftakt,[4 4 4 4],m m m m,- + - - + - - + - - + || - + - - + - - + - - + || - + - - + - - + - - + || - + - - + - - + - - +,"<p style=""font-family:'Lucida Console', monospace"">- + - - + - - + - - +<br>- + - - + - - + - - +<br>- + - - + - - + - - +<br>- + - - + - - + - - +</p>",a a b b,jüngere Prägung (keine spezifische Herkunft),37,04 Vierzeiler,0,0,6,9,8,3,,,,23,24,
4.63,,,jambisch,[4 4 4 4],m m w w,- + - + - + - + || - + - + - + - + || - + - + - + - + - || - + - + - + - + -,"<p style=""font-family:'Lucida Console', monospace"">- + - + - + - +<br>- + - + - + - +<br>- + - + - + - + -<br>- + - + - + - + -</p>",a a b b,französisch,72,04 Vierzeiler,,,,,,,,,,,,
4.64,,,jambisch,[4 4 4 4],m w m w,- + - + - + - + || - + - + - + - + - || - + - + - + - + || - + - + - + - + -,"<p style=""font-family:'Lucida Console', monospace"">- + - + - + - +<br>- + - + - + - + -<br>- + - + - + - +<br>- + - + - + - + -</p>",a b a b / x a x a,jüngere Prägung (keine spezifische Herkunft),24,04 Vierzeiler,0,2,14,4,20,9,,,21,,12,22
4.65,,,jambisch,[4 4 4 4],m w w m,- + - + - + - + || - + - + - + - + - || - + - + - + - + - || - + - + - + - +,"<p style=""font-family:'Lucida Console', monospace"">- + - + - + - +<br>- + - + - + - + -<br>- + - + - + - + -<br>- + - + - + - +</p>",a b b a,jüngere Prägung (keine spezifische Herkunft),63,04 Vierzeiler,0,0,5,1,3,6,,,,,,
4.66,,,jambisch,[4 4 4 4],w m m w,- + - + - + - + - || - + - + - + - + || - + - + - + - + || - + - + - + - + -,"<p style=""font-family:'Lucida Console', monospace"">- + - + - + - + -<br>- + - + - + - +<br>- + - + - + - +<br>- + - + - + - + -</p>",a b b a,jüngere Prägung (keine spezifische Herkunft),89,04 Vierzeiler,0,1,4,1,2,2,,,,,,
4.67,,,jambisch,[4 4 4 4],w m w m,- + - + - + - + - || - + - + - + - + || - + - + - + - + - || - + - + - + - +,"<p style=""font-family:'Lucida Console', monospace"">- + - + - + - + -<br>- + - + - + - +<br>- + - + - + - + -<br>- + - + - + - +</p>",a b a b / x a x a,jüngere Prägung (keine spezifische Herkunft),6,04 Vierzeiler,2,3,53,32,59,41,,,2,7,4,4
4.68,,,daktylisch mit Auftakt,[4 4 4 4],w m w m,- + - - + - - + - - + - || - + - - + - - + - - + || - + - - + - - + - - + - || - + - - + - - + - - +,"<p style=""font-family:'Lucida Console', monospace"">- + - - + - - + - - + -<br>- + - - + - - + - - +<br>- + - - + - - + - - + -<br>- + - - + - - + - - +</p>",a b a b / x a x a,jüngere Prägung (keine spezifische Herkunft),78,04 Vierzeiler,0,0,0,0,1,6,,,,,,
4.69,,,jambisch,[4 4 4 4],w w m m,- + - + - + - + - || - + - + - + - + - || - + - + - + - + || - + - + - + - +,"<p style=""font-family:'Lucida Console', monospace"">- + - + - + - + -<br>- + - + - + - + -<br>- + - + - + - +<br>- + - + - + - +</p>",a a b b,jüngere Prägung (keine spezifische Herkunft),77,04 Vierzeiler,1,1,11,3,2,1,,,,,,
4.70,,,daktylisch mit Auftakt,[4 4 4 4],w w m m,- + - - + - - + - - + - || - + - - + - - + - - + - || - + - - + - - + - - + || - + - - + - - + - - +,"<p style=""font-family:'Lucida Console', monospace"">- + - - + - - + - - + -<br>- + - - + - - + - - + -<br>- + - - + - - + - - +<br>- + - - + - - + - - +</p>",a a b b,jüngere Prägung (keine spezifische Herkunft),104,04 Vierzeiler,0,1,5,2,0,0,,,,,,
4.71,,,jambisch,[4 4 4 4],w w w w,- + - + - + - + - || - + - + - + - + - || - + - + - + - + - || - + - + - + - + -,"<p style=""font-family:'Lucida Console', monospace"">- + - + - + - + -<br>- + - + - + - + -<br>- + - + - + - + -<br>- + - + - + - + -</p>",a a b b,jüngere Prägung (keine spezifische Herkunft),109,04 Vierzeiler,,,,,,,,,,,,
4.72,,,jambisch,[4 4 4 4],w w w w,- + - + - + - + - || - + - + - + - + - || - + - + - + - + - || - + - + - + - + -,"<p style=""font-family:'Lucida Console', monospace"">- + - + - + - + -<br>- + - + - + - + -<br>- + - + - + - + -<br>- + - + - + - + -</p>",a b a b / x a x a,jüngere Prägung (keine spezifische Herkunft),77,04 Vierzeiler,0,0,0,0,4,4,,,,,,
4.73,,,jambisch,[4 4 4 4],w w w w,- + - + - + - + - || - + - + - + - + - || - + - + - + - + - || - + - + - + - + -,"<p style=""font-family:'Lucida Console', monospace"">- + - + - + - + -<br>- + - + - + - + -<br>- + - + - + - + -<br>- + - + - + - + -</p>",a b b a,jüngere Prägung (keine spezifische Herkunft),110,04 Vierzeiler,,,,,,,,,,,,
4.74,,,jambisch,[4 5 4 5],w m w m,- + - + - + - + - || - + - + - + - + - + || - + - + - + - + - || - + - + - + - + - +,"<p style=""font-family:'Lucida Console', monospace"">- + - + - + - + -<br>- + - + - + - + - +<br>- + - + - + - + -<br>- + - + - + - + - +</p>",a b a b,jüngere Prägung (keine spezifische Herkunft),116,04 Vierzeiler,,,,,,,,,,,,
4.75,,,jambisch,[5 2 5 2],w m w m,- + - + - + - + - + - || - + - + || - + - + - + - + - + - || - + - +,"<p style=""font-family:'Lucida Console', monospace"">- + - + - + - + - + -<br>- + - +<br>- + - + - + - + - + -<br>- + - +</p>",a b a b,jüngere Prägung (keine spezifische Herkunft),94,04 Vierzeiler,,,,,,,,,,,,
4.76,,,jambisch,[5 3 5 3],w m w m,- + - + - + - + - + - || - + - + - + || - + - + - + - + - + - || - + - + - +,"<p style=""font-family:'Lucida Console', monospace"">- + - + - + - + - + -<br>- + - + - +<br>- + - + - + - + - + -<br>- + - + - +</p>",a b a b,jüngere Prägung (keine spezifische Herkunft),90,04 Vierzeiler,0,0,0,6,0,1,,,,,,
4.77,,,jambisch,[5 4 5 3],w m w m,- + - + - + - + - + - || - + - + - + - + || - + - + - + - + - + - || - + - + - +,"<p style=""font-family:'Lucida Console', monospace"">- + - + - + - + - + -<br>- + - + - + - +<br>- + - + - + - + - + -<br>- + - + - +</p>",a b a b,jüngere Prägung (keine spezifische Herkunft),117,04 Vierzeiler,,,,,,,,,,,,
4.78,,,jambisch,[5 4 5 4],w m w m,- + - + - + - + - + - || - + - + - + - + || - + - + - + - + - + - || - + - + - + - +,"<p style=""font-family:'Lucida Console', monospace"">- + - + - + - + - + -<br>- + - + - + - +<br>- + - + - + - + - + -<br>- + - + - + - +</p>",a b a b,jüngere Prägung (keine spezifische Herkunft),89,04 Vierzeiler,0,0,6,3,1,1,,,,,,
4.79,,,jambisch,[5 4 6 3],w m w m,- + - + - + - + - + - || - + - + - + - + || - + - + - + - + - + - + - || - + - + - +,"<p style=""font-family:'Lucida Console', monospace"">- + - + - + - + - + -<br>- + - + - + - +<br>- + - + - + - + - + - + -<br>- + - + - +</p>",a b a b,jüngere Prägung (keine spezifische Herkunft),111,04 Vierzeiler,0,0,6,1,0,0,,,,,,
4.80,alkäische Odenstrophe,,heterometrisch,[5 5 4 4],m m w w,- + - + - | + - - + - + || - + - + - | + - - + - + || - + - + - + - + - || + - - + - - + - + -,"<p style=""font-family:'Lucida Console', monospace"">- + - + - | + - - + - +<br>- + - + - | + - - + - +<br>- + - + - + - + -<br>&nbsp;&nbsp;+ - - + - - + - + -</p>",x x x x (ungereimt),Antike,13,04 Vierzeiler,0,0,13,43,2,16,,,22,5,,14
4.81,sapphische Odenstrophe,,heterometrisch,[5 5 5 2],w w w w,+ - + - + - - + - + - || + - + - + - - + - + - || + - + - + - - + - + - || + - - + -,"<p style=""font-family:'Lucida Console', monospace"">+ - + - + - - + - + -<br>+ - + - + - - + - + -<br>+ - + - + - - + - + -<br>+ - - + -</p>",x x x x (ungereimt),Antike,45,04 Vierzeiler,0,1,0,8,3,6,,,,24,,
4.82,sapphische Odenstrophe (mit Wanderdaktylus),,heterometrisch,[5 5 5 2],w w w w,+ - - + - + - + - + - || + - + - - + - + - + - || + - + - + - - + - + - || + - - + -,"<p style=""font-family:'Lucida Console', monospace"">+ - - + - + - + - + -<br>+ - + - - + - + - + -<br>+ - + - + - - + - + -<br>+ - - + -</p>",x x x x (ungereimt),Antike,70,04 Vierzeiler,0,0,2,12,0,0,,,,,,
4.83,sapphische Odenstrophe (Barock),,heterometrisch,[5 5 5 2],w w w w,+ - - + - | + - + - + - || + - - + - | + - + - + - || + - - + - | + - + - + - || + - - + -,"<p style=""font-family:'Lucida Console', monospace"">+ - - + - | + - + - + -<br>+ - - + - | + - + - + -<br>+ - - + - | + - + - + -<br>+ - - + -</p>",a a b b,Antike,97,04 Vierzeiler,0,6,0,1,0,0,,,,,,
4.84,sapphische Odenstrophe (jambisch),,jambisch,[5 5 5 2],w w w w,- + - + - + - + - + - || - + - + - + - + - + - || - + - + - + - + - + - || - + - + -,"<p style=""font-family:'Lucida Console', monospace"">- + - + - + - + - + -<br>- + - + - + - + - + -<br>- + - + - + - + - + -<br>- + - + -</p>",a a b b,Antike,58,04 Vierzeiler,7,10,11,1,0,0,21,,,,,
4.85,,,jambisch,[5 5 5 3],w m w m,- + - + - + - + - + - || - + - + - + - + - + || - + - + - + - + - + - || - + - + - + -,"<p style=""font-family:'Lucida Console', monospace"">- + - + - + - + - + -<br>- + - + - + - + - +<br>- + - + - + - + - + -<br>- + - + - + -</p>",a b a b,jüngere Prägung (keine spezifische Herkunft),114,04 Vierzeiler,,,,,,,,,,,,
4.86,,,trochäisch,[5 5 5 4],w m w m,+ - + - + - + - + - || + - + - + - + - + || + - + - + - + - + - || + - + - + - +,"<p style=""font-family:'Lucida Console', monospace"">+ - + - + - + - + -<br>+ - + - + - + - +<br>+ - + - + - + - + -<br>+ - + - + - +</p>",a b a b,jüngere Prägung (keine spezifische Herkunft),106,04 Vierzeiler,,,,,,,,,,,,
4.87,,,jambisch,[5 5 5 4],w m w m,- + - + - + - + - + - || - + - + - + - + - + || - + - + - + - + - + - || - + - + - + - +,"<p style=""font-family:'Lucida Console', monospace"">- + - + - + - + - + -<br>- + - + - + - + - +<br>- + - + - + - + - + -<br>- + - + - + - +</p>",a b a b,jüngere Prägung (keine spezifische Herkunft),101,04 Vierzeiler,,,,,,,,,,,,
4.88,,,trochäisch,[5 5 5 5],m m m m,+ - + - + - + - + || + - + - + - + - + || + - + - + - + - + || + - + - + - + - +,"<p style=""font-family:'Lucida Console', monospace"">+ - + - + - + - +<br>+ - + - + - + - +<br>+ - + - + - + - +<br>+ - + - + - + - +</p>",a a b b,jüngere Prägung (keine spezifische Herkunft),96,04 Vierzeiler,,,,,,,,,,,,
4.89,,,trochäisch,[5 5 5 5],m m m m,+ - + - + - + - + || + - + - + - + - + || + - + - + - + - + || + - + - + - + - +,"<p style=""font-family:'Lucida Console', monospace"">+ - + - + - + - +<br>+ - + - + - + - +<br>+ - + - + - + - +<br>+ - + - + - + - +</p>",a b a b,jüngere Prägung (keine spezifische Herkunft),90,04 Vierzeiler,0,0,0,0,0,5,,,,,,
4.90,,,trochäisch,[5 5 5 5],m w m w,+ - + - + - + - + || + - + - + - + - + - || + - + - + - + - + || + - + - + - + - + -,"<p style=""font-family:'Lucida Console', monospace"">+ - + - + - + - +<br>+ - + - + - + - + -<br>+ - + - + - + - +<br>+ - + - + - + - + -</p>",a b a b,jüngere Prägung (keine spezifische Herkunft),87,04 Vierzeiler,0,0,0,1,1,5,,,,,,
4.91,,,trochäisch,[5 5 5 5],m w w m,+ - + - + - + - + || + - + - + - + - + - || + - + - + - + - + - || + - + - + - + - +,"<p style=""font-family:'Lucida Console', monospace"">+ - + - + - + - +<br>+ - + - + - + - + -<br>+ - + - + - + - + -<br>+ - + - + - + - +</p>",a b b a,jüngere Prägung (keine spezifische Herkunft),92,04 Vierzeiler,0,0,0,0,0,5,,,,,,
4.92,,,trochäisch,[5 5 5 5],w m m w,+ - + - + - + - + - || + - + - + - + - + || + - + - + - + - + || + - + - + - + - + -,"<p style=""font-family:'Lucida Console', monospace"">+ - + - + - + - + -<br>+ - + - + - + - +<br>+ - + - + - + - +<br>+ - + - + - + - + -</p>",a b b a,jüngere Prägung (keine spezifische Herkunft),113,04 Vierzeiler,,,,,,,,,,,,
4.93,(trochäische 'elegiac stanza'),,trochäisch,[5 5 5 5],w m w m,+ - + - + - + - + - || + - + - + - + - + || + - + - + - + - + - || + - + - + - + - +,"<p style=""font-family:'Lucida Console', monospace"">+ - + - + - + - + -<br>+ - + - + - + - +<br>+ - + - + - + - + -<br>+ - + - + - + - +</p>",a b a b / x a x a,englisch,19,04 Vierzeiler,0,0,0,16,5,29,,,,14,,7
4.94,,,daktylisch,[5 5 5 5],w m w m,+ - - + - - + - - + - - + - || + - - + - - + - - + - - + || + - - + - - + - - + - - + - || + - - + - - + - - + - - +,"<p style=""font-family:'Lucida Console', monospace"">+ - - + - - + - - + - - + -<br>+ - - + - - + - - + - - +<br>+ - - + - - + - - + - - + -<br>+ - - + - - + - - + - - +</p>",a b a b,jüngere Prägung (keine spezifische Herkunft),105,04 Vierzeiler,,,,,,,,,,,,
4.95,,,trochäisch,[5 5 5 5],w w m m,+ - + - + - + - + - || + - + - + - + - + - || + - + - + - + - + || + - + - + - + - +,"<p style=""font-family:'Lucida Console', monospace"">+ - + - + - + - + -<br>+ - + - + - + - + -<br>+ - + - + - + - +<br>+ - + - + - + - +</p>",a a b b,jüngere Prägung (keine spezifische Herkunft),111,04 Vierzeiler,,,,,,,,,,,,
4.96,,,trochäisch,[5 5 5 5],w w w w,+ - + - + - + - + - || + - + - + - + - + - || + - + - + - + - + - || + - + - + - + - + -,"<p style=""font-family:'Lucida Console', monospace"">+ - + - + - + - + -<br>+ - + - + - + - + -<br>+ - + - + - + - + -<br>+ - + - + - + - + -</p>",a a b b,jüngere Prägung (keine spezifische Herkunft),97,04 Vierzeiler,,,,,,,,,,,,
4.97,,,trochäisch,[5 5 5 5],w w w w,+ - + - + - + - + - || + - + - + - + - + - || + - + - + - + - + - || + - + - + - + - + -,"<p style=""font-family:'Lucida Console', monospace"">+ - + - + - + - + -<br>+ - + - + - + - + -<br>+ - + - + - + - + -<br>+ - + - + - + - + -</p>",a b a b / x a x a,jüngere Prägung (keine spezifische Herkunft),77,04 Vierzeiler,0,0,0,0,1,7,,,,,,
4.98,,,trochäisch,[5 5 5 5],w w w w,+ - + - + - + - + - || + - + - + - + - + - || + - + - + - + - + - || + - + - + - + - + -,"<p style=""font-family:'Lucida Console', monospace"">+ - + - + - + - + -<br>+ - + - + - + - + -<br>+ - + - + - + - + -<br>+ - + - + - + - + -</p>",a b b a,jüngere Prägung (keine spezifische Herkunft),103,04 Vierzeiler,,,,,,,,,,,,
4.99,,,jambisch,[5 5 5 5],m m m m,- + - + - + - + - + || - + - + - + - + - + || - + - + - + - + - + || - + - + - + - + - +,"<p style=""font-family:'Lucida Console', monospace"">- + - + - + - + - +<br>- + - + - + - + - +<br>- + - + - + - + - +<br>- + - + - + - + - +</p>",a a b b,jüngere Prägung (keine spezifische Herkunft),54,04 Vierzeiler,1,2,0,1,4,7,,,,,,
4.100,'elegiac stanza',,jambisch,[5 5 5 5],m m m m,- + - + - + - + - + || - + - + - + - + - + || - + - + - + - + - + || - + - + - + - + - +,"<p style=""font-family:'Lucida Console', monospace"">- + - + - + - + - +<br>- + - + - + - + - +<br>- + - + - + - + - +<br>- + - + - + - + - +</p>",a b a b / x a x a,englisch,25,04 Vierzeiler,0,0,0,3,5,26,,,,,,10
4.101,,,jambisch,[5 5 5 5],m m m m,- + - + - + - + - + || - + - + - + - + - + || - + - + - + - + - + || - + - + - + - + - +,"<p style=""font-family:'Lucida Console', monospace"">- + - + - + - + - +<br>- + - + - + - + - +<br>- + - + - + - + - +<br>- + - + - + - + - +</p>",a b b a,jüngere Prägung (keine spezifische Herkunft),41,04 Vierzeiler,0,0,0,0,2,15,,,,,,16
4.102,,,jambisch,[5 5 5 5],m m w w,- + - + - + - + - + || - + - + - + - + - + || - + - + - + - + - + - || - + - + - + - + - + -,"<p style=""font-family:'Lucida Console', monospace"">- + - + - + - + - +<br>- + - + - + - + - +<br>- + - + - + - + - + -<br>- + - + - + - + - + -</p>",a a b b,jüngere Prägung (keine spezifische Herkunft),78,04 Vierzeiler,0,4,0,1,3,2,,,,,,
4.103,,,jambisch,[5 5 5 5],m w m w,- + - + - + - + - + || - + - + - + - + - + - || - + - + - + - + - + || - + - + - + - + - + -,"<p style=""font-family:'Lucida Console', monospace"">- + - + - + - + - +<br>- + - + - + - + - + -<br>- + - + - + - + - +<br>- + - + - + - + - + -</p>",a b a b / x a x a,jüngere Prägung (keine spezifische Herkunft),17,04 Vierzeiler,0,1,2,5,16,29,,,,,14,8
4.104,,,jambisch,[5 5 5 5],m w w m,- + - + - + - + - + || - + - + - + - + - + - || - + - + - + - + - + - || - + - + - + - + - +,"<p style=""font-family:'Lucida Console', monospace"">- + - + - + - + - +<br>- + - + - + - + - + -<br>- + - + - + - + - + -<br>- + - + - + - + - +</p>",a b b a,jüngere Prägung (keine spezifische Herkunft),28,04 Vierzeiler,0,2,1,1,4,19,,,,,,13
4.105,,,jambisch,[5 5 5 5],w m m w,- + - + - + - + - + - || - + - + - + - + - + || - + - + - + - + - + || - + - + - + - + - + -,"<p style=""font-family:'Lucida Console', monospace"">- + - + - + - + - + -<br>- + - + - + - + - +<br>- + - + - + - + - +<br>- + - + - + - + - + -</p>",a b b a,jüngere Prägung (keine spezifische Herkunft),47,04 Vierzeiler,0,1,0,1,2,11,,,,,,20
4.106,,,jambisch,[5 5 5 5],w m w m,- + - + - + - + - + - || - + - + - + - + - + || - + - + - + - + - + - || - + - + - + - + - +,"<p style=""font-family:'Lucida Console', monospace"">- + - + - + - + - + -<br>- + - + - + - + - +<br>- + - + - + - + - + -<br>- + - + - + - + - +</p>",a b a b,französisch,8,04 Vierzeiler,1,1,6,7,20,92,,,,,11,1
4.107,,vers commun,jambisch,[5 5 5 5],w w m m,- + - + - + - + - + - || - + - + - + - + - + - || - + - + - + - + - + || - + - + - + - + - +,"<p style=""font-family:'Lucida Console', monospace"">- + - + - + - + - + -<br>- + - + - + - + - + -<br>- + - + - + - + - +<br>- + - + - + - + - +</p>",a a b b,französisch,64,04 Vierzeiler,1,11,3,1,2,1,,25,,,,
4.108,,vers commun,jambisch,[5 5 5 5],w w w w,- + - + - + - + - + - || - + - + - + - + - + - || - + - + - + - + - + - || - + - + - + - + - + -,"<p style=""font-family:'Lucida Console', monospace"">- + - + - + - + - + -<br>- + - + - + - + - + -<br>- + - + - + - + - + -<br>- + - + - + - + - + -</p>",a a b b,jüngere Prägung (keine spezifische Herkunft),89,04 Vierzeiler,,,,,,,,,,,,
4.109,,Endecasillabo,jambisch,[5 5 5 5],w w w w,- + - + - + - + - + - || - + - + - + - + - + - || - + - + - + - + - + - || - + - + - + - + - + -,"<p style=""font-family:'Lucida Console', monospace"">- + - + - + - + - + -<br>- + - + - + - + - + -<br>- + - + - + - + - + -<br>- + - + - + - + - + -</p>",a b a b,jüngere Prägung (keine spezifische Herkunft),21,04 Vierzeiler,0,0,0,2,12,26,,,,,19,9
4.110,,,jambisch,[5 5 5 5],w w w w,- + - + - + - + - + - || - + - + - + - + - + - || - + - + - + - + - + - || - + - + - + - + - + -,"<p style=""font-family:'Lucida Console', monospace"">- + - + - + - + - + -<br>- + - + - + - + - + -<br>- + - + - + - + - + -<br>- + - + - + - + - + -</p>",a b b a,jüngere Prägung (keine spezifische Herkunft),43,04 Vierzeiler,0,0,0,0,4,12,,,,,,19
4.111,asklepiadeische Odenstrophe,,heterometrisch,[6 6 3 4],m m w m,+ - + - - + | + - - + - + || + - + - - + | + - - + - + || + - + - - + - || + - + - - + - +,"<p style=""font-family:'Lucida Console', monospace"">+ - + - - + | + - - + - +<br>+ - + - - + | + - - + - +<br>+ - + - - + -<br>+ - + - - + - +</p>",x x x x (ungereimt),Antike,34,04 Vierzeiler,0,0,13,18,0,5,,,23,11,,
4.112,Judasstrophe,,trochäisch,[6 6 6 6],m m m m,+ - + - + - + - + - + || + - + - + - + - + - + || + - + - + - + - + - + || + - + - + - + - + - +,"<p style=""font-family:'Lucida Console', monospace"">+ - + - + - + - + - +<br>+ - + - + - + - + - +<br>+ - + - + - + - + - +<br>+ - + - + - + - + - +</p>",a a b b,(altdeutsches) Kirchen-/Volkslied,111,04 Vierzeiler,,,,,,,,,,,,
4.113,,,jambisch,[6 6 6 6],m m m m,- + - + - + | - + - + - + || - + - + - + | - + - + - + || - + - + - + | - + - + - + || - + - + - + | - + - + - +,"<p style=""font-family:'Lucida Console', monospace"">- + - + - + | - + - + - +<br>- + - + - + | - + - + - +<br>- + - + - + | - + - + - +<br>- + - + - + | - + - + - +</p>",a a b b,lateinische Hymnendichtung,93,04 Vierzeiler,1,4,1,0,0,2,,,,,,
4.114,neue Nibelungenstrophe,,jambisch,[6 6 6 6],m m m m,- + - + - + - | - + - + - + || - + - + - + - | - + - + - + || - + - + - + - | - + - + - + || - + - + - + - | - + - + - +,"<p style=""font-family:'Lucida Console', monospace"">- + - + - + - | - + - + - +<br>- + - + - + - | - + - + - +<br>- + - + - + - | - + - + - +<br>- + - + - + - | - + - + - +</p>",a a b b,mittelalterliche Heldenepik,89,04 Vierzeiler,,,,,,,,,,,,
4.115,,Alexandriner,jambisch,[6 6 6 6],m m w w,- + - + - + | - + - + - + || - + - + - + | - + - + - + || - + - + - + | - + - + - + - || - + - + - + | - + - + - + -,"<p style=""font-family:'Lucida Console', monospace"">- + - + - + | - + - + - +<br>- + - + - + | - + - + - +<br>- + - + - + | - + - + - + -<br>- + - + - + | - + - + - + -</p>",a a b b,jüngere Prägung (keine spezifische Herkunft),81,04 Vierzeiler,0,11,5,0,0,0,,24,,,,
4.116,,Alexandriner,jambisch,[6 6 6 6],m w m w,- + - + - + | - + - + - + || - + - + - + | - + - + - + - || - + - + - + | - + - + - + || - + - + - + | - + - + - + -,"<p style=""font-family:'Lucida Console', monospace"">- + - + - + | - + - + - +<br>- + - + - + | - + - + - + -<br>- + - + - + | - + - + - +<br>- + - + - + | - + - + - + -</p>",a b a b,jüngere Prägung (keine spezifische Herkunft),93,04 Vierzeiler,0,7,6,1,0,0,,,,,,
4.117,,Alexandriner,jambisch,[6 6 6 6],m w w m,- + - + - + | - + - + - + || - + - + - + | - + - + - + - || - + - + - + | - + - + - + - || - + - + - + | - + - + - +,"<p style=""font-family:'Lucida Console', monospace"">- + - + - + | - + - + - +<br>- + - + - + | - + - + - + -<br>- + - + - + | - + - + - + -<br>- + - + - + | - + - + - +</p>",a b b a,jüngere Prägung (keine spezifische Herkunft),61,04 Vierzeiler,0,18,2,0,0,1,,12,,,,
4.118,,Alexandriner,jambisch,[6 6 6 6],w m m w,- + - + - + | - + - + - + - || - + - + - + | - + - + - + || - + - + - + | - + - + - + || - + - + - + | - + - + - + -,"<p style=""font-family:'Lucida Console', monospace"">- + - + - + | - + - + - + -<br>- + - + - + | - + - + - +<br>- + - + - + | - + - + - +<br>- + - + - + | - + - + - + -</p>",a b b a,französisch,70,04 Vierzeiler,0,16,0,0,0,1,,13,,,,
4.119,elegischer Alexandriner,Alexandriner,jambisch,[6 6 6 6],w m w m,- + - + - + | - + - + - + - || - + - + - + | - + - + - + || - + - + - + | - + - + - + - || - + - + - + | - + - + - +,"<p style=""font-family:'Lucida Console', monospace"">- + - + - + | - + - + - + -<br>- + - + - + | - + - + - +<br>- + - + - + | - + - + - + -<br>- + - + - + | - + - + - +</p>",a b a b,niederländisch,84,04 Vierzeiler,0,2,6,2,0,3,,,,,,
4.120,heroischer Alexandriner,Alexandriner,jambisch,[6 6 6 6],w w m m,- + - + - + | - + - + - + - || - + - + - + | - + - + - + - || - + - + - + | - + - + - + || - + - + - + | - + - + - +,"<p style=""font-family:'Lucida Console', monospace"">- + - + - + | - + - + - + -<br>- + - + - + | - + - + - + -<br>- + - + - + | - + - + - +<br>- + - + - + | - + - + - +</p>",a a b b,französisch,42,04 Vierzeiler,0,25,9,1,0,0,,6,,,,
4.121,,,jambisch,[6 6 6 6],w w w w,- + - + - + - + - + - + - || - + - + - + - + - + - + - || - + - + - + - + - + - + - || - + - + - + - + - + - + -,"<p style=""font-family:'Lucida Console', monospace"">- + - + - + - + - + - + -<br>- + - + - + - + - + - + -<br>- + - + - + - + - + - + -<br>- + - + - + - + - + - + -</p>",a b a b,jüngere Prägung (keine spezifische Herkunft),103,04 Vierzeiler,,,,,,,,,,,,
4.122,,jambischer Septenar,jambisch,[7 7 7 7],m m m m,- + - + - + - + | - + - + - + || - + - + - + - + | - + - + - + || - + - + - + - + | - + - + - + || - + - + - + - + | - + - + - +,"<p style=""font-family:'Lucida Console', monospace"">- + - + - + - + | - + - + - +<br>- + - + - + - + | - + - + - +<br>- + - + - + - + | - + - + - +<br>- + - + - + - + | - + - + - +</p>",a a b b,jüngere Prägung (keine spezifische Herkunft),110,04 Vierzeiler,,,,,,,,,,,,
4.123,,,trochäisch,[8 8 8 8],m m m m,+ - + - + - + - | + - + - + - + || + - + - + - + - | + - + - + - + || + - + - + - + - | + - + - + - + || + - + - + - + - | + - + - + - +,"<p style=""font-family:'Lucida Console', monospace"">+ - + - + - + - | + - + - + - +<br>+ - + - + - + - | + - + - + - +<br>+ - + - + - + - | + - + - + - +<br>+ - + - + - + - | + - + - + - +</p>",a a b b,jüngere Prägung (keine spezifische Herkunft),103,04 Vierzeiler,,,,,,,,,,,,
4.124,,trochäischer Oktonar/Tetrameter,trochäisch,[8 8 8 8],w w m m,+ - + - + - + - | + - + - + - + - || + - + - + - + - | + - + - + - + - || + - + - + - + - | + - + - + - + || + - + - + - + - | + - + - + - +,"<p style=""font-family:'Lucida Console', monospace"">+ - + - + - + - | + - + - + - + -<br>+ - + - + - + - | + - + - + - + -<br>+ - + - + - + - | + - + - + - +<br>+ - + - + - + - | + - + - + - +</p>",a a b b,jüngere Prägung (keine spezifische Herkunft),116,04 Vierzeiler,,,,,,,,,,,,
4.125,,trochäischer Oktonar/Tetrameter,trochäisch,[8 8 8 8],w w w w,+ - + - + - + - | + - + - + - + - || + - + - + - + - | + - + - + - + - || + - + - + - + - | + - + - + - + - || + - + - + - + - | + - + - + - + -,"<p style=""font-family:'Lucida Console', monospace"">+ - + - + - + - | + - + - + - + -<br>+ - + - + - + - | + - + - + - + -<br>+ - + - + - + - | + - + - + - + -<br>+ - + - + - + - | + - + - + - + -</p>",a a b b,jüngere Prägung (keine spezifische Herkunft),115,04 Vierzeiler,,,,,,,,,,,,
4.126,,jambischer Oktonar/Tetrameter,jambisch,[8 8 8 8],m m m m,- + - + - + - + | - + - + - + - + || - + - + - + - + | - + - + - + - + || - + - + - + - + | - + - + - + - + || - + - + - + - + | - + - + - + - +,"<p style=""font-family:'Lucida Console', monospace"">- + - + - + - + | - + - + - + - +<br>- + - + - + - + | - + - + - + - +<br>- + - + - + - + | - + - + - + - +<br>- + - + - + - + | - + - + - + - +</p>",a a b b,jüngere Prägung (keine spezifische Herkunft),109,04 Vierzeiler,,,,,,,,,,,,
5.1,,,heterometrisch,[2 2 3 4 3],m m w m w,- + - + || - + - + || - + - + - + - || + - + - + - + || + - + - + -,"<p style=""font-family:'Lucida Console', monospace"">- + - +<br>- + - +<br>- + - + - + -<br>&nbsp;&nbsp;+ - + - + - +<br>&nbsp;&nbsp;+ - + - + -</p>",a a b x b,jüngere Prägung (keine spezifische Herkunft),112,05 Fünfzeiler,,,,,,,,,,,,
5.2,,,jambisch,[3 3 3 3 3],w m w w m,- + - + - + - + - || - + - + - + || - + - + - + - + - || - + - + - + - + - || - + - + - +,"<p style=""font-family:'Lucida Console', monospace"">- + - + - + - + -<br>- + - + - +<br>- + - + - + - + -<br>- + - + - + - + -<br>- + - + - +</p>",a b a a b / x a b b a,(altdeutsches) Kirchen-/Volkslied,56,05 Fünfzeiler,2,0,0,3,6,3,,,,,,
5.3,,,jambisch,[4 3 4 4 3],m m m m m,- + - + - + - + || - + - + - + || - + - + - + - + || - + - + - + - + || - + - + - +,"<p style=""font-family:'Lucida Console', monospace"">- + - + - + - +<br>- + - + - +<br>- + - + - + - +<br>- + - + - + - +<br>- + - + - +</p>",a b a a b / x a b b a,jüngere Prägung (keine spezifische Herkunft),63,05 Fünfzeiler,0,0,0,5,4,3,,,,,,
5.4,,,jambisch,[4 3 4 4 3],m w m m w,- + - + - + - + || - + - + - + - || - + - + - + - + || - + - + - + - + || - + - + - + -,"<p style=""font-family:'Lucida Console', monospace"">- + - + - + - +<br>- + - + - + -<br>- + - + - + - +<br>- + - + - + - +<br>- + - + - + -</p>",a b a a b / x a b b a,(altdeutsches) Kirchen-/Volkslied,52,05 Fünfzeiler,1,1,1,5,5,4,,,,,,
5.5,,,daktylisch mit Auftakt,[4 3 4 4 3],m w m m w,- + - - + - - + - - + || - + - - + - - + - || - + - - + - - + - - + || - + - - + - - + - - + || - + - - + - - + -,"<p style=""font-family:'Lucida Console', monospace"">- + - - + - - + - - +<br>- + - - + - - + -<br>- + - - + - - + - - +<br>- + - - + - - + - - +<br>- + - - + - - + -</p>",a b a a b / x a b b a,jüngere Prägung (keine spezifische Herkunft),109,05 Fünfzeiler,,,,,,,,,,,,
5.6,Lindenschmidtstrophe,,jambisch,[4 4 3 4 3],m m w m w,- + - + - + - + || - + - + - + - + || - + - + - + - || - + - + - + - + || - + - + - + -,"<p style=""font-family:'Lucida Console', monospace"">- + - + - + - +<br>- + - + - + - +<br>- + - + - + -<br>- + - + - + - +<br>- + - + - + -</p>",a a b a b / a a b x b,(altdeutsches) Kirchen-/Volkslied,22,05 Fünfzeiler,63,7,1,3,0,0,4,,,,,
5.7,,,jambisch,[4 4 4 4 3],m m m m w,- + - + - + - + || - + - + - + - + || - + - + - + - + || - + - + - + - + || - + - + - + -,"<p style=""font-family:'Lucida Console', monospace"">- + - + - + - +<br>- + - + - + - +<br>- + - + - + - +<br>- + - + - + - +<br>- + - + - + -</p>",a a b b x,(altdeutsches) Kirchen-/Volkslied,98,05 Fünfzeiler,0,0,4,5,3,5,,,,,,
5.8,,,trochäisch,[4 4 4 4 4],w m w w m,+ - + - + - + - || + - + - + - + || + - + - + - + - || + - + - + - + - || + - + - + - +,"<p style=""font-family:'Lucida Console', monospace"">+ - + - + - + -<br>+ - + - + - +<br>+ - + - + - + -<br>+ - + - + - + -<br>+ - + - + - +</p>",a b a a b / x a b b a,jüngere Prägung (keine spezifische Herkunft),55,05 Fünfzeiler,,,,,,,,,,,,
5.9,,,trochäisch,[4 4 4 4 4],w w w w w,+ - + - + - + - || + - + - + - + - || + - + - + - + - || + - + - + - + - || + - + - + - + -,"<p style=""font-family:'Lucida Console', monospace"">+ - + - + - + -<br>+ - + - + - + -<br>+ - + - + - + -<br>+ - + - + - + -<br>+ - + - + - + -</p>",a b a a b,jüngere Prägung (keine spezifische Herkunft),112,05 Fünfzeiler,,,,,,,,,,,,
5.10,,,jambisch,[4 4 4 4 4],m m m m m,- + - + - + - + || - + - + - + - + || - + - + - + - + || - + - + - + - + || - + - + - + - +,"<p style=""font-family:'Lucida Console', monospace"">- + - + - + - +<br>- + - + - + - +<br>- + - + - + - +<br>- + - + - + - +<br>- + - + - + - +</p>",a a b b b / a a b b x,(altdeutsches) Kirchen-/Volkslied,112,05 Fünfzeiler,,,,,,,,,,,,
5.11,,,jambisch,[4 4 4 4 4],m m m m m,- + - + - + - + || - + - + - + - + || - + - + - + - + || - + - + - + - + || - + - + - + - +,"<p style=""font-family:'Lucida Console', monospace"">- + - + - + - +<br>- + - + - + - +<br>- + - + - + - +<br>- + - + - + - +<br>- + - + - + - +</p>",a b a b b,jüngere Prägung (keine spezifische Herkunft),118,05 Fünfzeiler,,,,,,,,,,,,
5.12,,,jambisch,[4 4 4 4 4],w m w w m,- + - + - + - + - || - + - + - + - + || - + - + - + - + - || - + - + - + - + - || - + - + - + - +,"<p style=""font-family:'Lucida Console', monospace"">- + - + - + - + -<br>- + - + - + - +<br>- + - + - + - + -<br>- + - + - + - + -<br>- + - + - + - +</p>",a b a a b / x a b b a,jüngere Prägung (keine spezifische Herkunft),97,05 Fünfzeiler,,,,,,,,,,,,
5.13,,,daktylisch,[5 5 2 3 3],w w m m w,+ - - + - - + - - + - || + - - + - - + - - + - || + - - + || + - - + - - + || + - - + - - + -,"<p style=""font-family:'Lucida Console', monospace"">+ - - + - - + - - + -<br>+ - - + - - + - - + -<br>+ - - +<br>+ - - + - - +<br>+ - - + - - + -</p>",a a b b a,jüngere Prägung (keine spezifische Herkunft),114,05 Fünfzeiler,,,,,,,,,,,,
5.14,,,trochäisch,[5 5 5 5 5],w m w w m,+ - + - + - + - + - || + - + - + - + - + || + - + - + - + - + - || + - + - + - + - + - || + - + - + - + - +,"<p style=""font-family:'Lucida Console', monospace"">+ - + - + - + - + -<br>+ - + - + - + - +<br>+ - + - + - + - + -<br>+ - + - + - + - + -<br>+ - + - + - + - +</p>",a b a a b / x a b b a,jüngere Prägung (keine spezifische Herkunft),98,05 Fünfzeiler,,,,,,,,,,,,
5.15,,,jambisch,[5 5 5 5 5],m m m m m,- + - + - + - + - + || - + - + - + - + - + || - + - + - + - + - + || - + - + - + - + - + || - + - + - + - + - +,"<p style=""font-family:'Lucida Console', monospace"">- + - + - + - + - +<br>- + - + - + - + - +<br>- + - + - + - + - +<br>- + - + - + - + - +<br>- + - + - + - + - +</p>",a b a a b,jüngere Prägung (keine spezifische Herkunft),118,05 Fünfzeiler,,,,,,,,,,,,
5.16,,,jambisch,[5 5 5 5 5],w m w w m,- + - + - + - + - + - || - + - + - + - + - + || - + - + - + - + - + - || - + - + - + - + - + - || - + - + - + - + - +,"<p style=""font-family:'Lucida Console', monospace"">- + - + - + - + - + -<br>- + - + - + - + - +<br>- + - + - + - + - + -<br>- + - + - + - + - + -<br>- + - + - + - + - +</p>",a b a a b,jüngere Prägung (keine spezifische Herkunft),85,05 Fünfzeiler,0,0,0,1,1,5,,,,,,
6.1,(Schweifreimstrophe),,daktylisch mit Auftakt,[2 2 2 2 2 2],w w m w w m,- + - - + - || - + - - + - || - + - - + || - + - - + - || - + - - + - || - + - - +,"<p style=""font-family:'Lucida Console', monospace"">- + - - + -<br>- + - - + -<br>- + - - +<br>- + - - + -<br>- + - - + -<br>- + - - +</p>",a a b c c b,jüngere Prägung (keine spezifische Herkunft),108,06 Sechszeiler,,,,,,,,,,,,
6.2,(Schweifreimstrophe),,jambisch,[2 2 3 2 2 3],m m w m m w,- + - + || - + - + || - + - + - + - || - + - + || - + - + || - + - + - + -,"<p style=""font-family:'Lucida Console', monospace"">- + - +<br>- + - +<br>- + - + - + -<br>- + - +<br>- + - +<br>- + - + - + -</p>",a a b c c b,(altdeutsches) Kirchen-/Volkslied,75,06 Sechszeiler,1,10,1,1,1,1,,,,,,
6.3,(Schweifreimstrophe),,trochäisch,[3 3 3 3 3 3],w w m w w m,+ - + - + - || + - + - + - || + - + - + || + - + - + - || + - + - + - || + - + - +,"<p style=""font-family:'Lucida Console', monospace"">+ - + - + -<br>+ - + - + -<br>+ - + - +<br>+ - + - + -<br>+ - + - + -<br>+ - + - +</p>",a a b c c b,jüngere Prägung (keine spezifische Herkunft),108,06 Sechszeiler,,,,,,,,,,,,
6.4,(Schweifreimstrophe),,jambisch,[3 3 3 3 3 3],m m w m m w,- + - + - + || - + - + - + || - + - + - + - || - + - + - + || - + - + - + || - + - + - + -,"<p style=""font-family:'Lucida Console', monospace"">- + - + - +<br>- + - + - +<br>- + - + - + -<br>- + - + - +<br>- + - + - +<br>- + - + - + -</p>",a a b c c b,(altdeutsches) Kirchen-/Volkslied,110,06 Sechszeiler,,,,,,,,,,,,
6.5,,,jambisch,[3 3 3 3 3 3],m m w w w w,- + - + - + || - + - + - + || - + - + - + - || - + - + - + - || - + - + - + - || - + - + - + -,"<p style=""font-family:'Lucida Console', monospace"">- + - + - +<br>- + - + - +<br>- + - + - + -<br>- + - + - + -<br>- + - + - + -<br>- + - + - + -</p>",a a b b c c,jüngere Prägung (keine spezifische Herkunft),82,06 Sechszeiler,1,11,5,0,0,0,,,,,,
6.6,,,jambisch,[3 3 3 3 3 3],w m w m w w,- + - + - + - || - + - + - + || - + - + - + - || - + - + - + || - + - + - + - || - + - + - + -,"<p style=""font-family:'Lucida Console', monospace"">- + - + - + -<br>- + - + - +<br>- + - + - + -<br>- + - + - +<br>- + - + - + -<br>- + - + - + -</p>",a b a b c c,jüngere Prägung (keine spezifische Herkunft),106,06 Sechszeiler,,,,,,,,,,,,
6.7,(Schweifreimstrophe),,jambisch,[3 3 3 3 3 3],w w m w w m,- + - + - + - || - + - + - + - || - + - + - + || - + - + - + - || - + - + - + - || - + - + - +,"<p style=""font-family:'Lucida Console', monospace"">- + - + - + -<br>- + - + - + -<br>- + - + - +<br>- + - + - + -<br>- + - + - + -<br>- + - + - +</p>",a a b c c b,(altdeutsches) Kirchen-/Volkslied,41,06 Sechszeiler,3,12,1,6,2,2,,22,,,,
6.8,(Schweifreimstrophe),,daktylisch mit Auftakt,[3 3 3 3 3 3],w w m w w m,- + - - + - - + - || - + - - + - - + - || - + - - + - - + || - + - - + - - + - || - + - - + - - + - || - + - - + - - +,"<p style=""font-family:'Lucida Console', monospace"">- + - - + - - + -<br>- + - - + - - + -<br>- + - - + - - +<br>- + - - + - - + -<br>- + - - + - - + -<br>- + - - + - - +</p>",a a b c c b,jüngere Prägung (keine spezifische Herkunft),111,06 Sechszeiler,,,,,,,,,,,,
6.9,(Schweifreimstrophe),,jambisch,[3 3 3 3 3 4],w w m w w m,- + - + - + - || - + - + - + - || - + - + - + || - + - + - + - || - + - + - + - || - + - + - + - +,"<p style=""font-family:'Lucida Console', monospace"">- + - + - + -<br>- + - + - + -<br>- + - + - +<br>- + - + - + -<br>- + - + - + -<br>- + - + - + - +</p>",a a b c c b,(altdeutsches) Kirchen-/Volkslied,60,06 Sechszeiler,2,6,20,2,1,1,,,15,,,
6.10,,,jambisch,[3 3 3 3 4 4],w m w m m m,- + - + - + - || - + - + - + || - + - + - + - || - + - + - + || - + - + - + - + || - + - + - + - +,"<p style=""font-family:'Lucida Console', monospace"">- + - + - + -<br>- + - + - +<br>- + - + - + -<br>- + - + - +<br>- + - + - + - +<br>- + - + - + - +</p>",a b a b c c,(altdeutsches) Kirchen-/Volkslied,111,06 Sechszeiler,,,,,,,,,,,,
6.11,(Schweifreimstrophe),,jambisch,[3 3 4 3 3 4],w w m w w m,- + - + - + - || - + - + - + - || - + - + - + - + || - + - + - + - || - + - + - + - || - + - + - + - +,"<p style=""font-family:'Lucida Console', monospace"">- + - + - + -<br>- + - + - + -<br>- + - + - + - +<br>- + - + - + -<br>- + - + - + -<br>- + - + - + - +</p>",a a b c c b,(altdeutsches) Kirchen-/Volkslied,110,06 Sechszeiler,,,,,,,,,,,,
6.12,(Schweifreimstrophe),,trochäisch,[4 2 4 4 2 4],w w m w w m,+ - + - + - + - || + - + - || + - + - + - + || + - + - + - + - || + - + - || + - + - + - +,"<p style=""font-family:'Lucida Console', monospace"">+ - + - + - + -<br>+ - + -<br>+ - + - + - +<br>+ - + - + - + -<br>+ - + -<br>+ - + - + - +</p>",a a b c c b,französisch,109,06 Sechszeiler,,,,,,,,,,,,
6.13,,,trochäisch,[4 3 4 3 4 4],m w m w m m,+ - + - + - + || + - + - + - || + - + - + - + || + - + - + - || + - + - + - + || + - + - + - +,"<p style=""font-family:'Lucida Console', monospace"">+ - + - + - +<br>+ - + - + -<br>+ - + - + - +<br>+ - + - + -<br>+ - + - + - +<br>+ - + - + - +</p>",a b a b c c,jüngere Prägung (keine spezifische Herkunft),115,06 Sechszeiler,,,,,,,,,,,,
6.14,,,jambisch,[4 3 4 3 4 4],m m m m m m,- + - + - + - + || - + - + - + || - + - + - + - + || - + - + - + || - + - + - + - + || - + - + - + - +,"<p style=""font-family:'Lucida Console', monospace"">- + - + - + - +<br>- + - + - +<br>- + - + - + - +<br>- + - + - +<br>- + - + - + - +<br>- + - + - + - +</p>",a b a b c c,englisch,95,06 Sechszeiler,0,2,1,4,1,0,,,,,,
6.15,,,jambisch,[4 3 4 3 4 4],m w m w m m,- + - + - + - + || - + - + - + - || - + - + - + - + || - + - + - + - || - + - + - + - + || - + - + - + - +,"<p style=""font-family:'Lucida Console', monospace"">- + - + - + - +<br>- + - + - + -<br>- + - + - + - +<br>- + - + - + -<br>- + - + - + - +<br>- + - + - + - +</p>",a b a b c c,jüngere Prägung (keine spezifische Herkunft),39,06 Sechszeiler,0,7,8,10,4,1,,,,21,,
6.16,(Schweifreimstrophe),,jambisch,[4 4 3 2 2 3],m m w m m w,- + - + - + - + || - + - + - + - + || - + - + - + - || - + - + || - + - + || - + - + - + -,"<p style=""font-family:'Lucida Console', monospace"">- + - + - + - +<br>- + - + - + - +<br>- + - + - + -<br>- + - +<br>- + - +<br>- + - + - + -</p>",a a b c c b,(altdeutsches) Kirchen-/Volkslied,86,06 Sechszeiler,3,8,1,1,0,0,,,,,,
6.17,(Schweifreimstrophe),,trochäisch,[4 4 3 4 4 3],m m w m m w,+ - + - + - + || + - + - + - + || + - + - + - || + - + - + - + || + - + - + - + || + - + - + -,"<p style=""font-family:'Lucida Console', monospace"">+ - + - + - +<br>+ - + - + - +<br>+ - + - + -<br>+ - + - + - +<br>+ - + - + - +<br>+ - + - + -</p>",a a b c c b,lateinische Hymnendichtung,97,06 Sechszeiler,,,,,,,,,,,,
6.18,(Schweifreimstrophe),,jambisch,[4 4 3 4 4 3],m m m m m m,- + - + - + - + || - + - + - + - + || - + - + - + || - + - + - + - + || - + - + - + - + || - + - + - +,"<p style=""font-family:'Lucida Console', monospace"">- + - + - + - +<br>- + - + - + - +<br>- + - + - +<br>- + - + - + - +<br>- + - + - + - +<br>- + - + - +</p>",a a b c c b,jüngere Prägung (keine spezifische Herkunft),86,06 Sechszeiler,0,0,4,3,1,3,,,,,,
6.19,(Schweifreimstrophe),,jambisch,[4 4 3 4 4 3],m m w m m w,- + - + - + - + || - + - + - + - + || - + - + - + - || - + - + - + - + || - + - + - + - + || - + - + - + -,"<p style=""font-family:'Lucida Console', monospace"">- + - + - + - +<br>- + - + - + - +<br>- + - + - + -<br>- + - + - + - +<br>- + - + - + - +<br>- + - + - + -</p>",a a b c c b,(altdeutsches) Kirchen-/Volkslied,12,06 Sechszeiler,39,22,6,15,6,8,5,8,,15,25,
6.20,(Schweifreimstrophe),,daktylisch mit Auftakt,[4 4 3 4 4 3],m m w m m w,- + - - + - - + - - + || - + - - + - - + - - + || - + - - + - - + - || - + - - + - - + - - + || - + - - + - - + - - + || - + - - + - - + -,"<p style=""font-family:'Lucida Console', monospace"">- + - - + - - + - - +<br>- + - - + - - + - - +<br>- + - - + - - + -<br>- + - - + - - + - - +<br>- + - - + - - + - - +<br>- + - - + - - + -</p>",a a b c c b,(altdeutsches) Kirchen-/Volkslied,110,06 Sechszeiler,,,,,,,,,,,,
6.21,,,trochäisch,[4 4 4 4 4 4],m m m m m m,+ - + - + - + || + - + - + - + || + - + - + - + || + - + - + - + || + - + - + - + || + - + - + - +,"<p style=""font-family:'Lucida Console', monospace"">+ - + - + - +<br>+ - + - + - +<br>+ - + - + - +<br>+ - + - + - +<br>+ - + - + - +<br>+ - + - + - +</p>",a a b b c c,(altdeutsches) Kirchen-/Volkslied,105,06 Sechszeiler,,,,,,,,,,,,
6.22,,,trochäisch,[4 4 4 4 4 4],m m w w m m,+ - + - + - + || + - + - + - + || + - + - + - + - || + - + - + - + - || + - + - + - + || + - + - + - +,"<p style=""font-family:'Lucida Console', monospace"">+ - + - + - +<br>+ - + - + - +<br>+ - + - + - + -<br>+ - + - + - + -<br>+ - + - + - +<br>+ - + - + - +</p>",a a b b c c,jüngere Prägung (keine spezifische Herkunft),89,06 Sechszeiler,0,3,6,3,1,0,,,,,,
6.23,,,trochäisch,[4 4 4 4 4 4],m w m w m m,+ - + - + - + || + - + - + - + - || + - + - + - + || + - + - + - + - || + - + - + - + || + - + - + - +,"<p style=""font-family:'Lucida Console', monospace"">+ - + - + - +<br>+ - + - + - + -<br>+ - + - + - +<br>+ - + - + - + -<br>+ - + - + - +<br>+ - + - + - +</p>",a b a b c c,jüngere Prägung (keine spezifische Herkunft),46,06 Sechszeiler,0,15,30,2,0,0,,,7,,,
6.24,,,trochäisch,[4 4 4 4 4 4],m w w m w w,+ - + - + - + || + - + - + - + - || + - + - + - + - || + - + - + - + || + - + - + - + - || + - + - + - + -,"<p style=""font-family:'Lucida Console', monospace"">+ - + - + - +<br>+ - + - + - + -<br>+ - + - + - + -<br>+ - + - + - +<br>+ - + - + - + -<br>+ - + - + - + -</p>",a b b a c c,jüngere Prägung (keine spezifische Herkunft),106,06 Sechszeiler,0,5,1,0,0,0,,16,,,,
6.25,'Coridonton',,trochäisch,[4 4 4 4 4 4],w m m w m m,+ - + - + - + - || + - + - + - + || + - + - + - + || + - + - + - + - || + - + - + - + || + - + - + - +,"<p style=""font-family:'Lucida Console', monospace"">+ - + - + - + -<br>+ - + - + - +<br>+ - + - + - +<br>+ - + - + - + -<br>+ - + - + - +<br>+ - + - + - +</p>",a b b a c c,niederländisch,59,06 Sechszeiler,0,20,3,0,0,0,,11,,,,
6.26,,,trochäisch,[4 4 4 4 4 4],w m m w w w,+ - + - + - + - || + - + - + - + || + - + - + - + || + - + - + - + - || + - + - + - + - || + - + - + - + -,"<p style=""font-family:'Lucida Console', monospace"">+ - + - + - + -<br>+ - + - + - +<br>+ - + - + - +<br>+ - + - + - + -<br>+ - + - + - + -<br>+ - + - + - + -</p>",a b b a c c,jüngere Prägung (keine spezifische Herkunft),109,06 Sechszeiler,0,4,0,0,0,0,,,,,,
6.27,,,trochäisch,[4 4 4 4 4 4],w m w m m m,+ - + - + - + - || + - + - + - + || + - + - + - + - || + - + - + - + || + - + - + - + || + - + - + - +,"<p style=""font-family:'Lucida Console', monospace"">+ - + - + - + -<br>+ - + - + - +<br>+ - + - + - + -<br>+ - + - + - +<br>+ - + - + - +<br>+ - + - + - +</p>",a b a b c c,französisch,33,06 Sechszeiler,0,24,17,4,2,0,,7,17,,,
6.28,,,trochäisch,[4 4 4 4 4 4],w m w m w m,+ - + - + - + - || + - + - + - + || + - + - + - + - || + - + - + - + || + - + - + - + - || + - + - + - +,"<p style=""font-family:'Lucida Console', monospace"">+ - + - + - + -<br>+ - + - + - +<br>+ - + - + - + -<br>+ - + - + - +<br>+ - + - + - + -<br>+ - + - + - +</p>",a b a b a b,lateinische Hymnendichtung,95,06 Sechszeiler,5,0,2,1,1,1,24,,,,,
6.29,,,trochäisch,[4 4 4 4 4 4],w m w m w w,+ - + - + - + - || + - + - + - + || + - + - + - + - || + - + - + - + || + - + - + - + - || + - + - + - + -,"<p style=""font-family:'Lucida Console', monospace"">+ - + - + - + -<br>+ - + - + - +<br>+ - + - + - + -<br>+ - + - + - +<br>+ - + - + - + -<br>+ - + - + - + -</p>",a b a b c c,lateinische Hymnendichtung,28,06 Sechszeiler,1,33,10,4,1,0,,5,,,,
6.30,Stabat-mater-Strophe (Schweifreimstrophe),,trochäisch,[4 4 4 4 4 4],w w m w w m,+ - + - + - + - || + - + - + - + - || + - + - + - + || + - + - + - + - || + - + - + - + - || + - + - + - +,"<p style=""font-family:'Lucida Console', monospace"">+ - + - + - + -<br>+ - + - + - + -<br>+ - + - + - +<br>+ - + - + - + -<br>+ - + - + - + -<br>+ - + - + - +</p>",a a b c c b,lateinische Hymnendichtung,23,06 Sechszeiler,8,16,13,15,6,3,20,14,24,17,,
6.31,(Schweifreimstrophe),,daktylisch,[4 4 4 4 4 4],w w m w w m,+ - - + - - + - - + - || + - - + - - + - - + - || + - - + - - + - - + || + - - + - - + - - + - || + - - + - - + - - + - || + - - + - - + - - +,"<p style=""font-family:'Lucida Console', monospace"">+ - - + - - + - - + -<br>+ - - + - - + - - + -<br>+ - - + - - + - - +<br>+ - - + - - + - - + -<br>+ - - + - - + - - + -<br>+ - - + - - + - - +</p>",a a b c c b,jüngere Prägung (keine spezifische Herkunft),116,06 Sechszeiler,,,,,,,,,,,,
6.32,,,trochäisch,[4 4 4 4 4 4],w w w w w w,+ - + - + - + - || + - + - + - + - || + - + - + - + - || + - + - + - + - || + - + - + - + - || + - + - + - + -,"<p style=""font-family:'Lucida Console', monospace"">+ - + - + - + -<br>+ - + - + - + -<br>+ - + - + - + -<br>+ - + - + - + -<br>+ - + - + - + -<br>+ - + - + - + -</p>",a a b b c c,jüngere Prägung (keine spezifische Herkunft),115,06 Sechszeiler,,,,,,,,,,,,
6.33,,,jambisch,[4 4 4 4 4 4],m m m m m m,- + - + - + - + || - + - + - + - + || - + - + - + - + || - + - + - + - + || - + - + - + - + || - + - + - + - +,"<p style=""font-family:'Lucida Console', monospace"">- + - + - + - +<br>- + - + - + - +<br>- + - + - + - +<br>- + - + - + - +<br>- + - + - + - +<br>- + - + - + - +</p>",a a b b c c,(altdeutsches) Kirchen-/Volkslied,27,06 Sechszeiler,35,11,1,2,3,1,6,,,,,
6.34,(Schweifreimstrophe),,jambisch,[4 4 4 4 4 4],m m w m m w,- + - + - + - + || - + - + - + - + || - + - + - + - + - || - + - + - + - + || - + - + - + - + || - + - + - + - + -,"<p style=""font-family:'Lucida Console', monospace"">- + - + - + - +<br>- + - + - + - +<br>- + - + - + - + -<br>- + - + - + - +<br>- + - + - + - +<br>- + - + - + - + -</p>",a a b c c b,französisch,67,06 Sechszeiler,1,9,15,0,1,1,,,19,,,
6.35,,,jambisch,[4 4 4 4 4 4],m m w w m m,- + - + - + - + || - + - + - + - + || - + - + - + - + - || - + - + - + - + - || - + - + - + - + || - + - + - + - +,"<p style=""font-family:'Lucida Console', monospace"">- + - + - + - +<br>- + - + - + - +<br>- + - + - + - + -<br>- + - + - + - + -<br>- + - + - + - +<br>- + - + - + - +</p>",a a b b c c,jüngere Prägung (keine spezifische Herkunft),106,06 Sechszeiler,0,1,4,1,1,0,,,,,,
6.36,,,jambisch,[4 4 4 4 4 4],m w m w m m,- + - + - + - + || - + - + - + - + - || - + - + - + - + || - + - + - + - + - || - + - + - + - + || - + - + - + - +,"<p style=""font-family:'Lucida Console', monospace"">- + - + - + - +<br>- + - + - + - + -<br>- + - + - + - +<br>- + - + - + - + -<br>- + - + - + - +<br>- + - + - + - +</p>",a b a b c c,jüngere Prägung (keine spezifische Herkunft),91,06 Sechszeiler,0,3,13,1,0,1,,,25,,,
6.37,,,jambisch,[4 4 4 4 4 4],w m m w m m,- + - + - + - + - || - + - + - + - + || - + - + - + - + || - + - + - + - + - || - + - + - + - + || - + - + - + - +,"<p style=""font-family:'Lucida Console', monospace"">- + - + - + - + -<br>- + - + - + - +<br>- + - + - + - +<br>- + - + - + - + -<br>- + - + - + - +<br>- + - + - + - +</p>",a b b a c c,jüngere Prägung (keine spezifische Herkunft),95,06 Sechszeiler,0,7,3,0,0,0,,,,,,
6.38,,,jambisch,[4 4 4 4 4 4],w m w m m m,- + - + - + - + - || - + - + - + - + || - + - + - + - + - || - + - + - + - + || - + - + - + - + || - + - + - + - +,"<p style=""font-family:'Lucida Console', monospace"">- + - + - + - + -<br>- + - + - + - +<br>- + - + - + - + -<br>- + - + - + - +<br>- + - + - + - +<br>- + - + - + - +</p>",a b a b c c,jüngere Prägung (keine spezifische Herkunft),30,06 Sechszeiler,0,15,43,6,1,1,,15,3,,,
6.39,,,jambisch,[4 4 4 4 4 4],w m w m w w,- + - + - + - + - || - + - + - + - + || - + - + - + - + - || - + - + - + - + || - + - + - + - + - || - + - + - + - + -,"<p style=""font-family:'Lucida Console', monospace"">- + - + - + - + -<br>- + - + - + - +<br>- + - + - + - + -<br>- + - + - + - +<br>- + - + - + - + -<br>- + - + - + - + -</p>",a b a b c c,jüngere Prägung (keine spezifische Herkunft),53,06 Sechszeiler,0,12,22,1,1,1,,23,11,,,
6.40,(Schweifreimstrophe),,jambisch,[4 4 4 4 4 4],w w m w w m,- + - + - + - + - || - + - + - + - + - || - + - + - + - + || - + - + - + - + - || - + - + - + - + - || - + - + - + - +,"<p style=""font-family:'Lucida Console', monospace"">- + - + - + - + -<br>- + - + - + - + -<br>- + - + - + - +<br>- + - + - + - + -<br>- + - + - + - + -<br>- + - + - + - +</p>",a a b c c b,jüngere Prägung (keine spezifische Herkunft),48,06 Sechszeiler,0,4,26,5,3,1,,,10,,,
6.41,(Schweifreimstrophe),,trochäisch,[5 5 5 5 5 5],w w m w w m,+ - + - + - + - + - || + - + - + - + - + - || + - + - + - + - + || + - + - + - + - + - || + - + - + - + - + - || + - + - + - + - +,"<p style=""font-family:'Lucida Console', monospace"">+ - + - + - + - + -<br>+ - + - + - + - + -<br>+ - + - + - + - +<br>+ - + - + - + - + -<br>+ - + - + - + - + -<br>+ - + - + - + - +</p>",a a b c c b,jüngere Prägung (keine spezifische Herkunft),78,06 Sechszeiler,0,0,3,6,1,2,,,,,,
6.42,,,jambisch,[5 5 5 5 5 5],m m m m m m,- + - + - + - + - + || - + - + - + - + - + || - + - + - + - + - + || - + - + - + - + - + || - + - + - + - + - + || - + - + - + - + - +,"<p style=""font-family:'Lucida Console', monospace"">- + - + - + - + - +<br>- + - + - + - + - +<br>- + - + - + - + - +<br>- + - + - + - + - +<br>- + - + - + - + - +<br>- + - + - + - + - +</p>",a a b b c c,jüngere Prägung (keine spezifische Herkunft),113,06 Sechszeiler,,,,,,,,,,,,
6.43,(Schweifreimstrophe),,jambisch,[5 5 5 5 5 5],m m w m m w,- + - + - + - + - + || - + - + - + - + - + || - + - + - + - + - + - || - + - + - + - + - + || - + - + - + - + - + || - + - + - + - + - + -,"<p style=""font-family:'Lucida Console', monospace"">- + - + - + - + - +<br>- + - + - + - + - +<br>- + - + - + - + - + -<br>- + - + - + - + - +<br>- + - + - + - + - +<br>- + - + - + - + - + -</p>",a a b c c b,jüngere Prägung (keine spezifische Herkunft),107,06 Sechszeiler,,,,,,,,,,,,
6.44,,,jambisch,[5 5 5 5 5 5],m w m w m m,- + - + - + - + - + || - + - + - + - + - + - || - + - + - + - + - + || - + - + - + - + - + - || - + - + - + - + - + || - + - + - + - + - +,"<p style=""font-family:'Lucida Console', monospace"">- + - + - + - + - +<br>- + - + - + - + - + -<br>- + - + - + - + - +<br>- + - + - + - + - + -<br>- + - + - + - + - +<br>- + - + - + - + - +</p>",a b a b c c,jüngere Prägung (keine spezifische Herkunft),111,06 Sechszeiler,0,0,4,0,0,1,,,,,,
6.45,,,jambisch,[5 5 5 5 5 5],w m w m w w,- + - + - + - + - + - || - + - + - + - + - + || - + - + - + - + - + - || - + - + - + - + - + || - + - + - + - + - + - || - + - + - + - + - + -,"<p style=""font-family:'Lucida Console', monospace"">- + - + - + - + - + -<br>- + - + - + - + - +<br>- + - + - + - + - + -<br>- + - + - + - + - +<br>- + - + - + - + - + -<br>- + - + - + - + - + -</p>",a b a b c c,jüngere Prägung (keine spezifische Herkunft),86,06 Sechszeiler,,,,,,,,,,,,
6.46,(Schweifreimstrophe),,jambisch,[5 5 5 5 5 5],w w m w w m,- + - + - + - + - + - || - + - + - + - + - + - || - + - + - + - + - + || - + - + - + - + - + - || - + - + - + - + - + - || - + - + - + - + - +,"<p style=""font-family:'Lucida Console', monospace"">- + - + - + - + - + -<br>- + - + - + - + - + -<br>- + - + - + - + - +<br>- + - + - + - + - + -<br>- + - + - + - + - + -<br>- + - + - + - + - +</p>",a a b c c b,jüngere Prägung (keine spezifische Herkunft),113,06 Sechszeiler,,,,,,,,,,,,
6.47,,vers commun,jambisch,[5 5 5 5 5 5],w w w w w w,- + - + - + - + - + - || - + - + - + - + - + - || - + - + - + - + - + - || - + - + - + - + - + - || - + - + - + - + - + - || - + - + - + - + - + -,"<p style=""font-family:'Lucida Console', monospace"">- + - + - + - + - + -<br>- + - + - + - + - + -<br>- + - + - + - + - + -<br>- + - + - + - + - + -<br>- + - + - + - + - + -<br>- + - + - + - + - + -</p>",a a b b c c,französisch,114,06 Sechszeiler,,,,,,,,,,,,
6.48,verkürzte Stanze,Endecasillabo,jambisch,[5 5 5 5 5 5],w w w w w w,- + - + - + - + - + - || - + - + - + - + - + - || - + - + - + - + - + - || - + - + - + - + - + - || - + - + - + - + - + - || - + - + - + - + - + -,"<p style=""font-family:'Lucida Console', monospace"">- + - + - + - + - + -<br>- + - + - + - + - + -<br>- + - + - + - + - + -<br>- + - + - + - + - + -<br>- + - + - + - + - + -<br>- + - + - + - + - + -</p>",a b a b c c,italienisch,115,06 Sechszeiler,,,,,,,,,,,,
6.49,,Alexandriner,jambisch,[6 6 3 3 3 3],m m w m w m,- + - + - + | - + - + - + || - + - + - + | - + - + - + || - + - + - + - || - + - + - + || - + - + - + - || - + - + - +,"<p style=""font-family:'Lucida Console', monospace"">- + - + - + | - + - + - +<br>- + - + - + | - + - + - +<br>- + - + - + -<br>- + - + - +<br>- + - + - + -<br>- + - + - +</p>",a a b c b c,jüngere Prägung (keine spezifische Herkunft),114,06 Sechszeiler,,,,,,,,,,,,
6.50,(Schweifreimstrophe),Alexandriner,jambisch,[6 6 6 6 6 4],w w m w w m,- + - + - + | - + - + - + - || - + - + - + | - + - + - + - || - + - + - + | - + - + - + || - + - + - + | - + - + - + - || - + - + - + | - + - + - + - || - + - + - + - +,"<p style=""font-family:'Lucida Console', monospace"">- + - + - + | - + - + - + -<br>- + - + - + | - + - + - + -<br>- + - + - + | - + - + - +<br>- + - + - + | - + - + - + -<br>- + - + - + | - + - + - + -<br>- + - + - + - +</p>",a a b c c b,französisch,113,06 Sechszeiler,,,,,,,,,,,,
6.51,,Alexandriner,jambisch,[6 6 6 6 6 6],w m w m w w,- + - + - + | - + - + - + - || - + - + - + | - + - + - + || - + - + - + | - + - + - + - || - + - + - + | - + - + - + || - + - + - + | - + - + - + - || - + - + - + | - + - + - + -,"<p style=""font-family:'Lucida Console', monospace"">- + - + - + | - + - + - + -<br>- + - + - + | - + - + - +<br>- + - + - + | - + - + - + -<br>- + - + - + | - + - + - +<br>- + - + - + | - + - + - + -<br>- + - + - + | - + - + - + -</p>",a b a b c c,jüngere Prägung (keine spezifische Herkunft),114,06 Sechszeiler,,,,,,,,,,,,
7.1,,,jambisch,[3 3 3 3 3 3 3],w m w m m w m,- + - + - + - || - + - + - + || - + - + - + - || - + - + - + || - + - + - + || - + - + - + - || - + - + - + ,"<p style=""font-family:'Lucida Console', monospace"">- + - + - + -<br>- + - + - +<br>- + - + - + -<br>- + - + - +<br>- + - + - +<br>- + - + - + -<br>- + - + - +</p>",a b a b c x c,(altdeutsches) Kirchen-/Volkslied,108,07 Siebenzeiler,5,1,0,0,0,0,25,,,,,
7.2,,,jambisch,[3 3 3 3 3 3 3],w m w m w w m,- + - + - + - || - + - + - + || - + - + - + - || - + - + - + || - + - + - + - || - + - + - + - || - + - + - + ,"<p style=""font-family:'Lucida Console', monospace"">- + - + - + -<br>- + - + - +<br>- + - + - + -<br>- + - + - +<br>- + - + - + -<br>- + - + - + -<br>- + - + - +</p>",a b a b c c b/x,(altdeutsches) Kirchen-/Volkslied,69,07 Siebenzeiler,7,6,0,2,1,0,22,,,,,
7.3,,,jambisch,[3 3 3 3 4 3 3],w m w m m w m,- + - + - + - || - + - + - + || - + - + - + - || - + - + - + || - + - + - + - + || - + - + - + - || - + - + - + ,"<p style=""font-family:'Lucida Console', monospace"">- + - + - + -<br>- + - + - +<br>- + - + - + -<br>- + - + - +<br>- + - + - + - +<br>- + - + - + -<br>- + - + - +</p>",a b a b c x c,(altdeutsches) Kirchen-/Volkslied,40,07 Siebenzeiler,29,2,2,2,1,0,8,,,,,
7.4,,,jambisch,[4 3 4 3 2 2 3],m w m w m m w,- + - + - + - + || - + - + - + - || - + - + - + - + || - + - + - + - || - + - + || - + - + || - + - + - + -,"<p style=""font-family:'Lucida Console', monospace"">- + - + - + - +<br>- + - + - + -<br>- + - + - + - +<br>- + - + - + -<br>- + - +<br>- + - +<br>- + - + - + -</p>",a b a b c c b/x,(altdeutsches) Kirchen-/Volkslied,108,07 Siebenzeiler,,,,,,,,,,,,
7.5,,,trochäisch,[4 3 4 3 4 4 3],m w m w m m w,+ - + - + - + || + - + - + - || + - + - + - + || + - + - + - || + - + - + - + || + - + - + - + || + - + - + -,"<p style=""font-family:'Lucida Console', monospace"">+ - + - + - +<br>+ - + - + -<br>+ - + - + - +<br>+ - + - + -<br>+ - + - + - +<br>+ - + - + - +<br>+ - + - + -</p>",a b a b c c b/x,jüngere Prägung (keine spezifische Herkunft),114,07 Siebenzeiler,,,,,,,,,,,,
7.6,,,jambisch,[4 3 4 3 4 4 3],m m m m m m m,- + - + - + - + || - + - + - + || - + - + - + - + || - + - + - + || - + - + - + - + || - + - + - + - + || - + - + - +,"<p style=""font-family:'Lucida Console', monospace"">- + - + - + - +<br>- + - + - +<br>- + - + - + - +<br>- + - + - +<br>- + - + - + - +<br>- + - + - + - +<br>- + - + - +</p>",a b a b c c b,(altdeutsches) Kirchen-/Volkslied,108,07 Siebenzeiler,,,,,,,,,,,,
7.7,Lutherstrophe,,jambisch,[4 3 4 3 4 4 3],m w m w m m w,- + - + - + - + || - + - + - + - || - + - + - + - + || - + - + - + - || - + - + - + - + || - + - + - + - + || - + - + - + -,"<p style=""font-family:'Lucida Console', monospace"">- + - + - + - +<br>- + - + - + -<br>- + - + - + - +<br>- + - + - + -<br>- + - + - + - +<br>- + - + - + - +<br>- + - + - + -</p>",a b a b c c b/x,(altdeutsches) Kirchen-/Volkslied,5,07 Siebenzeiler,151,80,26,15,8,1,2,2,9,16,23,
7.8,,,trochäisch,[4 4 4 4 4 4 4],m m m m m m m,+ - + - + - + || + - + - + - + || + - + - + - + || + - + - + - + || + - + - + - + || + - + - + - + || + - + - + - +,"<p style=""font-family:'Lucida Console', monospace"">+ - + - + - +<br>+ - + - + - +<br>+ - + - + - +<br>+ - + - + - +<br>+ - + - + - +<br>+ - + - + - +<br>+ - + - + - +</p>",a a b b c c c,lateinische Hymnendichtung,99,07 Siebenzeiler,3,5,0,0,0,0,,,,,,
7.9,,,trochäisch,[4 4 4 4 4 4 4],w m w m w m m,+ - + - + - + - || + - + - + - + || + - + - + - + - || + - + - + - + || + - + - + - + - || + - + - + - + || + - + - + - +,"<p style=""font-family:'Lucida Console', monospace"">+ - + - + - + -<br>+ - + - + - +<br>+ - + - + - + -<br>+ - + - + - +<br>+ - + - + - + -<br>+ - + - + - +<br>+ - + - + - +</p>",a b a b a c c,lateinische Hymnendichtung,118,07 Siebenzeiler,,,,,,,,,,,,
7.10,'Daphnisstrophe',,trochäisch,[4 4 4 4 4 4 4],w m w m w w m,+ - + - + - + - || + - + - + - + || + - + - + - + - || + - + - + - + || + - + - + - + - || + - + - + - + - || + - + - + - +,"<p style=""font-family:'Lucida Console', monospace"">+ - + - + - + -<br>+ - + - + - +<br>+ - + - + - + -<br>+ - + - + - +<br>+ - + - + - + -<br>+ - + - + - + -<br>+ - + - + - +</p>",a b a b c c b,lateinische Hymnendichtung,102,07 Siebenzeiler,,,,,,,,,,,,
7.11,,,jambisch,[4 4 4 4 4 4 4],w m w m w w m,- + - + - + - + - || - + - + - + - + || - + - + - + - + - || - + - + - + - + || - + - + - + - + - || - + - + - + - + - || - + - + - + - +,"<p style=""font-family:'Lucida Console', monospace"">- + - + - + - + -<br>- + - + - + - +<br>- + - + - + - + -<br>- + - + - + - +<br>- + - + - + - + -<br>- + - + - + - + -<br>- + - + - + - +</p>",a b a b c c b,jüngere Prägung (keine spezifische Herkunft),112,07 Siebenzeiler,,,,,,,,,,,,
8.1,,,daktylisch mit Auftakt,[2 2 2 2 2 2 2 2],w m w m w m w m,- + - - + - || - + - - + || - + - - + - || - + - - + || - + - - + - || - + - - + || - + - - + - || - + - - +,"<p style=""font-family:'Lucida Console', monospace"">- + - - + -<br>- + - - +<br>- + - - + -<br>- + - - +<br>- + - - + -<br>- + - - +<br>- + - - + -<br>- + - - +</p>",a b a b c d c d,jüngere Prägung (keine spezifische Herkunft),97,08 Achtzeiler,0,0,1,4,0,1,,,,,,
8.2,,,trochäisch,[3 3 3 3 3 3 3 3],w m w m w m w m,+ - + - + - || + - + - + || + - + - + - || + - + - + || + - + - + - || + - + - + || + - + - + - || + - + - +,"<p style=""font-family:'Lucida Console', monospace"">+ - + - + -<br>+ - + - +<br>+ - + - + -<br>+ - + - +<br>+ - + - + -<br>+ - + - +<br>+ - + - + -<br>+ - + - +</p>",a b a b c d c d,jüngere Prägung (keine spezifische Herkunft),87,08 Achtzeiler,0,1,6,1,1,3,,,,,,
8.3,,,daktylisch,[3 3 3 3 3 3 3 3],w m w m w m w m,+ - - + - - + - || + - - + - - + || + - - + - - + - || + - - + - - + || + - - + - - + - || + - - + - - + || + - - + - - + - || + - - + - - +,"<p style=""font-family:'Lucida Console', monospace"">+ - - + - - + -<br>+ - - + - - +<br>+ - - + - - + -<br>+ - - + - - +<br>+ - - + - - + -<br>+ - - + - - +<br>+ - - + - - + -<br>+ - - + - - +</p>",a b a b c d c d,jüngere Prägung (keine spezifische Herkunft),111,08 Achtzeiler,,,,,,,,,,,,
8.4,,,jambisch,[3 3 3 3 3 3 3 3],m w m w m m m m,- + - + - + || - + - + - + - || - + - + - + || - + - + - + - || - + - + - + || - + - + - + || - + - + - + || - + - + - +,"<p style=""font-family:'Lucida Console', monospace"">- + - + - +<br>- + - + - + -<br>- + - + - +<br>- + - + - + -<br>- + - + - +<br>- + - + - +<br>- + - + - +<br>- + - + - +</p>",x a x a x b x b,jüngere Prägung (keine spezifische Herkunft),83,08 Achtzeiler,0,9,6,1,0,0,,,,,,
8.5,,,jambisch,[3 3 3 3 3 3 3 3],w m w m m m w m,- + - + - + - || - + - + - + || - + - + - + - || - + - + - + || - + - + - + || - + - + - + || - + - + - + - || - + - + - +,"<p style=""font-family:'Lucida Console', monospace"">- + - + - + -<br>- + - + - +<br>- + - + - + -<br>- + - + - +<br>- + - + - +<br>- + - + - +<br>- + - + - + -<br>- + - + - +</p>",a b a b c c a/x c,(altdeutsches) Kirchen-/Volkslied,104,08 Achtzeiler,,,,,,,,,,,,
8.6,,,jambisch,[3 3 3 3 3 3 3 3],w m w m m w w m,- + - + - + - || - + - + - + || - + - + - + - || - + - + - + || - + - + - + || - + - + - + - || - + - + - + - || - + - + - +,"<p style=""font-family:'Lucida Console', monospace"">- + - + - + -<br>- + - + - +<br>- + - + - + -<br>- + - + - +<br>- + - + - +<br>- + - + - + -<br>- + - + - + -<br>- + - + - +</p>",a b a b c d d c,(altdeutsches) Kirchen-/Volkslied,38,08 Achtzeiler,8,20,5,1,1,1,19,10,,,,
8.7,"Hildebrandston, 'Bruder-Veits-Ton', 'Benzenauer Ton', 'Hönweis (henne weis)'",,jambisch,[3 3 3 3 3 3 3 3],w m w m w m w m,- + - + - + - || - + - + - + || - + - + - + - || - + - + - + || - + - + - + - || - + - + - + || - + - + - + - || - + - + - +,"<p style=""font-family:'Lucida Console', monospace"">- + - + - + -<br>- + - + - +<br>- + - + - + -<br>- + - + - +<br>- + - + - + -<br>- + - + - +<br>- + - + - + -<br>- + - + - +</p>",a b a b c d c d / x a x a x b x b,mittelalterliche Heldenepik,7,08 Achtzeiler,74,52,15,32,23,8,3,3,18,8,8,25
8.8,,,daktylisch mit Auftakt,[3 3 3 3 3 3 3 3],w m w m w m w m,- + - - + - - + - || - + - - + - - + || - + - - + - - + - || - + - - + - - + || - + - - + - - + - || - + - - + - - + || - + - - + - - + - || - + - - + - - +,"<p style=""font-family:'Lucida Console', monospace"">- + - - + - - + -<br>- + - - + - - +<br>- + - - + - - + -<br>- + - - + - - +<br>- + - - + - - + -<br>- + - - + - - +<br>- + - - + - - + -<br>- + - - + - - +</p>",a b a b c d c d,jüngere Prägung (keine spezifische Herkunft),104,08 Achtzeiler,,,,,,,,,,,,
8.9,,,jambisch,[3 3 3 3 3 3 3 3],w m w m w w m m,- + - + - + - || - + - + - + || - + - + - + - || - + - + - + || - + - + - + - || - + - + - + - || - + - + - + || - + - + - +,"<p style=""font-family:'Lucida Console', monospace"">- + - + - + -<br>- + - + - +<br>- + - + - + -<br>- + - + - +<br>- + - + - + -<br>- + - + - + -<br>- + - + - +<br>- + - + - +</p>",a b a b c c d d,jüngere Prägung (keine spezifische Herkunft),111,08 Achtzeiler,,,,,,,,,,,,
8.10,,,jambisch,[3 3 3 3 3 3 3 3],w w w m w w w m,- + - + - + - || - + - + - + - || - + - + - + - || - + - + - + || - + - + - + - || - + - + - + - || - + - + - + - || - + - + - +,"<p style=""font-family:'Lucida Console', monospace"">- + - + - + -<br>- + - + - + -<br>- + - + - + -<br>- + - + - +<br>- + - + - + -<br>- + - + - + -<br>- + - + - + -<br>- + - + - +</p>",a a a b c c c b,(altdeutsches) Kirchen-/Volkslied,110,08 Achtzeiler,,,,,,,,,,,,
8.11,,,jambisch,[4 2 4 2 4 2 4 2],w m w m w m w m,- + - + - + - + - || - + - + || - + - + - + - + - || - + - + || - + - + - + - + - || - + - + || - + - + - + - + - || - + - +,"<p style=""font-family:'Lucida Console', monospace"">- + - + - + - + -<br>- + - +<br>- + - + - + - + -<br>- + - +<br>- + - + - + - + -<br>- + - +<br>- + - + - + - + -<br>- + - +</p>",a b a b c d c d,jüngere Prägung (keine spezifische Herkunft),117,08 Achtzeiler,,,,,,,,,,,,
8.12,,,jambisch,[4 3 4 3 2 2 3 3],m w m w m m w w,- + - + - + - + || - + - + - + - || - + - + - + - + || - + - + - + - || - + - + || - + - + || - + - + - + - || - + - + - + -,"<p style=""font-family:'Lucida Console', monospace"">- + - + - + - +<br>- + - + - + -<br>- + - + - + - +<br>- + - + - + -<br>- + - +<br>- + - +<br>- + - + - + -<br>- + - + - + -</p>",a b a b c c d d,jüngere Prägung (keine spezifische Herkunft),103,08 Achtzeiler,,,,,,,,,,,,
8.13,Vagantenstrophe,,trochäisch,[4 3 4 3 4 3 4 3],m w m w m w m w,+ - + - + - + || + - + - + - || + - + - + - + || + - + - + - || + - + - + - + || + - + - + - || + - + - + - + || + - + - + -,"<p style=""font-family:'Lucida Console', monospace"">+ - + - + - +<br>+ - + - + -<br>+ - + - + - +<br>+ - + - + -<br>+ - + - + - +<br>+ - + - + -<br>+ - + - + - +<br>+ - + - + -</p>",a b a b c d c d / x a x a x b x b,mittellateinische Vagantendichtung,50,08 Achtzeiler,3,9,2,5,2,1,,,,,,
8.14,,,jambisch,[4 3 4 3 4 3 4 3],m m m m m m m m,- + - + - + - + || - + - + - + || - + - + - + - + || - + - + - + || - + - + - + - + || - + - + - + || - + - + - + - + || - + - + - +,"<p style=""font-family:'Lucida Console', monospace"">- + - + - + - +<br>- + - + - +<br>- + - + - + - +<br>- + - + - +<br>- + - + - + - +<br>- + - + - +<br>- + - + - + - +<br>- + - + - +</p>",a b a b c d c d / x a x a x b x b,"(altdeutsches) Kirchen-/Volkslied,englisch",36,08 Achtzeiler,1,1,2,10,8,3,,,,20,22,
8.15,Vagantenstrophe (auftaktig),,jambisch,[4 3 4 3 4 3 4 3],m w m w m w m w,- + - + - + - + || - + - + - + - || - + - + - + - + || - + - + - + - || - + - + - + - + || - + - + - + - || - + - + - + - + || - + - + - + -,"<p style=""font-family:'Lucida Console', monospace"">- + - + - + - +<br>- + - + - + -<br>- + - + - + - +<br>- + - + - + -<br>- + - + - + - +<br>- + - + - + -<br>- + - + - + - +<br>- + - + - + -</p>",a b a b c d c d,"mittellateinische Vagantendichtung,(altdeutsches) Kirchen-/Volkslied",15,08 Achtzeiler,24,20,35,12,11,2,10,9,5,19,20,
8.16,,,daktylisch mit Auftakt,[4 3 4 3 4 3 4 3],m w m w m w m w,- + - - + - - + - - + || - + - - + - - + - || - + - - + - - + - - + || - + - - + - - + - || - + - - + - - + - - + || - + - - + - - + - || - + - - + - - + - - + || - + - - + - - + -,"<p style=""font-family:'Lucida Console', monospace"">- + - - + - - + - - +<br>- + - - + - - + -<br>- + - - + - - + - - +<br>- + - - + - - + -<br>- + - - + - - + - - +<br>- + - - + - - + -<br>- + - - + - - + - - +<br>- + - - + - - + -</p>",a b a b c d c d,jüngere Prägung (keine spezifische Herkunft),111,08 Achtzeiler,,,,,,,,,,,,
8.17,,,jambisch,[4 3 4 3 4 4 3 3],m w m w m m w w,- + - + - + - + || - + - + - + - || - + - + - + - + || - + - + - + - || - + - + - + - + || - + - + - + - + || - + - + - + - || - + - + - + -,"<p style=""font-family:'Lucida Console', monospace"">- + - + - + - +<br>- + - + - + -<br>- + - + - + - +<br>- + - + - + -<br>- + - + - + - +<br>- + - + - + - +<br>- + - + - + -<br>- + - + - + -</p>",a b a b c c d d,(altdeutsches) Kirchen-/Volkslied,66,08 Achtzeiler,4,6,6,3,2,0,,,,,,
8.18,,,jambisch,[4 4 3 4 4 3 4 4],m m w m m w m m,- + - + - + - + || - + - + - + - + || - + - + - + - || - + - + - + - + || - + - + - + - + || - + - + - + - || - + - + - + - + || - + - + - + - +,"<p style=""font-family:'Lucida Console', monospace"">- + - + - + - +<br>- + - + - + - +<br>- + - + - + -<br>- + - + - + - +<br>- + - + - + - +<br>- + - + - + -<br>- + - + - + - +<br>- + - + - + - +</p>",a a b c c b d d,jüngere Prägung (keine spezifische Herkunft),112,08 Achtzeiler,,,,,,,,,,,,
8.19,Ode trochaica (Barock),,trochäisch,[4 4 4 4 4 4 4 4],m m m m m m m m,+ - + - + - + || + - + - + - + || + - + - + - + || + - + - + - + || + - + - + - + || + - + - + - + || + - + - + - + || + - + - + - +,"<p style=""font-family:'Lucida Console', monospace"">+ - + - + - +<br>+ - + - + - +<br>+ - + - + - +<br>+ - + - + - +<br>+ - + - + - +<br>+ - + - + - +<br>+ - + - + - +<br>+ - + - + - +</p>",a a b b c c d d,jüngere Prägung (keine spezifische Herkunft),114,08 Achtzeiler,,,,,,,,,,,,
8.20,,,trochäisch,[4 4 4 4 4 4 4 4],m m m m m m m m,+ - + - + - + || + - + - + - + || + - + - + - + || + - + - + - + || + - + - + - + || + - + - + - + || + - + - + - + || + - + - + - +,"<p style=""font-family:'Lucida Console', monospace"">+ - + - + - +<br>+ - + - + - +<br>+ - + - + - +<br>+ - + - + - +<br>+ - + - + - +<br>+ - + - + - +<br>+ - + - + - +<br>+ - + - + - +</p>",a b a b c d c d,jüngere Prägung (keine spezifische Herkunft),117,08 Achtzeiler,,,,,,,,,,,,
8.21,,,trochäisch,[4 4 4 4 4 4 4 4],m w m w m w m w,+ - + - + - + || + - + - + - + - || + - + - + - + || + - + - + - + - || + - + - + - + || + - + - + - + - || + - + - + - + || + - + - + - + -,"<p style=""font-family:'Lucida Console', monospace"">+ - + - + - +<br>+ - + - + - + -<br>+ - + - + - +<br>+ - + - + - + -<br>+ - + - + - +<br>+ - + - + - + -<br>+ - + - + - +<br>+ - + - + - + -</p>",a b a b c d c d,jüngere Prägung (keine spezifische Herkunft),103,08 Achtzeiler,,,,,,,,,,,,
8.22,,,trochäisch,[4 4 4 4 4 4 4 4],m w m w m w w m,+ - + - + - + || + - + - + - + - || + - + - + - + || + - + - + - + - || + - + - + - + || + - + - + - + - || + - + - + - + - || + - + - + - +,"<p style=""font-family:'Lucida Console', monospace"">+ - + - + - +<br>+ - + - + - + -<br>+ - + - + - +<br>+ - + - + - + -<br>+ - + - + - +<br>+ - + - + - + -<br>+ - + - + - + -<br>+ - + - + - +</p>",a b a b c d d c,jüngere Prägung (keine spezifische Herkunft),115,08 Achtzeiler,0,1,2,0,0,0,,,,,,
8.23,,,trochäisch,[4 4 4 4 4 4 4 4],m w m w w m w m,+ - + - + - + || + - + - + - + - || + - + - + - + || + - + - + - + - || + - + - + - + - || + - + - + - + || + - + - + - + - || + - + - + - +,"<p style=""font-family:'Lucida Console', monospace"">+ - + - + - +<br>+ - + - + - + -<br>+ - + - + - +<br>+ - + - + - + -<br>+ - + - + - + -<br>+ - + - + - +<br>+ - + - + - + -<br>+ - + - + - +</p>",a b a b c d c d,jüngere Prägung (keine spezifische Herkunft),116,08 Achtzeiler,,,,,,,,,,,,
8.24,,,trochäisch,[4 4 4 4 4 4 4 4],w m m w w m m w,+ - + - + - + - || + - + - + - + || + - + - + - + || + - + - + - + - || + - + - + - + - || + - + - + - + || + - + - + - + || + - + - + - + -,"<p style=""font-family:'Lucida Console', monospace"">+ - + - + - + -<br>+ - + - + - +<br>+ - + - + - +<br>+ - + - + - + -<br>+ - + - + - + -<br>+ - + - + - +<br>+ - + - + - +<br>+ - + - + - + -</p>",a b b a c d d c,jüngere Prägung (keine spezifische Herkunft),120,08 Achtzeiler,,,,,,,,,,,,
8.25,,,trochäisch,[4 4 4 4 4 4 4 4],w m w m m m w w,+ - + - + - + - || + - + - + - + || + - + - + - + - || + - + - + - + || + - + - + - + || + - + - + - + || + - + - + - + - || + - + - + - + -,"<p style=""font-family:'Lucida Console', monospace"">+ - + - + - + -<br>+ - + - + - +<br>+ - + - + - + -<br>+ - + - + - +<br>+ - + - + - +<br>+ - + - + - +<br>+ - + - + - + -<br>+ - + - + - + -</p>",a b a b c c d d,jüngere Prägung (keine spezifische Herkunft),30,08 Achtzeiler,0,37,9,1,0,0,,4,,,,
8.26,(doppelte Romanzenstrophe),,trochäisch,[4 4 4 4 4 4 4 4],w m w m w m w m,+ - + - + - + - || + - + - + - + || + - + - + - + - || + - + - + - + || + - + - + - + - || + - + - + - + || + - + - + - + - || + - + - + - +,"<p style=""font-family:'Lucida Console', monospace"">+ - + - + - + -<br>+ - + - + - +<br>+ - + - + - + -<br>+ - + - + - +<br>+ - + - + - + -<br>+ - + - + - +<br>+ - + - + - + -<br>+ - + - + - +</p>",a b a b c d c d / x a x a x b x b,jüngere Prägung (keine spezifische Herkunft),11,08 Achtzeiler,0,8,29,40,14,3,,,8,6,16,
8.27,,,trochäisch,[4 4 4 4 4 4 4 4],w m w m w w m m,+ - + - + - + - || + - + - + - + || + - + - + - + - || + - + - + - + || + - + - + - + - || + - + - + - + - || + - + - + - + || + - + - + - +,"<p style=""font-family:'Lucida Console', monospace"">+ - + - + - + -<br>+ - + - + - +<br>+ - + - + - + -<br>+ - + - + - +<br>+ - + - + - + -<br>+ - + - + - + -<br>+ - + - + - +<br>+ - + - + - +</p>",a b a b c c d d,jüngere Prägung (keine spezifische Herkunft),40,08 Achtzeiler,0,14,20,5,2,1,,18,13,,,
8.28,,,trochäisch,[4 4 4 4 4 4 4 4],w w m m w w m m,+ - + - + - + - || + - + - + - + - || + - + - + - + || + - + - + - + || + - + - + - + - || + - + - + - + - || + - + - + - + || + - + - + - +,"<p style=""font-family:'Lucida Console', monospace"">+ - + - + - + -<br>+ - + - + - + -<br>+ - + - + - +<br>+ - + - + - +<br>+ - + - + - + -<br>+ - + - + - + -<br>+ - + - + - +<br>+ - + - + - +</p>",a a b b c c d d,jüngere Prägung (keine spezifische Herkunft),102,08 Achtzeiler,1,5,1,0,0,0,,,,,,
8.29,,,trochäisch,[4 4 4 4 4 4 4 4],w w w w w w w w,+ - + - + - + - || + - + - + - + - || + - + - + - + - || + - + - + - + - || + - + - + - + - || + - + - + - + - || + - + - + - + - || + - + - + - + -,"<p style=""font-family:'Lucida Console', monospace"">+ - + - + - + -<br>+ - + - + - + -<br>+ - + - + - + -<br>+ - + - + - + -<br>+ - + - + - + -<br>+ - + - + - + -<br>+ - + - + - + -<br>+ - + - + - + -</p>",a b a b c d c d / x a x a x b x b,jüngere Prägung (keine spezifische Herkunft),97,08 Achtzeiler,,,,,,,,,,,,
8.30,,,jambisch,[4 4 4 4 4 4 4 4],m m m m m m m m,- + - + - + - + || - + - + - + - + || - + - + - + - + || - + - + - + - + || - + - + - + - + || - + - + - + - + || - + - + - + - + || - + - + - + - +,"<p style=""font-family:'Lucida Console', monospace"">- + - + - + - +<br>- + - + - + - +<br>- + - + - + - +<br>- + - + - + - +<br>- + - + - + - +<br>- + - + - + - +<br>- + - + - + - +<br>- + - + - + - +</p>",a a b b c c d d,(altdeutsches) Kirchen-/Volkslied,94,08 Achtzeiler,4,1,1,1,1,0,,,,,,
8.31,,,jambisch,[4 4 4 4 4 4 4 4],m m m m m m m m,- + - + - + - + || - + - + - + - + || - + - + - + - + || - + - + - + - + || - + - + - + - + || - + - + - + - + || - + - + - + - + || - + - + - + - +,"<p style=""font-family:'Lucida Console', monospace"">- + - + - + - +<br>- + - + - + - +<br>- + - + - + - +<br>- + - + - + - +<br>- + - + - + - +<br>- + - + - + - +<br>- + - + - + - +<br>- + - + - + - +</p>",a b a b c d c d / x a x a x b x b,(altdeutsches) Kirchen-/Volkslied,88,08 Achtzeiler,,,,,,,,,,,,
8.32,,,jambisch,[4 4 4 4 4 4 4 4],m m m m m w m w,- + - + - + - + || - + - + - + - + || - + - + - + - + || - + - + - + - + || - + - + - + - + || - + - + - + - + - || - + - + - + - + || - + - + - + - + -,"<p style=""font-family:'Lucida Console', monospace"">- + - + - + - +<br>- + - + - + - +<br>- + - + - + - +<br>- + - + - + - +<br>- + - + - + - +<br>- + - + - + - + -<br>- + - + - + - +<br>- + - + - + - + -</p>",a b a b c d c d,jüngere Prägung (keine spezifische Herkunft),115,08 Achtzeiler,,,,,,,,,,,,
8.33,,,jambisch,[4 4 4 4 4 4 4 4],m w m w m w w m,- + - + - + - + || - + - + - + - + - || - + - + - + - + || - + - + - + - + - || - + - + - + - + || - + - + - + - + - || - + - + - + - + - || - + - + - + - +,"<p style=""font-family:'Lucida Console', monospace"">- + - + - + - +<br>- + - + - + - + -<br>- + - + - + - +<br>- + - + - + - + -<br>- + - + - + - +<br>- + - + - + - + -<br>- + - + - + - + -<br>- + - + - + - +</p>",a b a b c d d c,jüngere Prägung (keine spezifische Herkunft),116,08 Achtzeiler,0,1,4,0,0,0,,,,,,
8.34,,,jambisch,[4 4 4 4 4 4 4 4],m w m w m w m w,- + - + - + - + || - + - + - + - + - || - + - + - + - + || - + - + - + - + - || - + - + - + - + || - + - + - + - + - || - + - + - + - + || - + - + - + - + -,"<p style=""font-family:'Lucida Console', monospace"">- + - + - + - +<br>- + - + - + - + -<br>- + - + - + - +<br>- + - + - + - + -<br>- + - + - + - +<br>- + - + - + - + -<br>- + - + - + - +<br>- + - + - + - + -</p>",a b a b c d c d,jüngere Prägung (keine spezifische Herkunft),68,08 Achtzeiler,0,2,6,1,6,1,,,,,,
8.35,,,jambisch,[4 4 4 4 4 4 4 4],w m w m m w w m,- + - + - + - + - || - + - + - + - + || - + - + - + - + - || - + - + - + - + || - + - + - + - + || - + - + - + - + - || - + - + - + - + - || - + - + - + - +,"<p style=""font-family:'Lucida Console', monospace"">- + - + - + - + -<br>- + - + - + - +<br>- + - + - + - + -<br>- + - + - + - +<br>- + - + - + - +<br>- + - + - + - + -<br>- + - + - + - + -<br>- + - + - + - +</p>",a b a b c d d c,jüngere Prägung (keine spezifische Herkunft),114,08 Achtzeiler,,,,,,,,,,,,
8.36,,,jambisch,[4 4 4 4 4 4 4 4],w m w m w m m w,- + - + - + - + - || - + - + - + - + || - + - + - + - + - || - + - + - + - + || - + - + - + - + - || - + - + - + - + || - + - + - + - + || - + - + - + - + -,"<p style=""font-family:'Lucida Console', monospace"">- + - + - + - + -<br>- + - + - + - +<br>- + - + - + - + -<br>- + - + - + - +<br>- + - + - + - + -<br>- + - + - + - +<br>- + - + - + - +<br>- + - + - + - + -</p>",a b a b c d d c,jüngere Prägung (keine spezifische Herkunft),113,08 Achtzeiler,0,1,6,0,0,0,,,,,,
8.37,,,jambisch,[4 4 4 4 4 4 4 4],w m w m w m w m,- + - + - + - + - || - + - + - + - + || - + - + - + - + - || - + - + - + - + || - + - + - + - + - || - + - + - + - + || - + - + - + - + - || - + - + - + - +,"<p style=""font-family:'Lucida Console', monospace"">- + - + - + - + -<br>- + - + - + - +<br>- + - + - + - + -<br>- + - + - + - +<br>- + - + - + - + -<br>- + - + - + - +<br>- + - + - + - + -<br>- + - + - + - +</p>",a b a b c d c d,jüngere Prägung (keine spezifische Herkunft),16,08 Achtzeiler,0,4,56,17,23,4,,,1,13,9,
8.38,,,jambisch,[4 4 4 4 4 4 4 4],w m w m w w m m,- + - + - + - + - || - + - + - + - + || - + - + - + - + - || - + - + - + - + || - + - + - + - + - || - + - + - + - + - || - + - + - + - + || - + - + - + - +,"<p style=""font-family:'Lucida Console', monospace"">- + - + - + - + -<br>- + - + - + - +<br>- + - + - + - + -<br>- + - + - + - +<br>- + - + - + - + -<br>- + - + - + - + -<br>- + - + - + - +<br>- + - + - + - +</p>",a b a b c c d d,jüngere Prägung (keine spezifische Herkunft),105,08 Achtzeiler,0,2,6,1,0,0,,,,,,
8.39,,,jambisch,[4 4 4 4 4 4 4 4],w w m m w w m m,- + - + - + - + - || - + - + - + - + - || - + - + - + - + || - + - + - + - + || - + - + - + - + - || - + - + - + - + - || - + - + - + - + || - + - + - + - +,"<p style=""font-family:'Lucida Console', monospace"">- + - + - + - + -<br>- + - + - + - + -<br>- + - + - + - +<br>- + - + - + - +<br>- + - + - + - + -<br>- + - + - + - + -<br>- + - + - + - +<br>- + - + - + - +</p>",a a b b c c d d,jüngere Prägung (keine spezifische Herkunft),115,08 Achtzeiler,,,,,,,,,,,,
8.40,,,trochäisch,[5 5 5 5 5 5 5 4],w m w m w m w m,+ - + - + - + - + - || + - + - + - + - + || + - + - + - + - + - || + - + - + - + - + || + - + - + - + - + - || + - + - + - + - + || + - + - + - + - + - || + - + - + - +,"<p style=""font-family:'Lucida Console', monospace"">+ - + - + - + - + -<br>+ - + - + - + - +<br>+ - + - + - + - + -<br>+ - + - + - + - +<br>+ - + - + - + - + -<br>+ - + - + - + - +<br>+ - + - + - + - + -<br>+ - + - + - +</p>",a b a b c d c d,jüngere Prägung (keine spezifische Herkunft),115,08 Achtzeiler,,,,,,,,,,,,
8.41,,,trochäisch,[5 5 5 5 5 5 5 5],w m w m w m w m,+ - + - + - + - + - || + - + - + - + - + || + - + - + - + - + - || + - + - + - + - + || + - + - + - + - + - || + - + - + - + - + || + - + - + - + - + - || + - + - + - + - +,"<p style=""font-family:'Lucida Console', monospace"">+ - + - + - + - + -<br>+ - + - + - + - +<br>+ - + - + - + - + -<br>+ - + - + - + - +<br>+ - + - + - + - + -<br>+ - + - + - + - +<br>+ - + - + - + - + -<br>+ - + - + - + - +</p>",a b a b c d c d,jüngere Prägung (keine spezifische Herkunft),88,08 Achtzeiler,0,0,0,5,1,1,,,,,,
8.42,"(Stanze, mmm)",,jambisch,[5 5 5 5 5 5 5 5],m m m m m m m m,- + - + - + - + - + || - + - + - + - + - + || - + - + - + - + - + || - + - + - + - + - + || - + - + - + - + - + || - + - + - + - + - + || - + - + - + - + - + || - + - + - + - + - +,"<p style=""font-family:'Lucida Console', monospace"">- + - + - + - + - +<br>- + - + - + - + - +<br>- + - + - + - + - +<br>- + - + - + - + - +<br>- + - + - + - + - +<br>- + - + - + - + - +<br>- + - + - + - + - +<br>- + - + - + - + - +</p>",a b a b a b c c,jüngere Prägung (keine spezifische Herkunft),119,08 Achtzeiler,,,,,,,,,,,,
8.43,"(Stanze, mwm)",,jambisch,[5 5 5 5 5 5 5 5],m w m w m w m m,- + - + - + - + - + || - + - + - + - + - + - || - + - + - + - + - + || - + - + - + - + - + - || - + - + - + - + - + || - + - + - + - + - + - || - + - + - + - + - + || - + - + - + - + - +,"<p style=""font-family:'Lucida Console', monospace"">- + - + - + - + - +<br>- + - + - + - + - + -<br>- + - + - + - + - +<br>- + - + - + - + - + -<br>- + - + - + - + - +<br>- + - + - + - + - + -<br>- + - + - + - + - +<br>- + - + - + - + - +</p>",a b a b a b c c,jüngere Prägung (keine spezifische Herkunft),114,08 Achtzeiler,,,,,,,,,,,,
8.44,,,jambisch,[5 5 5 5 5 5 5 5],m w m w m w m w,- + - + - + - + - + || - + - + - + - + - + - || - + - + - + - + - + || - + - + - + - + - + - || - + - + - + - + - + || - + - + - + - + - + - || - + - + - + - + - + || - + - + - + - + - + -,"<p style=""font-family:'Lucida Console', monospace"">- + - + - + - + - +<br>- + - + - + - + - + -<br>- + - + - + - + - +<br>- + - + - + - + - + -<br>- + - + - + - + - +<br>- + - + - + - + - + -<br>- + - + - + - + - +<br>- + - + - + - + - + -</p>",a b a b c d c d,jüngere Prägung (keine spezifische Herkunft),100,08 Achtzeiler,,,,,,,,,,,,
8.45,"(Stanze, mww)",,jambisch,[5 5 5 5 5 5 5 5],m w m w m w w w,- + - + - + - + - + || - + - + - + - + - + - || - + - + - + - + - + || - + - + - + - + - + - || - + - + - + - + - + || - + - + - + - + - + - || - + - + - + - + - + - || - + - + - + - + - + -,"<p style=""font-family:'Lucida Console', monospace"">- + - + - + - + - +<br>- + - + - + - + - + -<br>- + - + - + - + - +<br>- + - + - + - + - + -<br>- + - + - + - + - +<br>- + - + - + - + - + -<br>- + - + - + - + - + -<br>- + - + - + - + - + -</p>",a b a b a b c c,jüngere Prägung (keine spezifische Herkunft),103,08 Achtzeiler,,,,,,,,,,,,
8.46,,,jambisch,[5 5 5 5 5 5 5 5],w m w m w m w m,- + - + - + - + - + - || - + - + - + - + - + || - + - + - + - + - + - || - + - + - + - + - + || - + - + - + - + - + - || - + - + - + - + - + || - + - + - + - + - + - || - + - + - + - + - +,"<p style=""font-family:'Lucida Console', monospace"">- + - + - + - + - + -<br>- + - + - + - + - +<br>- + - + - + - + - + -<br>- + - + - + - + - +<br>- + - + - + - + - + -<br>- + - + - + - + - +<br>- + - + - + - + - + -<br>- + - + - + - + - +</p>",a b a b c d c d,jüngere Prägung (keine spezifische Herkunft),61,08 Achtzeiler,0,1,6,2,6,3,,,,,,
8.47,deutsche Stanze (wmw),,jambisch,[5 5 5 5 5 5 5 5],w m w m w m w w,- + - + - + - + - + - || - + - + - + - + - + || - + - + - + - + - + - || - + - + - + - + - + || - + - + - + - + - + - || - + - + - + - + - + || - + - + - + - + - + - || - + - + - + - + - + -,"<p style=""font-family:'Lucida Console', monospace"">- + - + - + - + - + -<br>- + - + - + - + - +<br>- + - + - + - + - + -<br>- + - + - + - + - +<br>- + - + - + - + - + -<br>- + - + - + - + - +<br>- + - + - + - + - + -<br>- + - + - + - + - + -</p>",a b a b a b c c,italienisch,31,08 Achtzeiler,0,0,0,18,6,3,,,,12,,
8.48,Stanze/Ottaverime (www),Endecasillabo,jambisch,[5 5 5 5 5 5 5 5],w w w w w w w w,- + - + - + - + - + - || - + - + - + - + - + - || - + - + - + - + - + - || - + - + - + - + - + - || - + - + - + - + - + - || - + - + - + - + - + - || - + - + - + - + - + - || - + - + - + - + - + -,"<p style=""font-family:'Lucida Console', monospace"">- + - + - + - + - + -<br>- + - + - + - + - + -<br>- + - + - + - + - + -<br>- + - + - + - + - + -<br>- + - + - + - + - + -<br>- + - + - + - + - + -<br>- + - + - + - + - + -<br>- + - + - + - + - + -</p>",a b a b a b c c,italienisch,65,08 Achtzeiler,0,0,0,10,2,1,,,,22,,
9.1,"'Doller/Toller Weise', 'Narrenkappen-Weise'",,jambisch,[3 3 3 3 3 3 3 3 3],w m w m w m w w m,- + - + - + - || - + - + - + || - + - + - + - || - + - + - + || - + - + - + - || - + - + - + || - + - + - + - || - + - + - + - || - + - + - +,"<p style=""font-family:'Lucida Console', monospace"">- + - + - + -<br>- + - + - +<br>- + - + - + -<br>- + - + - +<br>- + - + - + -<br>- + - + - +<br>- + - + - + -<br>- + - + - + -<br>- + - + - +</p>",a b a b c d c c d,(altdeutsches) Kirchen-/Volkslied,59,09 Neunzeiler,24,1,0,0,0,0,11,,,,,
9.2,,,jambisch,[4 3 4 3 4 3 4 3 3],m w m w m w m w w,- + - + - + - + || - + - + - + - || - + - + - + - + || - + - + - + - || - + - + - + - + || - + - + - + - || - + - + - + - + || - + - + - + - || - + - + - + -,"<p style=""font-family:'Lucida Console', monospace"">- + - + - + - +<br>- + - + - + -<br>- + - + - + - +<br>- + - + - + -<br>- + - + - + - +<br>- + - + - + -<br>- + - + - + - +<br>- + - + - + -<br>- + - + - + -</p>",a b a b c d c d d,(altdeutsches) Kirchen-/Volkslied,77,09 Neunzeiler,10,6,1,0,0,0,18,,,,,
9.3,,,jambisch,[4 3 4 3 4 4 4 2 4],m w m w m m m m m,- + - + - + - + || - + - + - + - || - + - + - + - + || - + - + - + - || - + - + - + - + || - + - + - + - + || - + - + - + - + || - + - + || - + - + - + - +,"<p style=""font-family:'Lucida Console', monospace"">- + - + - + - +<br>- + - + - + -<br>- + - + - + - +<br>- + - + - + -<br>- + - + - + - +<br>- + - + - + - +<br>- + - + - + - +<br>- + - +<br>- + - + - + - +</p>",a b a b c c d d d,jüngere Prägung (keine spezifische Herkunft),113,09 Neunzeiler,,,,,,,,,,,,
10.1,,,heterometrisch,[3 3 3 3 3 3 2 2 4 3],w w m w w m m m w w,+ - + - + - || + - + - + - || + - + - + || + - + - + - || + - + - + - || + - + - + || + - + || - + - + || + - + - +- + - || + - + - + -,"<p style=""font-family:'Lucida Console', monospace"">&nbsp;&nbsp;+ - + - + -<br>&nbsp;&nbsp;+ - + - + -<br>&nbsp;&nbsp;+ - + - +<br>&nbsp;&nbsp;+ - + - + -<br>&nbsp;&nbsp;+ - + - + -<br>&nbsp;&nbsp;+ - + - +<br>&nbsp;&nbsp;+ - +<br>- + - +<br>&nbsp;&nbsp;+ - + - +- + -<br>&nbsp;&nbsp;+ - + - + -</p>",a a b c c b d d e e,jüngere Prägung (keine spezifische Herkunft),91,10 Zehnzeiler,0,7,8,0,0,0,,,,,,
10.2,,,jambisch,[4 3 4 3 2 2 3 2 2 3],m w m w m m w m m w,- + - + - + - + || - + - + - + - || - + - + - + - + || - + - + - + - || - + - + || - + - + || - + - + - + - || - + - + || - + - + || - + - + - + -,"<p style=""font-family:'Lucida Console', monospace"">- + - + - + - +<br>- + - + - + -<br>- + - + - + - +<br>- + - + - + -<br>- + - +<br>- + - +<br>- + - + - + -<br>- + - +<br>- + - +<br>- + - + - + -</p>",a b a b c c d e e d,(altdeutsches) Kirchen-/Volkslied,35,10 Zehnzeiler,28,13,0,0,0,0,9,19,,,,
10.3,,,jambisch,[4 3 4 3 4 4 3 4 4 3],m w m w m m w m m w,- + - + - + - + || - + - + - + - || - + - + - + - + || - + - + - + - || - + - + - + - + || - + - + - + - + || - + - + - + - || - + - + - + - + || - + - + - + - + || - + - + - + -,"<p style=""font-family:'Lucida Console', monospace"">- + - + - + - +<br>- + - + - + -<br>- + - + - + - +<br>- + - + - + -<br>- + - + - + - +<br>- + - + - + - +<br>- + - + - + -<br>- + - + - + - +<br>- + - + - + - +<br>- + - + - + -</p>",a b a b c c d e e d,"lateinische Hymnendichtung,(altdeutsches) Kirchen-/Volkslied",57,10 Zehnzeiler,10,12,6,0,0,0,17,21,,,,
10.4,,,heterometrisch,[4 4 3 4 4 3 2 4 2 4],m m w m m w w w w w,- + - + - + - + || - + - + - + - + || - + - + - + - || - + - + - + - + || - + - + - + - + || - + - + - + - || + - + - || + - + - + - + - || + - + - || + - + - + - + -,"<p style=""font-family:'Lucida Console', monospace"">- + - + - + - +<br>- + - + - + - +<br>- + - + - + -<br>- + - + - + - +<br>- + - + - + - +<br>- + - + - + -<br>&nbsp;&nbsp;+ - + -<br>&nbsp;&nbsp;+ - + - + - + -<br>&nbsp;&nbsp;+ - + -<br>&nbsp;&nbsp;+ - + - + - + -</p>",a a b c c b x x d d,jüngere Prägung (keine spezifische Herkunft),112,10 Zehnzeiler,,,,,,,,,,,,
10.5,,,trochäisch,[4 4 4 4 4 4 4 4 4 4],w m w m w m m w m m,+ - + - + - + - || + - + - + - + || + - + - + - + - || + - + - + - + || + - + - + - + - || + - + - + - + || + - + - + - + || + - + - + - + - || + - + - + - + || + - + - + - +,"<p style=""font-family:'Lucida Console', monospace"">+ - + - + - + -<br>+ - + - + - +<br>+ - + - + - + -<br>+ - + - + - +<br>+ - + - + - + -<br>+ - + - + - +<br>+ - + - + - +<br>+ - + - + - + -<br>+ - + - + - +<br>+ - + - + - +</p>",a b a b c d d c e e,jüngere Prägung (keine spezifische Herkunft),104,10 Zehnzeiler,0,6,0,0,0,0,,,,,,
10.6,Dezime (Espinela),,trochäisch,[4 4 4 4 4 4 4 4 4 4],w w w w w w w w w w,+ - + - + - + - || + - + - + - + - || + - + - + - + - || + - + - + - + - || + - + - + - + - || + - + - + - + - || + - + - + - + - || + - + - + - + - || + - + - + - + - || + - + - + - + -,"<p style=""font-family:'Lucida Console', monospace"">+ - + - + - + -<br>+ - + - + - + -<br>+ - + - + - + -<br>+ - + - + - + -<br>+ - + - + - + -<br>+ - + - + - + -<br>+ - + - + - + -<br>+ - + - + - + -<br>+ - + - + - + -<br>+ - + - + - + -</p>",a b b a a c c d d c,spanisch,100,10 Zehnzeiler,0,0,0,5,0,0,,,,,,
10.7,,,jambisch,[4 4 4 4 4 4 4 4 4 4],m m m m m m m m m m,- + - + - + - + || - + - + - + - + || - + - + - + - + || - + - + - + - + || - + - + - + - + || - + - + - + - + || - + - + - + - + || - + - + - + - + || - + - + - + - + || - + - + - + - +,"<p style=""font-family:'Lucida Console', monospace"">- + - + - + - +<br>- + - + - + - +<br>- + - + - + - +<br>- + - + - + - +<br>- + - + - + - +<br>- + - + - + - +<br>- + - + - + - +<br>- + - + - + - +<br>- + - + - + - +<br>- + - + - + - +</p>",a a b b c c d d e e,(altdeutsches) Kirchen-/Volkslied,104,10 Zehnzeiler,,,,,,,,,,,,
10.8,,,jambisch,[4 4 4 4 4 4 4 4 4 4],m w m w m m w m m w,- + - + - + - + || - + - + - + - + - || - + - + - + - + || - + - + - + - + - || - + - + - + - + || - + - + - + - + || - + - + - + - + - || - + - + - + - + || - + - + - + - + || - + - + - + - + -,"<p style=""font-family:'Lucida Console', monospace"">- + - + - + - +<br>- + - + - + - + -<br>- + - + - + - +<br>- + - + - + - + -<br>- + - + - + - +<br>- + - + - + - +<br>- + - + - + - + -<br>- + - + - + - +<br>- + - + - + - +<br>- + - + - + - + -</p>",a b a b c c d e e d,jüngere Prägung (keine spezifische Herkunft),102,10 Zehnzeiler,0,1,19,0,0,0,,,16,,,
10.9,,,jambisch,[4 4 4 4 4 4 4 4 4 4],w m w m w w m w w m,- + - + - + - + - || - + - + - + - + || - + - + - + - + - || - + - + - + - + || - + - + - + - + - || - + - + - + - + - || - + - + - + - + || - + - + - + - + - || - + - + - + - + - || - + - + - + - +,"<p style=""font-family:'Lucida Console', monospace"">- + - + - + - + -<br>- + - + - + - +<br>- + - + - + - + -<br>- + - + - + - +<br>- + - + - + - + -<br>- + - + - + - + -<br>- + - + - + - +<br>- + - + - + - + -<br>- + - + - + - + -<br>- + - + - + - +</p>",a b a b c c d e e d,jüngere Prägung (keine spezifische Herkunft),97,10 Zehnzeiler,0,0,20,0,1,0,,,14,,,
11.1,,,jambisch,[4 2 3 4 2 3 2 2 2 2 3],m m w m m w m m m m w,- + - + - + - + || - + - + || - + - + - + - || - + - + - + - + || - + - + || - + - + || - + - + || - + - + || - + - + - + -,"<p style=""font-family:'Lucida Console', monospace"">- + - + - + - +<br>- + - +<br>- + - + - + -<br>- + - + - + - +<br>- + - +<br>- + - +<br>- + - +<br>- + - +<br>- + - + - + -</p>",a a b c c b d d e e b/x,(altdeutsches) Kirchen-/Volkslied,79,11 Elfzeiler,13,3,1,0,0,0,15,,,,,
11.2,(Kanzonenstrophe),,jambisch,[5 3 5 5 3 5 3 5 3 5 5],w w w w w w w w w w w,- + - + - + - + - + - || - + - + - + - || - + - + - + - + - + - || - + - + - + - + - + - || - + - + - + - || - + - + - + - + - + - || - + - + - + - || - + - + - + - + - + - || - + - + - + - || - + - + - + - + - + - || - + - + - + - + - + -,"<p style=""font-family:'Lucida Console', monospace"">- + - + - + - + - + -<br>- + - + - + -<br>- + - + - + - + - + -<br>- + - + - + - + - + -<br>- + - + - + -<br>- + - + - + - + - + -<br>- + - + - + -<br>- + - + - + - + - + -<br>- + - + - + -<br>- + - + - + - + - + -<br>- + - + - + - + - + -</p>",a b c a b c c d d e e,italienisch,121,11 Elfzeiler,,,,,,,,,,,,
12.1,,,jambisch,[2 2 3 2 2 3 2 2 3 2 2 3],m m w m m w m m w m m w,- + - + || - + - + || - + - + - + - || - + - + || - + - + || - + - + - + - || - + - + || - + - + || - + - + - + - || - + - + || - + - + || - + - + - + -,"<p style=""font-family:'Lucida Console', monospace"">- + - +<br>- + - +<br>- + - + - + -<br>- + - +<br>- + - +<br>- + - + - + -<br>- + - +<br>- + - +<br>- + - + - + -<br>- + - +<br>- + - +<br>- + - + - + -</p>",a a b c c b d d e f f e,(altdeutsches) Kirchen-/Volkslied,62,12 Zwölfzeiler,19,3,0,0,0,0,13,,,,,
12.2,,,jambisch,[3 4 3 4 3 3 3 3 3 3 3 3],w m w m w m w m w m w m,- + - + - + - || - + - + - + - + || - + - + - + - || - + - + - + - + || - + - + - + - || - + - + - + || - + - + - + - || - + - + - + || - + - + - + - || - + - + - + || - + - + - + - || - + - + - +,"<p style=""font-family:'Lucida Console', monospace"">- + - + - + -<br>- + - + - + - +<br>- + - + - + -<br>- + - + - + - +<br>- + - + - + -<br>- + - + - +<br>- + - + - + -<br>- + - + - +<br>- + - + - + -<br>- + - + - +<br>- + - + - + -<br>- + - + - +</p>",a b a b c d c d e f e f,jüngere Prägung (keine spezifische Herkunft),94,12 Zwölfzeiler,2,7,0,0,0,0,,,,,,
12.3,,,heterometrisch,[4 4 3 4 4 3 1 1 2 2 2 4],m m w m m w w w w w w w,- + - + - + - + || - + - + - + - + || - + - + - + - || - + - + - + - + || - + - + - + - + || - + - + - + - || + - || + - || + - + - || + - + - || + - + - || + - + - + - + -,"<p style=""font-family:'Lucida Console', monospace"">- + - + - + - +<br>- + - + - + - +<br>- + - + - + -<br>- + - + - + - +<br>- + - + - + - +<br>- + - + - + -<br>&nbsp;&nbsp;+ -<br>&nbsp;&nbsp;+ -<br>&nbsp;&nbsp;+ - + -<br>&nbsp;&nbsp;+ - + -<br>&nbsp;&nbsp;+ - + -<br>&nbsp;&nbsp;+ - + - + - + -</p>",a a b c c b d d e e f f,jüngere Prägung (keine spezifische Herkunft),76,12 Zwölfzeiler,0,14,1,0,0,0,,17,,,,
12.4,,,jambisch,[4 4 3 4 4 3 4 4 3 4 4 3],m m w m m w m m w m m w,- + - + - + - + || - + - + - + - + || - + - + - + - || - + - + - + - + || - + - + - + - + || - + - + - + - || - + - + - + - + || - + - + - + - + || - + - + - + - || - + - + - + - + || - + - + - + - + || - + - + - + -,"<p style=""font-family:'Lucida Console', monospace"">- + - + - + - +<br>- + - + - + - +<br>- + - + - + -<br>- + - + - + - +<br>- + - + - + - +<br>- + - + - + -<br>- + - + - + - +<br>- + - + - + - +<br>- + - + - + -<br>- + - + - + - +<br>- + - + - + - +<br>- + - + - + -</p>",a a b c c b d d e f f e,(altdeutsches) Kirchen-/Volkslied,82,12 Zwölfzeiler,13,2,0,0,0,0,16,,,,,
12.5,,,trochäisch,[4 4 4 4 4 4 4 4 4 4 4 4],w m w m w m w m w m w m,+ - + - + - + - || + - + - + - + || + - + - + - + - || + - + - + - + || + - + - + - + - || + - + - + - + || + - + - + - + - || + - + - + - + || + - + - + - + - || + - + - + - + || + - + - + - + - || + - + - + - +,"<p style=""font-family:'Lucida Console', monospace"">+ - + - + - + -<br>+ - + - + - +<br>+ - + - + - + -<br>+ - + - + - +<br>+ - + - + - + -<br>+ - + - + - +<br>+ - + - + - + -<br>+ - + - + - +<br>+ - + - + - + -<br>+ - + - + - +<br>+ - + - + - + -<br>+ - + - + - +</p>",a b a b c d c d e f e f,jüngere Prägung (keine spezifische Herkunft),118,12 Zwölfzeiler,,,,,,,,,,,,
13.1,,,jambisch,[4 4 3 3 4 4 3 3 4 4 4 4 3],m m w w m m w w m m m m w,- + - + - + - + || - + - + - + - + || - + - + - + - || - + - + - + - || - + - + - + - + || - + - + - + - + || - + - + - + - || - + - + - + - || - + - + - + - + || - + - + - + - + || - + - + - + - + || - + - + - + - + || - + - + - + -,"<p style=""font-family:'Lucida Console', monospace"">- + - + - + - +<br>- + - + - + - +<br>- + - + - + -<br>- + - + - + -<br>- + - + - + - +<br>- + - + - + - +<br>- + - + - + -<br>- + - + - + -<br>- + - + - + - +<br>- + - + - + - +<br>- + - + - + - +<br>- + - + - + - +<br>- + - + - + -</p>",a a b b c c d d e e f f x,(altdeutsches) Kirchen-/Volkslied,106,13 Dreizehnzeiler,4,2,0,0,0,0,,,,,,
13.2,"'Bernerton', 'Eckenstrophe', 'Herzog-Ernst-Ton'",,jambisch,[4 4 3 4 4 3 4 3 4 3 4 3 3],m m w m m w m w m w m w m,- + - + - + - + || - + - + - + - + || - + - + - + - || - + - + - + - + || - + - + - + - + || - + - + - + - || - + - + - + - + || - + - + - + - || - + - + - + - + || - + - + - + - || - + - + - + - + || - + - + - + - || - + - + - +,"<p style=""font-family:'Lucida Console', monospace"">- + - + - + - +<br>- + - + - + - +<br>- + - + - + -<br>- + - + - + - +<br>- + - + - + - +<br>- + - + - + -<br>- + - + - + - +<br>- + - + - + -<br>- + - + - + - +<br>- + - + - + -<br>- + - + - + - +<br>- + - + - + -<br>- + - + - +</p>",a a b c c b d e d e f x f,(altdeutsches) Kirchen-/Volkslied,108,13 Dreizehnzeiler,6,0,0,0,0,0,23,,,,,
14.1,Schillerton,,jambisch,[4 4 3 4 4 3 4 3 4 3 5 3 3 3],m m w m m w m w m w w w m m,- + - + - + - + || - + - + - + - + || - + - + - + - || - + - + - + - + || - + - + - + - + || - + - + - + - || - + - + - + - + || - + - + - + - || - + - + - + - + || - + - + - + - || - + - + - + - + - + - || - + - + - + - || - + - + - + || - + - + - +,"<p style=""font-family:'Lucida Console', monospace"">- + - + - + - +<br>- + - + - + - +<br>- + - + - + -<br>- + - + - + - +<br>- + - + - + - +<br>- + - + - + -<br>- + - + - + - +<br>- + - + - + -<br>- + - + - + - +<br>- + - + - + -<br>- + - + - + - + - + -<br>- + - + - + -<br>- + - + - +<br>- + - + - +</p>",a a b c c b d e d e f f g g,(altdeutsches) Kirchen-/Volkslied,112,14 Vierzehnzeiler,4,0,0,0,0,0,,,,,,